날짜,코드,종가,외인지분율,외인_억,기관_억,개인_억
2025-07-14,120030,106600.0,0.9,-0.3,-0.0,0.3
2025-07-15,120030,106200.0,0.87,-0.8,0.0,0.7
2025-07-16,120030,104900.0,0.81,-0.4,0.0,0.4
2025-07-17,120030,104100.0,0.79,0.6,0.0,-0.6
2025-07-18,120030,103200.0,0.83,-0.3,0.0,0.3
2025-07-21,120030,103000.0,0.81,0.3,-0.0,-0.3
2025-07-22,120030,102900.0,0.83,-0.2,-0.0,0.2
2025-07-23,120030,102700.0,0.82,-0.2,-0.0,0.2
2025-07-24,120030,102300.0,0.8,-0.2,-0.0,0.2
2025-07-25,120030,101000.0,0.78,-0.4,0.0,0.4
2025-07-28,120030,101700.0,0.75,-0.6,0.0,0.6
2025-07-29,120030,101100.0,0.7,-0.0,-0.0,0.0
2025-07-30,120030,102000.0,0.7,0.0,-0.0,-0.0
2025-07-31,120030,103900.0,0.7,0.8,-0.0,-0.8
2025-08-01,120030,99600.0,0.77,-0.9,0.0,0.8
2025-08-04,120030,101700.0,0.71,0.4,-0.0,-0.4
2025-08-05,120030,100900.0,0.74,-0.1,0.0,0.1
2025-08-06,120030,101300.0,0.73,0.1,-0.0,-0.1
2025-08-07,120030,103800.0,0.83,-0.0,-0.0,0.1
2025-08-08,120030,103700.0,0.83,0.4,0.2,-0.6
2025-08-11,120030,101200.0,0.86,-0.7,0.1,0.6
2025-08-12,120030,102900.0,0.81,0.7,0.1,-0.8
2025-08-13,120030,102600.0,0.86,0.2,0.1,-0.2
2025-08-14,120030,102500.0,0.87,-0.3,0.0,0.3
2025-08-18,120030,100900.0,0.85,-0.5,0.1,0.5
2025-08-19,120030,99700.0,0.81,-0.2,0.1,0.1
2025-08-20,120030,98800.0,0.79,-0.2,0.0,0.2
2025-08-21,120030,99900.0,0.77,-0.0,0.2,-0.1
2025-08-22,120030,99800.0,0.77,-0.1,0.1,-0.1
2025-08-25,120030,100200.0,0.77,-0.2,0.0,0.1
2025-08-26,120030,99600.0,0.76,-0.0,0.0,0.0
2025-08-27,120030,100600.0,0.78,-0.1,0.0,0.1
2025-08-28,120030,101600.0,0.77,0.3,-0.0,-0.3
2025-08-29,120030,105500.0,0.8,0.9,-0.0,-0.8
2025-09-01,120030,103000.0,0.86,0.2,0.0,-0.2
2025-09-02,120030,104700.0,0.88,-0.9,-0.0,0.9
2025-09-03,120030,104200.0,0.81,-0.0,0.0,0.0
2025-09-04,120030,106300.0,0.81,0.4,-0.0,-0.3
2025-09-05,120030,106200.0,0.84,0.0,-0.0,-0.0
2025-09-08,120030,109100.0,0.84,0.1,-0.0,-0.1
2025-09-09,120030,131500.0,0.85,-4.5,-30.7,36.2
2025-09-10,120030,128200.0,0.59,0.5,0.3,-0.9
2025-09-11,120030,129000.0,0.62,-2.1,0.2,1.9
2025-09-12,120030,120100.0,0.5,1.1,0.1,-1.6
2025-09-15,120030,114300.0,0.58,2.4,0.7,-2.9
2025-09-16,120030,115400.0,0.74,-0.3,0.3,-0.2
2025-09-17,120030,112000.0,1.04,-4.6,-0.0,4.6
2025-09-18,120030,111000.0,0.72,2.8,0.0,-2.8
2025-09-19,120030,110400.0,0.92,-2.6,-1.0,3.6
2025-09-22,120030,110300.0,0.42,-1.9,-0.0,1.8
2025-09-23,120030,108000.0,0.28,-1.1,0.5,0.6
2025-09-24,120030,107600.0,0.2,0.2,-0.0,-0.2
2025-09-25,120030,107200.0,0.22,-0.2,0.0,0.2
2025-09-26,120030,104100.0,0.21,3.6,0.7,-4.3
2025-09-29,120030,105600.0,0.5,-0.6,-0.0,0.7
2025-09-30,120030,105400.0,0.46,0.4,-0.0,-0.4
2025-10-01,120030,106200.0,0.48,-0.5,-0.1,0.6
2025-10-02,120030,104800.0,0.44,-0.4,-0.0,0.4
2025-10-10,120030,103300.0,0.42,0.7,0.0,-0.8
2025-10-13,120030,103000.0,0.47,0.7,-0.0,-0.7
2025-10-14,120030,103300.0,0.53,1.2,-0.0,-1.1
2025-10-15,120030,105900.0,0.62,1.1,-0.0,-1.1
2025-10-16,120030,105200.0,0.7,-0.4,-0.0,0.4
2025-10-17,120030,103800.0,0.67,-0.5,-0.0,0.5
2025-10-20,120030,102900.0,0.63,0.6,0.0,-0.6
2025-10-21,120030,104000.0,0.68,0.5,-0.0,-0.4
2025-10-22,120030,104000.0,0.71,-0.4,0.0,0.4
2025-10-23,120030,101300.0,0.68,-0.0,0.0,0.0
2025-10-24,120030,103200.0,0.68,-0.4,-0.0,0.4
2025-10-27,120030,104200.0,0.65,-0.1,-0.0,0.1
2025-10-28,120030,101200.0,0.64,0.1,-1.1,1.0
2025-10-29,120030,101200.0,0.65,-0.4,-0.2,0.6
2025-10-30,120030,100200.0,0.62,-0.3,-0.0,0.4
2025-10-31,120030,99500.0,0.59,-0.2,-0.2,0.3
2025-11-03,120030,97600.0,0.58,-0.9,-0.3,1.0
2025-11-04,120030,97100.0,0.51,-0.1,0.0,0.0
2025-11-05,120030,95000.0,0.5,-1.1,-0.0,1.2
2025-11-06,120030,96400.0,0.41,0.8,0.2,-1.0
2025-11-07,120030,95100.0,0.47,0.2,0.2,-0.2
2025-11-10,120030,96700.0,0.49,1.3,0.2,-1.5
2025-11-11,120030,95600.0,0.6,-0.2,-0.2,0.4
2025-11-12,120030,97800.0,0.58,0.8,0.1,-0.9
2025-11-13,120030,99000.0,0.64,-0.1,0.2,-0.1
2025-11-14,120030,98500.0,0.63,-0.4,0.3,0.0
2025-11-17,120030,97600.0,0.6,-0.1,0.1,0.1
2025-11-18,120030,95200.0,0.59,0.3,0.2,-0.4
2025-11-19,120030,95600.0,0.61,-0.0,0.2,-0.2
2025-11-20,120030,97100.0,0.61,0.5,0.3,-0.8
2025-11-21,120030,96700.0,0.66,-0.2,0.2,-0.1
2025-11-24,120030,96200.0,0.64,-0.2,0.2,-0.0
2025-11-25,120030,95800.0,0.63,0.4,0.1,-0.5
2025-11-26,120030,97100.0,0.66,1.2,0.2,-1.4
2025-11-27,120030,98200.0,0.76,-0.0,0.2,-0.1
2025-11-28,120030,99000.0,0.75,0.3,0.2,-0.5
2025-12-01,120030,98900.0,0.77,-0.8,0.2,0.6
2025-12-02,120030,99200.0,0.71,0.3,0.2,-0.4
2025-12-03,120030,99200.0,0.73,-0.1,0.2,-0.0
2025-12-04,120030,98600.0,0.72,-0.2,0.3,-0.0
2025-12-05,120030,98500.0,0.7,0.3,0.1,-0.4
2025-12-08,120030,98500.0,0.72,0.2,0.2,-0.4
2025-12-09,120030,98900.0,0.74,0.1,0.2,-0.2
2025-12-10,120030,98900.0,0.74,0.3,0.2,-0.4
2025-12-11,120030,99300.0,0.77,0.8,0.2,-1.0
2025-12-12,120030,100900.0,0.83,0.2,-0.0,-0.2
2025-12-15,120030,100900.0,0.85,-0.5,0.4,0.1
2025-12-16,120030,98700.0,0.81,-0.8,0.1,0.8
2025-12-17,120030,98800.0,0.75,0.0,0.2,0.2
2025-12-18,120030,98700.0,0.75,0.2,0.2,-0.4
2025-12-19,120030,99600.0,0.77,0.7,0.2,-0.9
2025-12-22,120030,99400.0,0.82,-0.3,0.2,0.1
2025-12-23,120030,98600.0,0.8,-0.5,0.1,0.4
2025-12-24,120030,98000.0,0.76,0.2,0.1,-0.2
2025-12-26,120030,97100.0,0.77,-0.4,0.2,0.2
2025-12-29,120030,96300.0,0.73,0.7,-0.1,-0.6
2025-12-30,120030,96100.0,0.79,-0.1,0.0,0.1
2026-01-02,120030,96800.0,0.78,-0.2,0.2,-0.0
2026-01-05,120030,96700.0,0.77,-0.5,0.1,0.4
2026-01-06,120030,96100.0,0.72,-0.5,0.1,0.4
2026-01-07,120030,95300.0,0.68,-0.3,0.2,0.1
2026-01-08,120030,93600.0,0.65,-0.2,0.2,-0.0
2026-01-09,120030,96300.0,0.64,0.3,0.0,-0.3
2026-01-12,120030,96400.0,0.66,0.0,0.2,-0.2
2026-01-13,120030,96500.0,0.66,0.1,0.3,-0.1
2026-01-14,120030,97100.0,0.67,-0.3,0.9,-0.5
2026-01-15,120030,97600.0,0.64,-0.0,0.2,-0.3
2026-01-16,120030,97800.0,0.64,-0.2,0.3,-0.1
2026-01-19,120030,98600.0,0.62,1.2,0.2,-1.5
2026-01-20,120030,98800.0,0.72,0.3,0.2,-0.5
2026-01-21,120030,98000.0,0.74,-0.4,0.5,-0.2
2026-01-22,120030,98900.0,0.71,0.0,0.7,-0.8
2026-01-23,120030,99300.0,0.72,0.6,0.6,-1.1
2026-01-26,120030,99600.0,0.76,0.1,0.7,-0.7
2026-01-27,120030,99400.0,0.76,0.3,0.5,-0.8
2026-01-28,120030,99600.0,0.79,0.5,0.4,-0.8
2026-01-29,120030,99700.0,0.82,0.4,0.3,-0.7
2026-01-30,120030,100400.0,0.86,-0.2,1.1,-0.9
2026-02-02,120030,100900.0,0.84,-2.0,0.1,2.0
2026-02-03,120030,101000.0,0.68,-0.3,0.5,-0.2
2026-02-04,120030,101200.0,0.66,-0.2,0.4,-0.2
2026-02-05,120030,104700.0,0.64,-0.5,0.0,0.4
2026-02-06,120030,101600.0,0.6,-0.7,0.2,0.5
2026-02-09,120030,101600.0,0.55,-0.2,0.2,0.0
2026-02-10,120030,102600.0,0.54,0.1,0.4,-0.5
2026-02-11,120030,102000.0,0.55,0.0,0.8,-0.8
2026-02-12,120030,103900.0,0.55,0.1,0.2,-0.5
2026-02-13,120030,105300.0,0.55,-0.2,0.1,0.1
2026-02-19,120030,105500.0,0.54,-0.2,0.5,-0.3
2026-02-20,120030,105300.0,0.52,-0.4,0.9,-0.5
2026-02-23,120030,111700.0,0.49,2.1,0.0,-2.1
2026-02-24,120030,109300.0,0.64,-1.5,0.0,1.4
2026-02-25,120030,108200.0,0.53,-0.8,0.3,0.5
2026-02-26,120030,110800.0,0.49,-1.1,0.0,1.1
2026-02-27,120030,108400.0,0.41,-0.1,0.3,-0.1
2026-03-03,120030,102400.0,0.41,0.3,2.2,-2.5
2026-03-04,120030,93500.0,0.43,1.1,2.7,-3.8
2026-03-05,120030,100400.0,0.6,0.1,0.5,-1.0
2026-03-06,120030,100800.0,0.61,-0.3,0.0,0.2
2026-03-09,120030,98500.0,0.59,0.4,0.4,-0.3
2026-03-10,120030,101900.0,0.62,-0.3,0.6,-0.2
2026-03-11,120030,102500.0,0.59,-1.0,-0.0,1.1
2026-03-12,120030,103500.0,0.52,0.8,-0.0,-0.8
2026-03-13,120030,103700.0,0.58,0.1,0.0,-0.1
2026-03-16,120030,102900.0,0.57,-0.3,1.6,-1.3
2026-03-17,120030,101300.0,0.55,-0.3,0.2,0.1
2026-03-18,120030,101700.0,0.53,0.2,-0.2,-0.0
2026-03-19,120030,100000.0,0.55,0.2,-0.1,-0.0
2026-03-20,120030,102700.0,0.56,0.9,0.0,-1.0
2026-03-23,120030,99200.0,0.63,0.0,0.1,-0.2
2026-03-24,120030,100800.0,0.63,0.4,0.0,-0.6
2026-03-25,120030,101800.0,0.66,0.2,-0.0,-0.1
2026-03-26,120030,100400.0,0.67,0.0,-0.0,0.0
2026-03-27,120030,99300.0,0.67,0.1,0.1,-0.2
2026-03-30,120030,98500.0,0.68,-0.2,0.1,0.2
2026-03-31,120030,96400.0,0.66,-0.0,0.0,0.0
2026-04-01,120030,99400.0,0.66,0.3,-0.0,-0.3
2026-04-02,120030,96200.0,0.68,-0.2,0.1,0.1
2026-04-03,120030,98500.0,0.67,0.2,0.0,-0.2
2026-04-06,120030,98600.0,0.7,-0.1,-0.0,0.1
2026-04-07,120030,97800.0,0.69,-0.1,0.0,0.1
2026-04-08,120030,98800.0,0.68,-0.1,-0.0,0.1
2026-04-09,120030,98800.0,0.67,0.0,0.0,-0.1
2026-04-10,120030,99200.0,0.68,0.3,0.0,-0.3
2026-04-13,120030,99500.0,0.7,-0.0,0.0,0.0
2026-04-14,120030,100600.0,0.7,0.2,-0.0,-0.0
2026-04-15,120030,100600.0,0.72,-0.2,0.2,-0.0
2026-04-16,120030,100600.0,0.7,-0.0,0.2,-0.1
2026-04-17,120030,100300.0,0.7,-0.1,-0.0,0.1
2026-04-20,120030,99600.0,0.69,-0.1,-0.0,0.1
2026-04-21,120030,100400.0,0.68,-0.1,0.2,-0.1
2026-04-22,120030,100700.0,0.67,-0.2,0.5,-0.2
2026-04-23,120030,101100.0,0.65,0.3,0.2,-0.5
2026-04-24,120030,103100.0,0.67,-0.2,0.0,0.2
2026-04-27,120030,103500.0,0.66,-0.3,-0.0,0.3
2026-04-28,120030,103300.0,0.64,0.2,-0.0,-0.2
2026-04-29,120030,102600.0,0.65,-0.1,-0.0,0.1
2026-04-30,120030,101200.0,0.64,0.2,-0.0,-0.2
2026-05-04,120030,99500.0,0.65,-0.1,-0.2,0.3
2026-05-06,120030,98200.0,0.65,-0.5,0.0,0.5
2026-05-07,120030,98900.0,0.6,-0.6,0.0,0.5
2026-05-08,120030,98200.0,0.56,0.1,0.4,-0.4
2026-05-11,120030,96600.0,0.56,0.1,0.3,-0.3
2026-05-12,120030,96400.0,0.57,-0.2,0.1,0.1
2026-05-13,120030,95100.0,0.5,-0.4,0.5,-0.1
2026-05-14,120030,94700.0,0.46,0.2,-0.4,0.2
2026-05-15,120030,94400.0,0.48,-0.0,0.1,-0.1
2026-05-18,120030,94400.0,0.48,-0.1,0.2,-0.2
2026-05-19,120030,92500.0,0.48,0.1,-0.0,-0.1
2026-05-20,120030,90200.0,0.49,0.1,-0.0,-0.1
2026-05-21,120030,91500.0,0.49,-0.0,-0.0,0.1
2026-05-22,120030,93800.0,0.49,0.0,0.0,-0.1
2026-05-26,120030,96100.0,0.49,-0.6,-0.0,0.7
2026-05-27,120030,92700.0,0.44,-0.1,0.2,-0.1
2026-05-28,120030,91500.0,0.43,0.2,0.0,-0.3
2026-05-29,120030,90400.0,0.49,-0.2,0.0,0.2
2026-06-01,120030,88900.0,0.47,0.3,0.5,-0.8
2026-06-02,120030,89400.0,0.5,-0.3,0.0,0.3
2026-06-04,120030,89900.0,0.47,-0.1,-0.0,0.1
2026-06-05,120030,89900.0,0.46,-0.1,0.0,0.1
2026-06-08,120030,86900.0,0.45,-0.1,0.0,0.0
2026-06-09,120030,86900.0,0.44,0.1,0.1,-0.2
2026-06-10,120030,86600.0,0.45,-0.1,0.1,-0.1
2026-06-11,120030,87000.0,0.44,0.2,0.1,-0.3
2026-06-12,120030,89100.0,0.46,0.2,0.0,-0.2
2026-06-15,120030,90000.0,0.48,-0.4,0.6,-0.2
2026-06-16,120030,90400.0,0.45,0.1,0.5,-0.7
2026-06-17,120030,90400.0,0.46,0.2,0.3,-0.6
2026-06-18,120030,90000.0,0.48,-0.1,0.4,-0.3
2026-06-19,120030,89000.0,0.47,-0.1,-0.0,0.1
2026-06-22,120030,88000.0,0.46,-0.1,0.1,-0.1
2026-06-23,120030,85700.0,0.78,0.2,0.1,-0.3
2026-06-24,120030,86500.0,0.79,0.1,0.2,-0.3
2026-06-25,120030,86400.0,0.8,-0.0,0.0,-0.0
2026-06-26,120030,85100.0,0.8,-0.2,0.0,0.2
2026-06-29,120030,86800.0,0.78,0.1,0.1,-0.3
2026-06-30,120030,86900.0,0.8,0.0,-0.0,-0.0
2026-07-01,120030,86900.0,0.8,0.3,0.0,-0.3
2026-07-02,120030,87100.0,0.82,0.0,0.2,-0.2
2026-07-03,120030,87300.0,0.82,0.0,0.0,-0.0
2026-07-06,120030,87500.0,0.83,0.1,-0.0,-0.1
2026-07-07,120030,86800.0,0.84,0.2,0.0,-0.2
2026-07-08,120030,84600.0,0.86,0.0,0.0,-0.0
2026-07-09,120030,84900.0,0.86,0.0,-0.0,-0.0
2026-07-10,120030,86500.0,0.86,-0.1,-0.0,0.1
2026-07-13,120030,85800.0,0.85,-0.0,0.0,0.0
2026-07-14,120030,84800.0,1.12,0.1,0.0,-0.1
2026-07-15,120030,85800.0,1.11,0.0,-0.0,-0.0
2026-07-16,120030,85600.0,1.11,1.0,0.0,-1.0
2025-07-14,120110,45700.0,11.97,-15.4,-4.1,19.5
2025-07-15,120110,45750.0,11.83,1.7,-2.2,-0.1
2025-07-16,120110,46300.0,11.85,-17.1,21.8,-5.6
2025-07-17,120110,44200.0,11.71,5.3,-8.7,3.2
2025-07-18,120110,43500.0,11.76,55.0,-6.9,-49.8
2025-07-21,120110,44050.0,12.29,-6.7,9.3,-3.0
2025-07-22,120110,44400.0,12.2,0.9,11.7,-11.8
2025-07-23,120110,44200.0,12.22,-12.4,13.3,-2.0
2025-07-24,120110,43900.0,12.0,8.5,-1.9,-6.8
2025-07-25,120110,43650.0,12.29,4.8,2.9,-5.7
2025-07-28,120110,42500.0,12.37,28.3,-7.7,-20.4
2025-07-29,120110,41700.0,12.63,41.3,-15.9,-24.8
2025-07-30,120110,41300.0,13.02,15.7,-13.4,-1.9
2025-07-31,120110,41250.0,13.14,3.7,-3.4,0.1
2025-08-01,120110,39150.0,13.16,31.2,-16.1,-14.5
2025-08-04,120110,39000.0,13.39,0.8,-0.6,-1.6
2025-08-05,120110,39600.0,13.4,2.4,-11.2,8.7
2025-08-06,120110,39950.0,13.41,16.2,-8.7,-6.1
2025-08-07,120110,40400.0,13.56,-25.1,-9.3,34.3
2025-08-08,120110,40250.0,13.29,-8.7,6.0,2.5
2025-08-11,120110,36250.0,13.2,-23.2,-36.7,55.5
2025-08-12,120110,36000.0,12.92,14.9,-13.7,-0.9
2025-08-13,120110,36000.0,13.07,20.4,-15.8,-4.6
2025-08-14,120110,35700.0,13.34,13.4,-16.6,3.7
2025-08-18,120110,35500.0,13.45,9.6,-16.0,6.7
2025-08-19,120110,35250.0,13.55,-1.5,-1.5,2.9
2025-08-20,120110,35450.0,13.53,-1.3,-8.3,7.5
2025-08-21,120110,35600.0,12.96,-4.7,-0.3,5.3
2025-08-22,120110,35000.0,12.92,-3.9,-1.9,5.9
2025-08-25,120110,35350.0,12.88,1.7,0.2,-2.7
2025-08-26,120110,35650.0,12.92,-2.6,0.0,2.8
2025-08-27,120110,36100.0,13.03,-5.8,-5.7,13.6
2025-08-28,120110,36550.0,12.98,-15.4,9.3,3.8
2025-08-29,120110,36750.0,12.87,-13.2,2.9,9.5
2025-09-01,120110,36200.0,12.7,-6.7,9.0,-2.2
2025-09-02,120110,36000.0,12.65,-4.3,4.6,-0.2
2025-09-03,120110,37950.0,12.61,-9.3,14.2,-4.7
2025-09-04,120110,38200.0,12.56,-7.2,7.2,-4.7
2025-09-05,120110,38150.0,12.51,-5.5,5.2,0.2
2025-09-08,120110,38100.0,12.46,0.6,-4.1,3.6
2025-09-09,120110,38000.0,12.47,-2.5,2.0,0.7
2025-09-10,120110,38050.0,12.43,-1.0,5.7,-6.7
2025-09-11,120110,38250.0,12.43,-10.9,13.6,-3.1
2025-09-12,120110,38500.0,12.32,-8.5,-0.5,9.4
2025-09-15,120110,38950.0,12.23,6.9,-2.9,-4.3
2025-09-16,120110,38300.0,12.29,-7.7,-2.3,10.0
2025-09-17,120110,38250.0,12.14,2.2,3.2,-3.5
2025-09-18,120110,38700.0,12.16,4.7,-1.1,-3.6
2025-09-19,120110,38150.0,12.2,7.1,-10.3,4.2
2025-09-22,120110,37050.0,12.27,12.5,-1.9,-9.6
2025-09-23,120110,36600.0,12.38,17.6,-16.3,-0.5
2025-09-24,120110,36100.0,12.55,4.5,-1.8,-2.6
2025-09-25,120110,35850.0,12.6,4.9,-9.6,4.3
2025-09-26,120110,34950.0,12.68,1.2,-4.1,2.4
2025-09-29,120110,34550.0,12.67,11.3,-11.7,0.0
2025-09-30,120110,34000.0,12.79,2.0,-3.3,1.0
2025-10-01,120110,34250.0,12.81,2.2,-2.2,0.6
2025-10-02,120110,34700.0,12.83,0.8,-1.0,-0.0
2025-10-10,120110,35050.0,12.78,2.1,-9.0,5.9
2025-10-13,120110,35050.0,12.78,4.2,-4.5,0.5
2025-10-14,120110,34850.0,12.82,2.0,-6.2,3.8
2025-10-15,120110,35200.0,12.84,-1.4,-2.3,3.4
2025-10-16,120110,35650.0,12.83,2.4,-0.7,-1.8
2025-10-17,120110,35250.0,12.85,12.3,-7.0,-5.2
2025-10-20,120110,35900.0,12.99,2.1,-2.3,-0.1
2025-10-21,120110,35450.0,13.04,4.4,-1.7,-2.2
2025-10-22,120110,37750.0,13.08,-0.9,17.4,-16.7
2025-10-23,120110,37150.0,13.07,-11.7,7.3,4.4
2025-10-24,120110,37500.0,12.95,-2.3,4.0,-2.5
2025-10-27,120110,36850.0,12.93,7.6,-11.1,3.0
2025-10-28,120110,37050.0,13.03,9.7,-4.6,-4.9
2025-10-29,120110,37100.0,13.12,7.2,-3.5,-3.4
2025-10-30,120110,36200.0,13.15,0.0,-4.7,4.3
2025-10-31,120110,35600.0,13.13,-8.5,-1.6,9.9
2025-11-03,120110,35450.0,13.04,13.1,-5.8,-8.4
2025-11-04,120110,35650.0,13.18,30.3,-2.3,-28.0
2025-11-05,120110,34500.0,13.52,-14.1,-2.5,14.8
2025-11-06,120110,35400.0,13.34,5.1,4.0,-9.2
2025-11-07,120110,34450.0,13.39,-12.7,-1.5,13.4
2025-11-10,120110,36150.0,13.24,12.2,5.2,-17.6
2025-11-11,120110,36100.0,13.36,6.1,-1.3,-4.2
2025-11-12,120110,41150.0,13.42,15.6,21.2,-35.9
2025-11-13,120110,42350.0,13.65,-20.2,92.3,-66.3
2025-11-14,120110,42000.0,13.55,13.7,21.8,-37.2
2025-11-17,120110,46000.0,13.58,-10.9,95.0,-84.2
2025-11-18,120110,43950.0,13.47,-5.0,26.1,-19.0
2025-11-19,120110,42600.0,13.37,5.5,29.9,-34.8
2025-11-20,120110,43750.0,13.42,-14.7,21.3,-6.8
2025-11-21,120110,41050.0,13.28,15.1,-6.2,-8.6
2025-11-24,120110,39700.0,13.43,-25.8,5.8,18.5
2025-11-25,120110,39450.0,13.17,0.9,-7.3,6.6
2025-11-26,120110,40050.0,12.98,-3.6,13.1,-9.0
2025-11-27,120110,40700.0,12.95,-15.1,19.2,-4.1
2025-11-28,120110,40800.0,12.93,-10.7,-1.0,11.9
2025-12-01,120110,40600.0,13.22,8.2,-1.1,-6.8
2025-12-02,120110,42900.0,13.28,-7.4,30.0,-23.4
2025-12-03,120110,45000.0,13.23,-9.1,15.2,-6.0
2025-12-04,120110,45800.0,13.11,-15.9,24.1,-7.8
2025-12-05,120110,44900.0,13.0,-25.8,0.7,24.6
2025-12-08,120110,43000.0,12.2,23.1,0.4,-17.8
2025-12-09,120110,45350.0,12.35,-0.5,17.6,-16.2
2025-12-10,120110,46750.0,12.36,7.5,2.1,-10.4
2025-12-11,120110,45100.0,12.13,17.6,-33.0,16.0
2025-12-12,120110,46400.0,12.25,-15.7,18.3,-2.3
2025-12-15,120110,45600.0,12.17,-3.0,4.3,-0.9
2025-12-16,120110,44700.0,12.13,-3.0,4.2,-1.8
2025-12-17,120110,46800.0,11.86,-4.5,12.6,-7.8
2025-12-18,120110,46450.0,11.78,-10.6,1.8,8.7
2025-12-19,120110,45950.0,11.6,2.5,11.3,-13.7
2025-12-22,120110,46450.0,11.69,0.2,9.5,-10.4
2025-12-23,120110,46200.0,11.36,-3.8,2.9,0.2
2025-12-24,120110,46150.0,11.37,1.2,12.4,-13.5
2025-12-26,120110,46300.0,11.39,-8.5,14.1,-5.0
2025-12-29,120110,44800.0,11.35,-7.9,-2.7,12.5
2025-12-30,120110,44850.0,11.17,-0.7,9.7,-8.3
2026-01-02,120110,42500.0,10.74,2.8,-14.1,11.0
2026-01-05,120110,42450.0,10.73,38.1,-45.9,7.7
2026-01-06,120110,42350.0,11.12,26.9,-38.6,14.2
2026-01-07,120110,42150.0,11.52,40.5,-45.2,4.4
2026-01-08,120110,41150.0,11.87,11.5,-18.1,7.0
2026-01-09,120110,41050.0,11.95,-0.0,-2.1,-0.5
2026-01-12,120110,43650.0,11.97,18.7,-8.9,-10.1
2026-01-13,120110,47700.0,12.14,96.1,-37.9,-55.5
2026-01-14,120110,45850.0,13.07,-17.5,2.9,14.5
2026-01-15,120110,45700.0,12.82,-2.7,-5.1,6.7
2026-01-16,120110,43650.0,12.41,27.3,-22.5,-4.9
2026-01-19,120110,42550.0,12.61,-6.3,-15.6,20.0
2026-01-20,120110,43700.0,12.44,3.9,-4.3,0.3
2026-01-21,120110,44100.0,12.53,8.4,2.9,-10.8
2026-01-22,120110,46650.0,12.35,21.0,-5.2,-16.8
2026-01-23,120110,47300.0,12.58,5.8,-5.1,-0.1
2026-01-26,120110,49100.0,12.63,0.4,-3.2,4.8
2026-01-27,120110,49450.0,12.77,-8.9,19.5,-10.3
2026-01-28,120110,49300.0,12.64,1.4,12.7,-13.5
2026-01-29,120110,54300.0,12.55,9.0,25.2,-31.0
2026-01-30,120110,55000.0,12.66,-68.5,15.8,53.4
2026-02-02,120110,52900.0,12.25,-24.5,-4.3,27.4
2026-02-03,120110,57300.0,11.31,-39.8,18.3,11.6
2026-02-04,120110,60400.0,10.98,-40.0,-1.9,41.4
2026-02-05,120110,58100.0,10.57,-21.8,3.6,12.3
2026-02-06,120110,55400.0,10.4,8.5,-14.1,5.2
2026-02-09,120110,62600.0,10.41,-11.5,53.9,-45.1
2026-02-10,120110,61800.0,10.33,-12.9,18.3,-5.9
2026-02-11,120110,61500.0,9.82,9.1,23.4,-31.9
2026-02-12,120110,62700.0,9.79,15.9,-17.2,4.0
2026-02-13,120110,62700.0,9.9,-10.5,34.0,-23.2
2026-02-19,120110,63200.0,9.86,-14.5,25.3,-8.3
2026-02-20,120110,61800.0,9.76,6.4,8.7,-14.0
2026-02-23,120110,61200.0,9.82,28.8,0.9,-28.8
2026-02-24,120110,61700.0,9.8,34.9,5.0,-39.3
2026-02-25,120110,64300.0,10.03,36.5,85.3,-109.9
2026-02-26,120110,67100.0,10.34,-78.8,124.4,-44.9
2026-02-27,120110,67600.0,9.88,-6.4,5.8,4.2
2026-03-03,120110,67400.0,9.85,32.3,65.9,-97.3
2026-03-04,120110,55700.0,10.05,10.2,71.2,-84.7
2026-03-05,120110,61400.0,10.21,0.1,3.2,-1.6
2026-03-06,120110,62900.0,10.16,-4.7,21.1,-21.8
2026-03-09,120110,57500.0,10.06,28.7,-5.1,-25.1
2026-03-10,120110,61800.0,10.28,-33.2,55.4,-22.0
2026-03-11,120110,71900.0,10.01,-41.3,118.3,-83.6
2026-03-12,120110,72500.0,10.45,-114.6,-11.8,122.6
2026-03-13,120110,75000.0,10.22,-85.2,51.6,30.4
2026-03-16,120110,71200.0,9.9,-37.0,4.8,36.3
2026-03-17,120110,70100.0,9.56,-1.4,-0.2,0.4
2026-03-18,120110,71000.0,9.44,5.1,-23.5,16.6
2026-03-19,120110,70500.0,9.52,-10.7,23.1,-12.9
2026-03-20,120110,70100.0,9.43,-18.5,25.1,-5.1
2026-03-23,120110,66500.0,9.38,10.9,17.4,-23.8
2026-03-24,120110,73400.0,9.56,53.4,66.8,-101.2
2026-03-25,120110,78800.0,9.9,-27.0,194.0,-179.2
2026-03-26,120110,80500.0,9.78,15.1,127.8,-144.1
2026-03-27,120110,80000.0,10.01,-41.7,3.3,28.4
2026-03-30,120110,77500.0,9.78,-22.4,15.3,9.1
2026-03-31,120110,73000.0,9.7,13.6,-10.2,-9.3
2026-04-01,120110,83000.0,9.76,-72.0,153.5,-76.3
2026-04-02,120110,79300.0,9.45,-17.7,37.3,-19.5
2026-04-03,120110,81400.0,9.4,-26.4,21.9,-7.9
2026-04-06,120110,83000.0,9.24,-20.2,65.6,-45.6
2026-04-07,120110,77400.0,9.19,5.5,10.1,-12.7
2026-04-08,120110,83300.0,9.27,-18.0,57.3,-39.2
2026-04-09,120110,90000.0,9.21,-37.9,109.1,-72.4
2026-04-10,120110,87400.0,9.06,-22.1,-3.2,25.6
2026-04-13,120110,87900.0,8.95,12.0,-9.4,-4.3
2026-04-14,120110,91000.0,9.06,39.4,20.2,-58.2
2026-04-15,120110,89600.0,9.18,13.2,18.5,-30.9
2026-04-16,120110,87500.0,8.94,10.4,-34.5,25.1
2026-04-17,120110,86400.0,11.04,25.8,-0.4,-19.5
2026-04-20,120110,87100.0,11.72,-2.5,18.8,-21.9
2026-04-21,120110,87700.0,11.58,-20.8,151.8,-128.9
2026-04-22,120110,88400.0,11.62,-18.9,11.4,12.8
2026-04-23,120110,89300.0,11.6,-17.7,82.8,-64.9
2026-04-24,120110,87400.0,11.58,-36.5,30.6,8.9
2026-04-27,120110,90000.0,11.38,38.3,48.3,-84.8
2026-04-28,120110,100000.0,11.52,320.4,80.1,-382.7
2026-04-29,120110,100900.0,12.74,-90.6,64.8,26.5
2026-04-30,120110,94100.0,12.24,-76.6,-43.7,121.9
2026-05-04,120110,93800.0,11.88,38.6,-96.8,53.4
2026-05-06,120110,95600.0,12.03,76.1,-76.7,6.8
2026-05-07,120110,94900.0,12.36,-34.0,23.8,15.3
2026-05-08,120110,91900.0,12.23,-33.2,25.5,8.3
2026-05-11,120110,88200.0,12.09,-58.1,24.9,39.2
2026-05-12,120110,86400.0,11.68,155.5,-1.5,-154.2
2026-05-13,120110,85700.0,12.96,-3.1,27.3,-17.5
2026-05-14,120110,87600.0,12.97,-37.8,55.1,-17.1
2026-05-15,120110,79900.0,12.81,241.3,-147.4,-84.1
2026-05-18,120110,78500.0,13.63,92.2,-56.4,-33.4
2026-05-19,120110,74600.0,14.02,52.2,-25.5,-25.3
2026-05-20,120110,71000.0,14.31,182.9,-131.6,-52.1
2026-05-21,120110,76500.0,15.32,12.6,18.7,-35.3
2026-05-22,120110,77700.0,15.37,17.7,-26.2,10.1
2026-05-26,120110,76500.0,15.22,69.8,-75.6,4.3
2026-05-27,120110,74800.0,15.53,48.5,-21.1,-25.1
2026-05-28,120110,72200.0,15.72,75.2,-46.9,-26.9
2026-05-29,120110,71800.0,16.02,36.9,4.9,-37.6
2026-06-01,120110,70700.0,16.23,32.9,-0.7,-30.4
2026-06-02,120110,66200.0,16.41,52.1,-38.2,-15.5
2026-06-04,120110,67100.0,16.7,37.3,-23.6,-13.4
2026-06-05,120110,65900.0,16.89,19.8,10.6,-28.5
2026-06-08,120110,60700.0,17.05,129.5,-162.2,28.1
2026-06-09,120110,64100.0,17.78,90.6,-37.8,-37.1
2026-06-10,120110,69000.0,18.27,-21.5,71.5,-40.3
2026-06-11,120110,71900.0,18.09,10.5,-6.7,2.5
2026-06-12,120110,73800.0,18.09,29.2,-8.0,-18.3
2026-06-15,120110,72300.0,18.12,20.0,-23.7,5.8
2026-06-16,120110,72900.0,18.17,21.5,-14.0,-9.0
2026-06-17,120110,71100.0,18.27,13.9,-14.5,0.2
2026-06-18,120110,66300.0,18.34,54.1,-58.8,2.1
2026-06-19,120110,63600.0,18.7,61.0,-43.6,-16.7
2026-06-22,120110,64500.0,18.97,52.0,24.4,-75.3
2026-06-23,120110,66500.0,19.31,-112.2,50.2,64.1
2026-06-24,120110,66200.0,18.77,-65.5,68.4,-3.1
2026-06-25,120110,61400.0,18.39,-12.6,9.4,3.9
2026-06-26,120110,56700.0,18.28,56.1,-38.7,-14.7
2026-06-29,120110,61100.0,18.69,-5.3,19.8,-14.4
2026-06-30,120110,60200.0,18.55,-23.7,26.9,-4.1
2026-07-01,120110,62100.0,18.44,3.5,-2.7,-0.8
2026-07-02,120110,60200.0,18.44,2.6,14.6,-17.7
2026-07-03,120110,59400.0,18.61,3.6,-0.1,-3.1
2026-07-06,120110,57500.0,18.61,5.7,4.1,-6.9
2026-07-07,120110,59100.0,18.69,-4.1,31.9,-27.8
2026-07-08,120110,56100.0,18.7,-1.4,7.6,-6.2
2026-07-09,120110,54500.0,18.69,42.3,-32.4,-9.8
2026-07-10,120110,55900.0,18.94,12.2,-9.0,-3.1
2026-07-13,120110,53400.0,18.94,7.2,-3.6,-3.3
2026-07-14,120110,51700.0,19.02,10.6,-2.4,-8.0
2026-07-15,120110,53100.0,19.06,9.5,-10.9,1.5
2026-07-16,120110,53600.0,19.06,14.7,-8.8,-5.8
2025-07-14,120115,26000.0,7.57,-1.5,2.8,-1.3
2025-07-15,120115,25700.0,7.35,-1.8,-0.6,2.3
2025-07-16,120115,25750.0,7.1,0.4,1.3,-1.7
2025-07-17,120115,25250.0,7.15,0.1,-0.0,0.2
2025-07-18,120115,24550.0,7.16,-2.1,0.3,1.8
2025-07-21,120115,24450.0,6.85,-0.4,-0.0,0.4
2025-07-22,120115,24700.0,6.8,0.6,0.5,-1.0
2025-07-23,120115,24500.0,6.89,-0.3,0.5,-0.3
2025-07-24,120115,24550.0,6.85,-0.7,0.5,0.2
2025-07-25,120115,24650.0,6.74,-0.2,0.6,-0.4
2025-07-28,120115,24000.0,6.72,-0.9,0.3,0.5
2025-07-29,120115,23250.0,6.59,2.2,-2.8,0.6
2025-07-30,120115,23500.0,6.92,0.0,0.3,-0.3
2025-07-31,120115,23300.0,6.93,-0.2,0.6,-0.4
2025-08-01,120115,22500.0,6.9,-0.2,0.5,-0.3
2025-08-04,120115,23100.0,6.87,0.1,0.5,-0.5
2025-08-05,120115,23500.0,6.88,-0.3,0.5,-0.2
2025-08-06,120115,24000.0,6.84,-0.5,0.5,0.0
2025-08-07,120115,24250.0,6.76,-0.8,-0.1,0.9
2025-08-08,120115,24300.0,6.64,-0.2,0.5,-0.2
2025-08-11,120115,22750.0,6.6,-0.3,-0.5,0.8
2025-08-12,120115,22850.0,6.55,0.0,0.4,-0.5
2025-08-13,120115,22950.0,6.56,-0.3,0.3,-0.0
2025-08-14,120115,22750.0,6.52,0.1,-0.0,-0.0
2025-08-18,120115,22600.0,6.53,0.6,0.0,-0.6
2025-08-19,120115,22950.0,6.62,-0.2,0.7,-0.4
2025-08-20,120115,22850.0,6.58,0.5,0.4,-0.8
2025-08-21,120115,22900.0,6.66,0.3,0.4,-0.7
2025-08-22,120115,22900.0,6.71,-0.2,0.5,-0.3
2025-08-25,120115,22850.0,6.68,-0.3,0.5,-0.2
2025-08-26,120115,22600.0,7.16,0.0,0.0,-0.1
2025-08-27,120115,22750.0,7.65,-0.0,0.0,0.0
2025-08-28,120115,22700.0,7.65,0.0,-0.0,-0.0
2025-08-29,120115,22650.0,7.65,-0.1,0.0,0.1
2025-09-01,120115,22300.0,7.85,-0.2,-0.0,0.2
2025-09-02,120115,22400.0,7.29,0.1,-0.0,-0.1
2025-09-03,120115,22700.0,7.04,-0.2,0.0,0.1
2025-09-04,120115,22750.0,7.02,-0.0,0.0,0.0
2025-09-05,120115,22900.0,7.01,0.1,-0.0,-0.1
2025-09-08,120115,22850.0,6.81,0.0,0.6,-0.6
2025-09-09,120115,23200.0,6.82,0.2,0.7,-0.9
2025-09-10,120115,23200.0,6.85,0.4,0.5,-0.9
2025-09-11,120115,23300.0,6.91,-0.2,-0.2,0.4
2025-09-12,120115,23250.0,6.88,-0.1,0.7,-0.6
2025-09-15,120115,23650.0,6.86,-0.1,0.7,-0.6
2025-09-16,120115,23750.0,6.85,-0.2,0.7,-0.4
2025-09-17,120115,23900.0,6.81,-0.1,0.4,-0.3
2025-09-18,120115,24000.0,6.29,0.1,0.4,-0.4
2025-09-19,120115,24000.0,6.31,-0.2,0.4,-0.1
2025-09-22,120115,23900.0,6.28,-0.1,0.5,-0.4
2025-09-23,120115,23800.0,6.27,-0.1,0.6,-0.4
2025-09-24,120115,23800.0,6.25,-0.4,0.4,0.1
2025-09-25,120115,23450.0,6.19,-0.2,-0.2,0.3
2025-09-26,120115,23300.0,6.16,-0.1,0.4,-0.3
2025-09-29,120115,23000.0,6.16,0.0,0.6,-0.6
2025-09-30,120115,22800.0,5.95,-0.1,0.0,0.1
2025-10-01,120115,22850.0,5.93,-0.1,-0.0,0.1
2025-10-02,120115,23000.0,5.92,0.0,-0.1,0.1
2025-10-10,120115,23100.0,5.9,-0.1,0.3,-0.2
2025-10-13,120115,22750.0,5.89,0.1,-0.9,0.7
2025-10-14,120115,23000.0,5.9,-0.3,0.4,-0.0
2025-10-15,120115,23200.0,5.85,0.4,1.0,-1.3
2025-10-16,120115,22950.0,5.91,-0.1,-0.1,0.2
2025-10-17,120115,22800.0,5.9,-0.0,-0.0,0.0
2025-10-20,120115,22850.0,5.9,0.1,-0.0,0.1
2025-10-21,120115,22950.0,5.92,0.1,-0.1,0.1
2025-10-22,120115,23600.0,5.94,0.7,0.4,-1.1
2025-10-23,120115,23600.0,6.05,-0.1,-0.1,0.2
2025-10-24,120115,23750.0,6.05,-0.1,-0.0,0.1
2025-10-27,120115,23550.0,6.02,0.4,0.2,-0.5
2025-10-28,120115,23450.0,6.08,-0.2,-0.1,0.5
2025-10-29,120115,23250.0,6.06,-0.1,-0.1,0.2
2025-10-30,120115,23000.0,6.04,-0.2,-0.1,0.3
2025-10-31,120115,22750.0,6.0,-0.1,-0.6,0.7
2025-11-03,120115,22600.0,5.99,0.3,0.2,-0.6
2025-11-04,120115,22700.0,6.04,-0.3,-0.3,0.6
2025-11-05,120115,22550.0,5.99,-0.0,0.1,0.3
2025-11-06,120115,22800.0,5.99,-0.2,-0.3,0.3
2025-11-07,120115,22600.0,5.95,-0.2,-0.0,0.2
2025-11-10,120115,23150.0,5.92,0.3,0.0,-0.3
2025-11-11,120115,23100.0,5.97,0.0,-0.1,0.1
2025-11-12,120115,23950.0,5.98,0.2,0.4,-0.9
2025-11-13,120115,24350.0,6.01,-0.4,0.1,0.1
2025-11-14,120115,24200.0,5.95,-0.4,-0.5,0.9
2025-11-17,120115,25050.0,5.88,0.3,0.4,-0.5
2025-11-18,120115,24450.0,5.92,-0.6,1.4,-0.8
2025-11-19,120115,24300.0,5.84,-0.1,-0.2,0.3
2025-11-20,120115,24700.0,5.82,0.3,0.2,-0.5
2025-11-21,120115,24100.0,5.86,0.2,-1.1,0.9
2025-11-24,120115,23900.0,5.89,-0.2,-0.0,0.2
2025-11-25,120115,23800.0,5.86,-0.1,-0.1,0.2
2025-11-26,120115,24100.0,5.84,0.0,-0.1,0.0
2025-11-27,120115,24200.0,5.85,0.2,-0.0,-0.2
2025-11-28,120115,24200.0,5.88,0.0,-0.3,0.3
2025-12-01,120115,24200.0,5.89,-0.1,-0.0,0.1
2025-12-02,120115,24700.0,5.88,1.1,0.3,-1.4
2025-12-03,120115,25000.0,6.04,0.8,-0.3,-0.6
2025-12-04,120115,25150.0,6.16,-0.0,0.1,-0.1
2025-12-05,120115,25100.0,6.16,-0.5,-0.3,0.8
2025-12-08,120115,24600.0,6.08,-0.2,-1.0,1.2
2025-12-09,120115,25200.0,6.05,0.5,0.1,-0.7
2025-12-10,120115,25400.0,6.12,1.2,0.4,-1.6
2025-12-11,120115,25050.0,6.28,-0.1,-0.0,0.1
2025-12-12,120115,25450.0,6.26,-0.3,-0.0,0.3
2025-12-15,120115,25350.0,6.22,0.3,-1.0,0.7
2025-12-16,120115,25100.0,6.26,-0.6,-0.0,0.9
2025-12-17,120115,25500.0,6.53,0.0,0.2,-0.2
2025-12-18,120115,25300.0,6.53,-0.2,-0.2,0.5
2025-12-19,120115,25350.0,6.5,-0.1,-0.0,0.1
2025-12-22,120115,25850.0,6.48,0.7,0.1,-0.7
2025-12-23,120115,25950.0,6.58,0.2,0.2,-0.4
2025-12-24,120115,25850.0,6.61,-0.7,0.1,0.6
2025-12-26,120115,26000.0,6.19,-0.8,-0.1,1.0
2025-12-29,120115,25400.0,6.08,-2.3,-0.0,2.2
2025-12-30,120115,25400.0,5.76,-0.4,-0.0,0.4
2026-01-02,120115,24650.0,5.7,-0.5,-0.0,0.5
2026-01-05,120115,24400.0,5.63,-0.1,-0.1,0.2
2026-01-06,120115,24400.0,6.08,1.1,-0.2,-0.9
2026-01-07,120115,24300.0,6.25,-0.2,-0.2,0.4
2026-01-08,120115,24000.0,6.22,-0.1,-0.0,0.1
2026-01-09,120115,23950.0,6.2,0.1,-0.1,-0.0
2026-01-12,120115,24550.0,6.22,0.2,-0.1,-0.1
2026-01-13,120115,25850.0,6.26,2.7,-0.7,-2.0
2026-01-14,120115,25500.0,6.64,-0.4,-0.1,0.5
2026-01-15,120115,25350.0,6.58,-0.1,-0.0,0.0
2026-01-16,120115,25050.0,6.58,0.2,-0.1,0.1
2026-01-19,120115,25100.0,6.6,0.6,-0.0,-0.4
2026-01-20,120115,25450.0,6.69,-0.0,-0.3,0.3
2026-01-21,120115,25300.0,6.68,-0.2,0.0,0.2
2026-01-22,120115,25900.0,6.64,0.6,0.0,-0.5
2026-01-23,120115,25950.0,6.72,0.1,0.3,-0.4
2026-01-26,120115,26350.0,6.74,0.9,-0.1,-0.8
2026-01-27,120115,26200.0,6.87,-0.3,0.3,-0.8
2026-01-28,120115,26100.0,6.83,-0.2,0.1,0.0
2026-01-29,120115,27250.0,6.8,1.8,0.4,-2.5
2026-01-30,120115,27250.0,7.05,0.6,0.0,-0.6
2026-02-02,120115,26000.0,7.12,-2.3,-0.0,2.2
2026-02-03,120115,26850.0,6.81,0.2,-0.1,-0.3
2026-02-04,120115,27350.0,6.83,1.9,-0.1,-1.7
2026-02-05,120115,27250.0,7.08,-0.3,-0.1,0.6
2026-02-06,120115,26400.0,7.04,-0.9,0.0,0.9
2026-02-09,120115,27750.0,6.92,2.4,-0.1,-2.2
2026-02-10,120115,27600.0,7.23,0.1,-0.0,-0.1
2026-02-11,120115,27850.0,7.25,-0.4,-0.0,0.4
2026-02-12,120115,28100.0,7.2,-0.2,0.0,0.2
2026-02-13,120115,28100.0,7.18,-0.1,-0.0,0.4
2026-02-19,120115,28500.0,7.16,-0.1,-0.0,0.1
2026-02-20,120115,28450.0,7.16,0.0,0.0,0.3
2026-02-23,120115,28300.0,7.2,-0.3,-0.0,0.7
2026-02-24,120115,28300.0,7.12,0.0,0.0,-0.0
2026-02-25,120115,28900.0,7.13,0.9,0.0,-1.0
2026-02-26,120115,29350.0,7.24,-1.5,-0.0,1.7
2026-02-27,120115,29350.0,7.06,-0.7,-0.0,0.7
2026-03-03,120115,28800.0,6.96,-0.6,0.1,0.6
2026-03-04,120115,25750.0,6.89,-0.2,-0.0,0.2
2026-03-05,120115,27700.0,6.86,0.3,0.0,-0.3
2026-03-06,120115,27700.0,6.9,-0.4,-0.0,0.4
2026-03-09,120115,26000.0,6.85,1.0,0.0,-1.0
2026-03-10,120115,26900.0,6.99,0.1,0.0,-0.1
2026-03-11,120115,28900.0,7.0,0.6,-0.0,-0.9
2026-03-12,120115,28250.0,7.56,-1.4,0.1,0.7
2026-03-13,120115,28250.0,7.39,-1.0,-0.1,1.3
2026-03-16,120115,27700.0,7.26,-0.2,0.0,-0.7
2026-03-17,120115,27700.0,7.23,-0.2,0.8,-0.7
2026-03-18,120115,27700.0,7.21,-0.2,-0.0,0.1
2026-03-19,120115,27150.0,7.19,0.6,0.1,-0.7
2026-03-20,120115,27150.0,7.27,0.4,-0.0,-0.2
2026-03-23,120115,26150.0,7.32,0.2,0.0,-0.2
2026-03-24,120115,27950.0,7.34,1.3,0.3,-1.5
2026-03-25,120115,28850.0,7.51,-0.3,-0.1,0.4
2026-03-26,120115,28950.0,7.47,-0.2,-0.1,0.4
2026-03-27,120115,28200.0,7.44,-0.3,-0.0,0.3
2026-03-30,120115,27800.0,7.41,-0.6,-0.0,0.6
2026-03-31,120115,26650.0,7.33,-0.2,-0.1,0.4
2026-04-01,120115,28800.0,7.3,2.7,-0.3,-2.2
2026-04-02,120115,27950.0,7.65,0.3,0.0,-0.3
2026-04-03,120115,28650.0,7.69,0.4,-0.0,-0.3
2026-04-06,120115,28800.0,7.74,0.1,0.0,-0.1
2026-04-07,120115,27850.0,7.76,0.4,-0.1,-0.4
2026-04-08,120115,28900.0,7.81,0.4,-0.0,-0.4
2026-04-09,120115,29500.0,7.86,1.1,0.0,-1.1
2026-04-10,120115,29100.0,8.0,-0.0,1.8,-1.8
2026-04-13,120115,28800.0,8.0,-0.2,-0.1,0.2
2026-04-14,120115,29400.0,7.98,0.5,0.0,-0.5
2026-04-15,120115,29400.0,8.04,-0.6,-0.9,1.4
2026-04-16,120115,29050.0,7.97,0.0,-0.0,0.1
2026-04-17,120115,29200.0,7.97,0.1,-0.3,0.3
2026-04-20,120115,29150.0,7.98,-0.8,-0.0,0.8
2026-04-21,120115,29400.0,7.88,0.4,-0.1,-0.3
2026-04-22,120115,29250.0,7.97,-0.2,-0.2,0.4
2026-04-23,120115,29450.0,7.92,0.8,0.4,-1.2
2026-04-24,120115,29600.0,8.02,0.8,-0.7,-0.2
2026-04-27,120115,30350.0,8.11,0.5,0.7,-1.3
2026-04-28,120115,32150.0,9.27,2.1,1.5,-3.7
2026-04-29,120115,32700.0,9.51,0.3,-0.4,0.1
2026-04-30,120115,30350.0,9.72,-0.9,-0.2,1.3
2026-05-04,120115,30350.0,9.62,-1.0,0.0,1.1
2026-05-06,120115,31050.0,9.5,0.4,-0.2,-0.2
2026-05-07,120115,30750.0,9.54,0.7,-0.1,-0.6
2026-05-08,120115,30050.0,9.63,-0.7,0.0,0.8
2026-05-11,120115,29250.0,9.54,-0.2,0.0,0.4
2026-05-12,120115,28600.0,9.52,0.2,-0.2,-0.1
2026-05-13,120115,27950.0,9.54,-0.1,0.0,0.3
2026-05-14,120115,28350.0,9.53,-0.4,-0.1,0.5
2026-05-15,120115,27650.0,9.49,-0.8,-0.0,0.8
2026-05-18,120115,27400.0,8.5,-0.7,0.1,0.8
2026-05-19,120115,26750.0,8.4,0.2,-0.0,-0.3
2026-05-20,120115,26000.0,8.43,0.4,-1.5,1.1
2026-05-21,120115,26850.0,9.23,0.4,-0.7,0.5
2026-05-22,120115,27500.0,9.28,-0.5,0.0,0.5
2026-05-26,120115,27000.0,9.21,-0.2,-0.0,0.3
2026-05-27,120115,26450.0,9.19,-0.6,-0.1,0.4
2026-05-28,120115,26450.0,9.11,-0.1,0.0,0.1
2026-05-29,120115,26050.0,9.1,0.6,0.0,-0.4
2026-06-01,120115,25450.0,9.19,0.7,-0.8,0.1
2026-06-02,120115,25000.0,9.29,1.4,-0.2,-0.6
2026-06-04,120115,24700.0,9.5,-0.9,-0.0,0.9
2026-06-05,120115,24250.0,9.37,0.2,0.0,-0.2
2026-06-08,120115,23500.0,9.4,-0.2,0.0,0.2
2026-06-09,120115,24050.0,9.37,-0.1,-0.9,1.0
2026-06-10,120115,24300.0,9.35,-0.5,-0.1,0.6
2026-06-11,120115,25050.0,9.28,-0.4,-0.0,0.4
2026-06-12,120115,25750.0,9.23,0.1,-1.6,1.4
2026-06-15,120115,25750.0,9.24,-0.2,0.0,0.2
2026-06-16,120115,25850.0,9.21,-0.0,-0.3,0.3
2026-06-17,120115,25700.0,9.2,0.4,0.0,-0.4
2026-06-18,120115,24850.0,9.26,-0.6,0.1,0.5
2026-06-19,120115,24050.0,9.18,-0.4,-0.1,0.5
2026-06-22,120115,24200.0,9.12,-0.4,0.8,-0.4
2026-06-23,120115,23700.0,9.09,-0.8,-0.1,0.9
2026-06-24,120115,23900.0,8.94,-0.3,-0.0,0.3
2026-06-25,120115,23650.0,8.9,0.0,0.1,-0.1
2026-06-26,120115,22900.0,8.9,-0.5,0.0,0.5
2026-06-29,120115,23950.0,8.83,0.6,-0.4,-0.2
2026-06-30,120115,23900.0,8.92,-1.0,-0.3,1.3
2026-07-01,120115,24400.0,8.77,0.1,-1.0,0.9
2026-07-02,120115,24050.0,8.79,0.1,-0.0,-0.1
2026-07-03,120115,23900.0,9.0,0.3,0.0,-0.3
2026-07-06,120115,23800.0,9.05,0.2,-0.0,-0.2
2026-07-07,120115,23950.0,9.07,-0.5,-0.0,0.4
2026-07-08,120115,23300.0,9.0,-0.6,0.1,0.6
2026-07-09,120115,23050.0,8.9,0.6,-0.1,-0.5
2026-07-10,120115,23700.0,8.99,-0.0,-0.1,0.2
2026-07-13,120115,22800.0,8.99,0.2,0.1,-0.3
2026-07-14,120115,22500.0,9.17,0.3,-0.1,-0.1
2026-07-15,120115,23150.0,9.15,-0.1,-0.0,0.1
2026-07-16,120115,23350.0,9.14,0.5,-0.0,-0.5
2025-07-14,120240,14060.0,1.8,0.2,-0.0,-0.2
2025-07-15,120240,14150.0,1.77,-0.4,0.0,0.4
2025-07-16,120240,14050.0,1.73,-0.2,0.0,0.2
2025-07-17,120240,14050.0,1.71,0.6,0.0,-0.6
2025-07-18,120240,13970.0,1.77,-0.0,0.0,0.0
2025-07-21,120240,13990.0,1.76,-0.1,0.0,0.1
2025-07-22,120240,13690.0,1.75,-0.3,0.0,0.3
2025-07-23,120240,13760.0,1.72,-0.2,-0.0,0.2
2025-07-24,120240,13540.0,1.7,0.2,0.0,-0.2
2025-07-25,120240,13720.0,1.72,0.5,0.0,-1.1
2025-07-28,120240,13750.0,1.77,-0.6,-0.0,-0.3
2025-07-29,120240,13960.0,1.71,-2.3,0.0,2.3
2025-07-30,120240,13940.0,1.48,0.4,0.0,-0.4
2025-07-31,120240,13820.0,1.52,0.7,0.0,-0.7
2025-08-01,120240,13420.0,1.59,-0.9,-0.0,-2.3
2025-08-04,120240,13650.0,1.5,-0.2,-0.0,-0.4
2025-08-05,120240,13700.0,1.48,0.1,0.0,-0.1
2025-08-06,120240,13720.0,1.49,0.6,-0.0,-0.7
2025-08-07,120240,13770.0,1.55,-0.2,0.0,-0.3
2025-08-08,120240,13780.0,1.53,0.1,-0.0,-0.1
2025-08-11,120240,13600.0,1.54,-0.2,0.0,0.2
2025-08-12,120240,13500.0,1.51,0.4,-0.0,-0.4
2025-08-13,120240,13480.0,1.56,0.2,0.0,-0.2
2025-08-14,120240,13380.0,1.58,0.0,-0.0,-0.0
2025-08-18,120240,13290.0,1.58,-0.3,0.0,0.3
2025-08-19,120240,13160.0,1.55,-0.4,0.0,0.4
2025-08-20,120240,13120.0,1.51,0.2,-0.0,-0.2
2025-08-21,120240,13210.0,1.53,-0.1,0.0,0.1
2025-08-22,120240,13040.0,1.53,-0.2,-0.2,0.4
2025-08-25,120240,13120.0,1.5,0.1,0.0,-0.0
2025-08-26,120240,13200.0,1.55,0.0,0.0,-0.4
2025-08-27,120240,13200.0,1.58,-0.1,-0.0,-0.0
2025-08-28,120240,13070.0,1.57,-0.3,0.0,0.0
2025-08-29,120240,13030.0,1.55,-0.4,0.0,0.4
2025-09-01,120240,12940.0,1.52,-0.4,0.0,0.5
2025-09-02,120240,13050.0,1.43,0.0,0.0,-0.2
2025-09-03,120240,13060.0,1.42,0.0,-0.0,-0.1
2025-09-04,120240,13160.0,1.42,0.3,-0.0,-0.3
2025-09-05,120240,13180.0,1.46,-0.1,0.0,-0.4
2025-09-08,120240,13170.0,1.45,-0.1,-0.0,-0.1
2025-09-09,120240,13170.0,1.44,-0.1,0.0,-0.1
2025-09-10,120240,13160.0,1.44,0.0,0.0,-0.2
2025-09-11,120240,13090.0,1.44,-0.1,0.0,0.1
2025-09-12,120240,13110.0,1.43,0.4,0.0,-0.4
2025-09-15,120240,13060.0,1.5,-0.1,0.0,0.1
2025-09-16,120240,13050.0,1.48,-0.2,0.0,0.2
2025-09-17,120240,12960.0,1.46,-0.1,0.0,-0.0
2025-09-18,120240,13040.0,1.45,0.2,0.0,-0.2
2025-09-19,120240,12900.0,1.47,-0.1,0.0,0.1
2025-09-22,120240,12860.0,1.46,-0.2,0.0,0.2
2025-09-23,120240,12890.0,1.43,-0.2,0.0,0.0
2025-09-24,120240,12830.0,1.4,-0.8,0.0,0.3
2025-09-25,120240,12630.0,1.29,0.4,0.0,-0.4
2025-09-26,120240,12570.0,1.33,-0.1,0.0,0.1
2025-09-29,120240,12700.0,1.23,0.5,0.0,-0.6
2025-09-30,120240,12500.0,1.28,-0.7,0.7,-0.0
2025-10-01,120240,12490.0,1.21,0.2,0.1,-0.3
2025-10-02,120240,12630.0,1.22,0.2,-0.1,-0.5
2025-10-10,120240,12460.0,1.24,-0.4,0.1,0.3
2025-10-13,120240,12410.0,1.2,0.3,0.1,-0.5
2025-10-14,120240,12400.0,1.23,0.3,0.1,-0.4
2025-10-15,120240,12630.0,1.27,0.1,0.0,-0.1
2025-10-16,120240,12700.0,1.28,0.3,-0.1,-0.2
2025-10-17,120240,12610.0,1.35,-0.3,-0.3,0.4
2025-10-20,120240,12610.0,1.28,0.1,0.0,-0.1
2025-10-21,120240,12570.0,1.29,-0.4,-0.1,0.5
2025-10-22,120240,12580.0,1.25,-0.0,0.1,-0.1
2025-10-23,120240,12650.0,1.25,0.0,-0.0,-0.0
2025-10-24,120240,12620.0,1.25,-0.2,0.0,0.2
2025-10-27,120240,12550.0,1.22,-0.1,-0.1,-0.5
2025-10-28,120240,12590.0,1.22,-0.3,0.0,0.3
2025-10-29,120240,12600.0,1.18,-0.1,0.0,0.1
2025-10-30,120240,12450.0,1.17,-0.3,0.0,0.3
2025-10-31,120240,12470.0,1.13,-0.0,-0.0,0.1
2025-11-03,120240,12310.0,1.13,-0.5,-0.0,0.5
2025-11-04,120240,12280.0,1.07,-0.4,-0.0,-0.2
2025-11-05,120240,12260.0,1.02,-0.4,0.0,-0.3
2025-11-06,120240,12330.0,0.98,0.0,-0.0,0.0
2025-11-07,120240,12220.0,0.98,-0.1,-0.0,0.1
2025-11-10,120240,12330.0,0.97,0.1,-0.0,-0.1
2025-11-11,120240,12330.0,0.83,-0.0,0.0,-0.0
2025-11-12,120240,12520.0,0.83,0.5,-0.0,-0.5
2025-11-13,120240,12630.0,0.89,-0.1,-0.0,0.1
2025-11-14,120240,12730.0,0.88,-0.7,-0.0,0.7
2025-11-17,120240,12800.0,0.81,0.3,0.0,-0.3
2025-11-18,120240,12790.0,0.84,0.0,0.0,-0.0
2025-11-19,120240,12770.0,0.97,0.3,-0.0,-0.3
2025-11-20,120240,12870.0,1.33,0.6,0.0,-0.7
2025-11-21,120240,12990.0,1.4,0.8,0.0,-0.8
2025-11-24,120240,12950.0,1.48,-0.1,-0.1,0.2
2025-11-25,120240,12830.0,1.47,0.2,0.2,-0.4
2025-11-26,120240,12980.0,1.49,0.2,-0.1,-0.1
2025-11-27,120240,12960.0,1.52,0.1,-0.0,-0.1
2025-11-28,120240,13040.0,1.53,0.6,0.1,-0.9
2025-12-01,120240,13130.0,1.63,-0.1,-0.1,0.2
2025-12-02,120240,13070.0,1.59,-0.2,-0.1,0.3
2025-12-03,120240,13100.0,1.57,0.2,0.0,-0.2
2025-12-04,120240,12980.0,1.59,-0.2,-0.0,0.2
2025-12-05,120240,13000.0,1.56,-0.1,0.0,0.0
2025-12-08,120240,13190.0,1.55,-0.1,-0.0,-1.8
2025-12-09,120240,13370.0,1.54,-0.7,-0.0,-1.4
2025-12-10,120240,13250.0,1.47,-0.0,0.0,-0.2
2025-12-11,120240,13330.0,1.46,0.3,0.0,-0.6
2025-12-12,120240,13310.0,1.49,-0.0,0.0,-0.0
2025-12-15,120240,13140.0,1.49,-0.1,0.1,-0.3
2025-12-16,120240,13260.0,1.49,0.0,-0.1,0.1
2025-12-17,120240,13320.0,1.78,0.1,-0.0,-0.1
2025-12-18,120240,13340.0,1.79,-0.2,-0.0,0.2
2025-12-19,120240,13310.0,1.72,0.2,0.2,-0.3
2025-12-22,120240,13320.0,1.74,0.0,-0.1,0.1
2025-12-23,120240,13260.0,1.74,0.1,0.0,-0.2
2025-12-24,120240,13290.0,1.65,-0.0,-0.1,0.1
2025-12-26,120240,13370.0,1.65,0.3,-0.0,-0.3
2025-12-29,120240,13050.0,0.79,-0.3,0.1,0.1
2025-12-30,120240,13280.0,0.76,0.1,0.2,-1.4
2026-01-02,120240,13070.0,0.77,-0.3,0.0,-0.0
2026-01-05,120240,12900.0,0.74,-0.0,0.0,-0.0
2026-01-06,120240,12860.0,0.96,0.1,-0.1,-0.0
2026-01-07,120240,12700.0,1.05,-0.0,-0.0,-0.0
2026-01-08,120240,12550.0,1.05,0.1,-0.0,-0.1
2026-01-09,120240,12540.0,1.06,0.1,-0.0,-0.5
2026-01-12,120240,12660.0,1.06,0.1,-0.1,-0.3
2026-01-13,120240,12780.0,1.18,0.1,-0.1,-0.1
2026-01-14,120240,12700.0,1.18,-0.1,-0.0,0.1
2026-01-15,120240,12790.0,1.18,-0.0,0.0,-0.0
2026-01-16,120240,12610.0,1.17,-0.2,-0.1,0.3
2026-01-19,120240,12680.0,1.15,0.2,0.1,-0.4
2026-01-20,120240,12640.0,1.17,0.7,0.0,-0.7
2026-01-21,120240,12680.0,1.24,0.1,-0.1,-0.1
2026-01-22,120240,12730.0,1.25,0.4,0.0,-0.6
2026-01-23,120240,12860.0,1.29,0.1,-0.0,-0.1
2026-01-26,120240,12990.0,1.3,0.5,-0.0,-0.5
2026-01-27,120240,13000.0,1.36,0.2,0.0,-0.2
2026-01-28,120240,12940.0,1.37,0.0,-0.0,0.0
2026-01-29,120240,12950.0,1.38,-0.1,-0.0,0.1
2026-01-30,120240,12910.0,1.61,-0.1,0.1,0.1
2026-02-02,120240,12630.0,1.6,-0.4,-0.1,0.5
2026-02-03,120240,12790.0,1.51,0.4,0.1,-0.8
2026-02-04,120240,12970.0,1.55,0.4,0.1,-0.5
2026-02-05,120240,13000.0,1.59,0.1,-0.1,-0.1
2026-02-06,120240,12940.0,1.6,0.5,0.1,-0.6
2026-02-09,120240,13080.0,1.65,0.7,0.1,-0.8
2026-02-10,120240,13090.0,1.73,0.1,-0.1,-0.1
2026-02-11,120240,13180.0,1.74,0.3,-0.0,-0.2
2026-02-12,120240,13300.0,1.77,0.1,-0.0,-0.1
2026-02-13,120240,13240.0,1.78,0.0,-0.1,0.1
2026-02-19,120240,13250.0,1.79,0.1,-0.1,-0.1
2026-02-20,120240,13250.0,1.8,-0.1,-0.0,0.1
2026-02-23,120240,13410.0,1.79,0.3,0.0,-0.3
2026-02-24,120240,13790.0,1.81,-0.8,0.2,0.6
2026-02-25,120240,13800.0,1.74,-0.5,-0.1,0.6
2026-02-26,120240,13600.0,1.7,-1.0,-0.1,1.1
2026-02-27,120240,13490.0,1.6,0.2,0.1,-0.3
2026-03-03,120240,13430.0,1.62,0.5,0.0,-0.6
2026-03-04,120240,12600.0,1.67,0.4,-0.1,-0.4
2026-03-05,120240,13150.0,1.73,0.5,-0.0,-0.5
2026-03-06,120240,13620.0,1.78,0.4,0.0,-0.4
2026-03-09,120240,13250.0,1.83,1.3,0.2,-1.6
2026-03-10,120240,13240.0,1.96,-0.1,0.2,0.3
2026-03-11,120240,13220.0,2.0,1.2,-0.0,-1.1
2026-03-12,120240,13170.0,2.12,0.5,-0.1,-0.4
2026-03-13,120240,13360.0,2.17,0.4,-0.2,-0.4
2026-03-16,120240,13650.0,2.21,-0.3,-0.1,0.2
2026-03-17,120240,13570.0,2.18,0.2,0.0,-0.3
2026-03-18,120240,13670.0,2.2,0.3,0.0,-0.5
2026-03-19,120240,13600.0,2.23,-0.4,-0.0,0.4
2026-03-20,120240,13780.0,2.19,0.4,0.1,-0.5
2026-03-23,120240,13380.0,2.23,0.5,0.0,-0.6
2026-03-24,120240,13650.0,2.29,0.5,-0.0,-0.4
2026-03-25,120240,13910.0,2.33,0.2,0.0,-0.2
2026-03-26,120240,13900.0,2.35,-0.2,-0.1,0.2
2026-03-27,120240,13890.0,2.33,-0.2,0.0,0.1
2026-03-30,120240,13880.0,2.31,0.2,0.0,-0.3
2026-03-31,120240,13710.0,2.33,-0.3,-0.0,0.6
2026-04-01,120240,13770.0,2.31,0.4,0.0,-0.5
2026-04-02,120240,13720.0,2.35,-0.9,-0.0,0.6
2026-04-03,120240,13900.0,2.26,1.1,0.1,-1.9
2026-04-06,120240,13960.0,2.37,-0.5,-0.0,0.6
2026-04-07,120240,13820.0,2.32,-0.4,0.0,0.3
2026-04-08,120240,13940.0,2.31,-0.3,-0.0,0.4
2026-04-09,120240,13800.0,2.28,-0.1,0.0,0.1
2026-04-10,120240,13910.0,2.26,0.4,-0.0,-0.4
2026-04-13,120240,14110.0,2.3,0.4,0.0,-0.4
2026-04-14,120240,14150.0,2.34,0.3,-0.0,-0.3
2026-04-15,120240,14130.0,2.37,-0.3,0.0,0.3
2026-04-16,120240,14210.0,2.35,-0.0,-0.0,0.1
2026-04-17,120240,14100.0,2.34,-0.3,-0.0,0.3
2026-04-20,120240,14030.0,2.31,-0.1,-0.0,0.0
2026-04-21,120240,14080.0,2.31,-0.5,0.0,0.5
2026-04-22,120240,14030.0,2.25,0.3,-0.0,-0.4
2026-04-23,120240,14040.0,2.29,-0.1,0.0,0.1
2026-04-24,120240,14170.0,2.27,0.1,-0.0,-0.1
2026-04-27,120240,14100.0,2.29,-0.2,-0.0,0.2
2026-04-28,120240,14110.0,2.27,0.3,0.0,-0.3
2026-04-29,120240,13960.0,2.29,-0.4,0.0,0.3
2026-04-30,120240,13880.0,2.26,1.2,-0.0,-1.3
2026-05-04,120240,13410.0,2.37,2.3,-0.0,-2.2
2026-05-06,120240,13400.0,2.61,-2.1,0.0,1.2
2026-05-07,120240,13270.0,2.39,0.1,0.0,-0.1
2026-05-08,120240,13270.0,2.4,-0.2,0.0,0.2
2026-05-11,120240,12970.0,2.38,-0.7,0.0,0.7
2026-05-12,120240,12900.0,2.31,-0.7,-0.0,0.8
2026-05-13,120240,13050.0,2.21,0.0,-0.0,-0.0
2026-05-14,120240,13500.0,2.21,0.7,0.4,-1.0
2026-05-15,120240,13320.0,2.27,-0.4,-0.0,0.1
2026-05-18,120240,13750.0,2.14,0.9,-0.1,-1.0
2026-05-19,120240,13680.0,2.23,-0.4,-0.0,0.5
2026-05-20,120240,13620.0,2.19,-0.3,0.0,0.2
2026-05-21,120240,13410.0,2.27,-0.8,-0.0,0.8
2026-05-22,120240,13900.0,2.19,1.0,0.0,-1.1
2026-05-26,120240,14010.0,2.29,-1.6,0.0,0.9
2026-05-27,120240,13970.0,2.13,0.3,-0.0,-0.2
2026-05-28,120240,14090.0,2.16,0.3,0.0,-0.2
2026-05-29,120240,13940.0,2.19,-1.0,0.0,1.2
2026-06-01,120240,13750.0,2.09,-0.1,-0.0,-0.1
2026-06-02,120240,13650.0,2.08,0.4,-0.0,-1.2
2026-06-04,120240,13570.0,2.08,-0.8,-0.0,0.8
2026-06-05,120240,13190.0,2.08,-1.0,0.0,-0.3
2026-06-08,120240,12680.0,1.98,-0.5,0.0,0.2
2026-06-09,120240,13220.0,1.92,0.8,-0.0,-0.9
2026-06-10,120240,13160.0,1.98,-0.1,-0.0,0.1
2026-06-11,120240,13560.0,1.97,-0.7,0.0,0.2
2026-06-12,120240,13570.0,1.9,0.5,0.0,0.5
2026-06-15,120240,13770.0,1.95,0.0,-0.0,0.1
2026-06-16,120240,13670.0,1.96,0.1,0.0,0.0
2026-06-17,120240,13850.0,1.96,0.7,-0.0,-0.7
2026-06-18,120240,13360.0,2.03,-0.1,0.0,0.1
2026-06-19,120240,12890.0,2.02,-0.5,-0.0,0.4
2026-06-22,120240,13430.0,1.97,-0.4,0.0,-3.4
2026-06-23,120240,13220.0,1.94,-1.1,-0.0,-1.3
2026-06-24,120240,13400.0,1.97,-0.0,-0.0,-1.1
2026-06-25,120240,13300.0,1.96,0.3,0.1,-0.4
2026-06-26,120240,13160.0,1.99,0.4,-0.1,-0.0
2026-06-29,120240,13500.0,2.04,0.5,-0.0,-0.4
2026-06-30,120240,13460.0,2.09,-0.3,-0.0,0.3
2026-07-01,120240,13730.0,2.04,0.6,0.1,-0.6
2026-07-02,120240,13830.0,2.11,0.7,-0.1,-0.0
2026-07-03,120240,13720.0,2.2,-0.0,0.0,0.1
2026-07-06,120240,13670.0,2.19,0.1,-0.0,-0.1
2026-07-07,120240,13700.0,2.2,0.1,0.0,-0.1
2026-07-08,120240,13470.0,2.21,0.1,0.0,-0.1
2026-07-09,120240,13400.0,2.22,0.1,-0.0,-0.1
2026-07-10,120240,13630.0,2.23,0.8,0.0,-0.8
2026-07-13,120240,13590.0,2.31,-0.2,-0.0,0.2
2026-07-14,120240,13720.0,2.32,1.9,0.1,-2.0
2026-07-15,120240,14080.0,2.51,1.4,-0.1,-1.2
2026-07-16,120240,14350.0,2.65,1.5,0.0,-1.4
2025-07-14,121440,6450.0,3.69,3.6,1.4,-5.0
2025-07-15,121440,6360.0,3.83,-3.0,1.8,1.3
2025-07-16,121440,6060.0,3.71,-3.4,1.8,1.6
2025-07-17,121440,6170.0,3.58,-3.3,1.3,2.0
2025-07-18,121440,6100.0,3.46,-4.0,0.9,3.1
2025-07-21,121440,6080.0,3.32,-0.9,0.9,0.0
2025-07-22,121440,6060.0,3.28,0.1,1.5,-1.6
2025-07-23,121440,5970.0,3.29,-2.1,1.5,0.6
2025-07-24,121440,5760.0,3.2,-1.8,1.7,0.2
2025-07-25,121440,5800.0,3.13,-0.9,1.5,-0.6
2025-07-28,121440,5520.0,3.09,-6.3,1.2,5.3
2025-07-29,121440,5440.0,2.83,0.1,0.7,-0.7
2025-07-30,121440,5490.0,2.83,-1.6,0.2,1.4
2025-07-31,121440,5550.0,2.76,-1.7,0.0,1.7
2025-08-01,121440,5370.0,2.69,-1.7,0.7,1.0
2025-08-04,121440,5540.0,2.62,2.0,0.5,-2.5
2025-08-05,121440,5510.0,2.7,-2.7,0.3,2.4
2025-08-06,121440,5600.0,2.58,2.5,0.3,-2.2
2025-08-07,121440,5590.0,2.69,0.2,-0.1,-0.2
2025-08-08,121440,5570.0,2.7,-1.4,0.5,0.9
2025-08-11,121440,5300.0,2.64,-2.6,-0.2,2.8
2025-08-12,121440,5430.0,2.52,-2.2,-0.2,2.8
2025-08-13,121440,5370.0,2.43,-1.6,-0.0,1.7
2025-08-14,121440,5320.0,2.36,-1.0,-0.1,1.2
2025-08-18,121440,5190.0,2.31,0.6,-0.0,-0.5
2025-08-19,121440,5260.0,2.39,0.1,-0.2,0.1
2025-08-20,121440,5340.0,2.39,-0.3,-0.0,0.6
2025-08-21,121440,5360.0,2.37,-0.7,-0.1,0.8
2025-08-22,121440,5370.0,2.34,-0.7,-0.1,0.8
2025-08-25,121440,5380.0,2.31,-0.3,-0.0,0.3
2025-08-26,121440,5380.0,2.32,-0.6,-0.0,0.7
2025-08-27,121440,5370.0,2.29,-0.3,-0.2,0.5
2025-08-28,121440,5430.0,2.28,0.3,-0.1,-0.2
2025-08-29,121440,5430.0,2.29,0.1,-0.0,-0.1
2025-09-01,121440,5360.0,2.3,-0.8,-0.0,1.0
2025-09-02,121440,5460.0,2.27,-0.5,-0.0,0.5
2025-09-03,121440,5450.0,2.25,0.1,-0.2,0.1
2025-09-04,121440,5450.0,2.25,0.0,-0.0,0.0
2025-09-05,121440,5450.0,2.1,-0.8,-0.0,0.8
2025-09-08,121440,5410.0,2.07,-0.0,-0.0,0.0
2025-09-09,121440,5420.0,2.06,0.5,0.1,-0.5
2025-09-10,121440,5480.0,2.08,0.9,0.0,-0.9
2025-09-11,121440,5480.0,2.12,-0.4,0.1,0.3
2025-09-12,121440,5530.0,2.1,0.5,-0.0,-0.5
2025-09-15,121440,5670.0,2.12,0.1,-0.0,-0.0
2025-09-16,121440,5650.0,2.13,-1.0,0.0,1.0
2025-09-17,121440,5660.0,2.09,-0.7,-0.0,0.6
2025-09-18,121440,5660.0,2.06,1.2,-0.0,-1.3
2025-09-19,121440,5640.0,2.1,-0.6,-0.0,0.7
2025-09-22,121440,5630.0,2.08,-0.3,0.0,0.4
2025-09-23,121440,5550.0,2.04,1.6,0.0,-1.6
2025-09-24,121440,5380.0,2.11,4.9,0.2,-5.1
2025-09-25,121440,5450.0,2.32,0.2,0.1,-0.2
2025-09-26,121440,5420.0,2.32,-0.1,0.1,-0.1
2025-09-29,121440,5380.0,2.32,1.3,0.6,-1.1
2025-09-30,121440,5370.0,2.38,-0.2,-0.0,0.3
2025-10-01,121440,5300.0,2.37,0.3,-0.1,-0.2
2025-10-02,121440,5310.0,2.38,0.6,-0.0,-0.5
2025-10-10,121440,5360.0,2.41,-1.6,2.6,-1.0
2025-10-13,121440,5230.0,2.34,0.1,0.2,-0.3
2025-10-14,121440,5250.0,2.34,0.6,-0.0,-0.4
2025-10-15,121440,5310.0,2.32,0.5,-0.1,-0.4
2025-10-16,121440,5320.0,2.34,-0.3,0.1,0.2
2025-10-17,121440,5300.0,2.33,-0.8,0.0,0.8
2025-10-20,121440,5280.0,2.29,-1.3,0.1,1.2
2025-10-21,121440,5260.0,2.23,1.6,0.2,-2.0
2025-10-22,121440,5320.0,2.3,1.2,-0.3,-0.8
2025-10-23,121440,5320.0,2.31,0.2,-0.0,-0.2
2025-10-24,121440,5230.0,2.32,-0.0,0.3,-0.2
2025-10-27,121440,5170.0,2.34,0.1,-0.4,0.3
2025-10-28,121440,5210.0,2.34,0.3,0.3,0.2
2025-10-29,121440,5140.0,2.35,-0.1,-0.3,0.3
2025-10-30,121440,5130.0,2.34,-1.1,0.0,1.1
2025-10-31,121440,5300.0,2.29,0.2,-0.4,0.2
2025-11-03,121440,5050.0,2.3,-1.8,-1.1,2.8
2025-11-04,121440,4990.0,2.22,-1.1,0.0,1.1
2025-11-05,121440,4975.0,2.17,0.6,-0.4,-0.2
2025-11-06,121440,5060.0,2.2,1.0,0.2,-1.2
2025-11-07,121440,5000.0,2.25,-0.2,-0.2,0.4
2025-11-10,121440,5180.0,2.24,1.5,0.2,-1.7
2025-11-11,121440,5150.0,2.3,-0.2,-0.0,0.2
2025-11-12,121440,5290.0,2.29,1.6,-0.0,-1.6
2025-11-13,121440,5210.0,2.37,-0.3,0.1,0.2
2025-11-14,121440,5140.0,2.35,-0.2,-0.0,0.3
2025-11-17,121440,5140.0,2.34,0.3,-0.2,-0.0
2025-11-18,121440,5130.0,2.37,0.4,-0.3,-0.3
2025-11-19,121440,5130.0,2.39,0.3,0.1,-0.4
2025-11-20,121440,5220.0,2.4,0.7,0.1,-0.7
2025-11-21,121440,5200.0,2.43,1.1,-0.1,-1.0
2025-11-24,121440,5110.0,2.48,-1.2,-0.0,1.3
2025-11-25,121440,5100.0,2.43,-0.6,0.2,0.4
2025-11-26,121440,5160.0,2.4,0.6,0.1,-0.7
2025-11-27,121440,5190.0,2.43,1.1,0.1,-1.1
2025-11-28,121440,5210.0,2.48,0.1,-0.0,-0.1
2025-12-01,121440,5260.0,2.48,0.1,0.2,-0.3
2025-12-02,121440,5290.0,2.49,-1.2,-0.1,1.3
2025-12-03,121440,5400.0,2.44,0.1,-0.0,-0.1
2025-12-04,121440,5420.0,2.48,-0.3,0.0,0.2
2025-12-05,121440,5420.0,2.47,0.0,0.2,-0.2
2025-12-08,121440,5390.0,2.46,-0.5,-0.2,0.7
2025-12-09,121440,5360.0,2.44,-0.4,0.1,0.3
2025-12-10,121440,5280.0,2.42,-0.1,-0.8,0.9
2025-12-11,121440,5370.0,2.42,-0.5,-0.0,0.6
2025-12-12,121440,5500.0,2.4,0.9,0.2,-1.1
2025-12-15,121440,5480.0,2.43,-0.5,-0.3,0.7
2025-12-16,121440,5440.0,2.41,0.3,0.0,-0.2
2025-12-17,121440,5400.0,2.54,-0.9,-0.0,0.9
2025-12-18,121440,5280.0,2.43,-0.3,0.2,0.0
2025-12-19,121440,5280.0,2.42,0.9,-0.0,-0.8
2025-12-22,121440,5300.0,2.46,-1.0,-0.1,1.1
2025-12-23,121440,5320.0,2.42,0.6,0.1,-0.7
2025-12-24,121440,5300.0,2.53,0.4,-0.0,-0.4
2025-12-26,121440,5350.0,2.45,0.6,-0.1,-0.5
2025-12-29,121440,5030.0,2.46,-2.8,0.1,2.7
2025-12-30,121440,4985.0,2.25,-0.9,-0.1,0.9
2026-01-02,121440,4840.0,2.17,-1.3,-0.3,1.5
2026-01-05,121440,4680.0,2.11,0.2,0.1,-0.4
2026-01-06,121440,4670.0,2.2,0.4,-0.0,-0.4
2026-01-07,121440,4635.0,2.39,1.0,0.5,-1.4
2026-01-08,121440,4500.0,2.44,0.5,-0.1,-0.8
2026-01-09,121440,4500.0,2.46,0.3,-0.2,-0.2
2026-01-12,121440,4475.0,2.48,-0.1,0.0,0.0
2026-01-13,121440,4400.0,2.47,-0.2,-0.1,0.0
2026-01-14,121440,4575.0,2.6,-0.4,-0.2,0.6
2026-01-15,121440,4520.0,2.57,-0.1,-0.2,0.3
2026-01-16,121440,4495.0,2.57,-0.4,-0.4,0.5
2026-01-19,121440,4415.0,2.55,0.2,-0.1,-0.2
2026-01-20,121440,4535.0,2.56,1.2,0.2,-1.5
2026-01-21,121440,4500.0,2.62,-0.4,-0.3,0.5
2026-01-22,121440,4500.0,2.6,0.5,0.1,-1.3
2026-01-23,121440,4625.0,2.63,0.4,-0.1,-0.7
2026-01-26,121440,4690.0,2.65,0.2,-0.2,-0.2
2026-01-27,121440,4700.0,2.66,-2.1,-0.0,2.1
2026-01-28,121440,4620.0,2.55,-0.9,0.2,0.4
2026-01-29,121440,4675.0,2.5,1.1,0.0,-1.2
2026-01-30,121440,4705.0,2.56,0.8,-0.0,-0.8
2026-02-02,121440,4590.0,2.6,-0.6,-0.1,0.7
2026-02-03,121440,4675.0,2.57,-0.5,0.1,0.5
2026-02-04,121440,4935.0,2.54,1.8,-0.1,-1.8
2026-02-05,121440,4915.0,2.63,0.3,-0.1,-0.2
2026-02-06,121440,4860.0,2.64,-0.9,0.1,0.7
2026-02-09,121440,4945.0,2.6,0.3,-0.1,-0.2
2026-02-10,121440,4985.0,2.64,1.6,0.1,-1.5
2026-02-11,121440,5060.0,2.68,0.8,0.1,-0.8
2026-02-12,121440,5140.0,2.71,0.7,-0.1,-0.2
2026-02-13,121440,5200.0,2.74,0.1,-0.0,-0.1
2026-02-19,121440,5330.0,2.75,1.0,-0.0,-1.0
2026-02-20,121440,5500.0,2.79,1.2,-0.5,-0.2
2026-02-23,121440,5560.0,2.84,0.7,-0.0,-0.7
2026-02-24,121440,5480.0,2.87,-1.1,0.0,1.5
2026-02-25,121440,5520.0,2.83,0.7,-0.0,-0.7
2026-02-26,121440,5470.0,2.86,2.2,-0.1,-2.1
2026-02-27,121440,5390.0,2.95,3.7,0.0,-3.7
2026-03-03,121440,5190.0,3.11,3.0,0.1,-2.9
2026-03-04,121440,4715.0,3.24,0.4,0.3,-0.7
2026-03-05,121440,4950.0,3.21,0.4,0.1,-0.5
2026-03-06,121440,4955.0,3.23,-0.1,-0.1,0.4
2026-03-09,121440,4810.0,3.23,0.0,0.4,-0.4
2026-03-10,121440,4825.0,3.24,-1.0,0.1,0.8
2026-03-11,121440,4990.0,3.21,1.1,-0.1,-1.0
2026-03-12,121440,5030.0,3.26,0.0,-0.0,-0.0
2026-03-13,121440,4875.0,3.27,1.0,0.4,-1.6
2026-03-16,121440,4810.0,3.2,2.1,0.2,-2.4
2026-03-17,121440,4835.0,3.3,1.7,0.3,-2.0
2026-03-18,121440,4800.0,3.43,-1.1,-0.4,1.0
2026-03-19,121440,4800.0,3.28,1.6,-0.2,-1.5
2026-03-20,121440,5050.0,3.5,1.9,0.3,-2.2
2026-03-23,121440,4960.0,3.59,1.8,-0.3,-1.5
2026-03-24,121440,4980.0,3.68,-0.4,0.0,0.1
2026-03-25,121440,5040.0,3.66,0.4,0.0,-0.4
2026-03-26,121440,4960.0,3.68,-0.4,0.0,0.4
2026-03-27,121440,4955.0,3.66,0.4,0.0,-0.5
2026-03-30,121440,4865.0,3.7,2.2,0.2,-2.8
2026-03-31,121440,4815.0,3.81,-0.3,0.1,-0.0
2026-04-01,121440,4890.0,3.79,-0.0,0.0,-0.0
2026-04-02,121440,4750.0,3.79,-0.6,0.2,0.4
2026-04-03,121440,4835.0,3.76,0.3,-0.0,-0.3
2026-04-06,121440,4820.0,3.77,0.1,-0.1,0.1
2026-04-07,121440,4830.0,3.78,-0.1,-0.0,0.1
2026-04-08,121440,4940.0,3.77,0.5,0.2,-0.7
2026-04-09,121440,4945.0,3.8,0.1,-0.1,0.0
2026-04-10,121440,4985.0,3.8,1.2,0.0,-1.3
2026-04-13,121440,4975.0,3.86,0.3,-0.0,-0.3
2026-04-14,121440,4940.0,3.88,-0.5,-0.2,0.6
2026-04-15,121440,5000.0,3.91,5.1,0.0,-5.2
2026-04-16,121440,5030.0,4.15,-0.1,-0.1,0.1
2026-04-17,121440,5060.0,4.15,0.0,-0.1,-0.4
2026-04-20,121440,5100.0,4.15,0.4,-0.1,-1.0
2026-04-21,121440,5090.0,4.17,-0.5,-0.0,1.0
2026-04-22,121440,5030.0,4.15,0.7,0.0,-0.7
2026-04-23,121440,5060.0,4.18,-0.1,-0.1,0.1
2026-04-24,121440,5110.0,4.18,1.5,0.5,-1.9
2026-04-27,121440,5110.0,4.25,-0.5,-0.1,0.5
2026-04-28,121440,5140.0,4.23,0.8,0.3,-1.4
2026-04-29,121440,5250.0,4.27,1.5,0.6,-1.7
2026-04-30,121440,5250.0,4.31,-0.8,0.1,0.7
2026-05-04,121440,5140.0,4.27,-1.4,0.0,1.1
2026-05-06,121440,4990.0,4.24,-2.2,0.0,2.2
2026-05-07,121440,4950.0,4.12,-0.1,-0.0,0.0
2026-05-08,121440,4900.0,4.12,-1.1,-0.7,1.7
2026-05-11,121440,4845.0,4.07,0.6,0.1,-0.7
2026-05-12,121440,4845.0,4.1,0.1,0.9,-0.9
2026-05-13,121440,4770.0,4.07,-1.2,0.1,1.0
2026-05-14,121440,4900.0,4.01,0.3,-0.1,-0.3
2026-05-15,121440,4830.0,4.03,-0.3,0.3,-0.3
2026-05-18,121440,4775.0,4.0,-0.2,0.5,-0.5
2026-05-19,121440,4695.0,3.99,0.0,-0.2,-0.1
2026-05-20,121440,4650.0,3.93,-1.0,0.5,-0.2
2026-05-21,121440,4635.0,3.81,-1.5,0.2,1.0
2026-05-22,121440,4725.0,3.73,0.4,0.1,-0.8
2026-05-26,121440,4695.0,3.75,-0.9,0.0,1.1
2026-05-27,121440,4630.0,3.71,0.7,-0.0,-0.7
2026-05-28,121440,4615.0,3.76,0.6,0.1,-0.7
2026-05-29,121440,4495.0,3.79,0.1,-0.1,0.0
2026-06-01,121440,4430.0,3.8,-0.1,0.1,-0.2
2026-06-02,121440,4420.0,3.8,0.2,-0.0,-0.4
2026-06-04,121440,4445.0,3.79,0.7,-0.0,-0.6
2026-06-05,121440,4315.0,3.95,0.1,0.0,-0.3
2026-06-08,121440,4230.0,3.99,1.3,-0.0,-1.8
2026-06-09,121440,4720.0,4.06,1.8,0.0,-1.9
2026-06-10,121440,4645.0,4.15,-0.6,-0.0,0.5
2026-06-11,121440,4565.0,4.18,-0.4,0.0,0.4
2026-06-12,121440,4615.0,4.16,0.3,0.0,-0.4
2026-06-15,121440,4660.0,4.18,1.3,0.0,-1.3
2026-06-16,121440,4800.0,4.24,0.6,-0.1,-0.7
2026-06-17,121440,4750.0,4.27,-0.4,0.0,0.4
2026-06-18,121440,4730.0,4.25,-1.1,-0.0,0.9
2026-06-19,121440,4565.0,4.2,-0.7,-0.0,0.3
2026-06-22,121440,4500.0,4.16,-0.1,-0.0,0.6
2026-06-23,121440,4490.0,4.15,-0.3,0.0,1.9
2026-06-24,121440,4475.0,4.13,-0.6,-0.0,0.6
2026-06-25,121440,4255.0,4.1,0.4,0.4,-0.7
2026-06-26,121440,4255.0,4.13,0.0,-0.3,0.0
2026-06-29,121440,5530.0,4.13,0.0,0.4,0.1
2026-06-30,121440,6630.0,4.14,-0.4,193.1,-189.4
2026-07-01,121440,6640.0,4.15,4.8,34.6,-39.2
2026-07-02,121440,6630.0,4.26,15.9,15.5,-29.4
2026-07-03,121440,6640.0,4.69,-42.1,77.7,-31.7
2026-07-06,121440,6660.0,3.11,20.3,9.3,-29.5
2026-07-07,121440,6640.0,3.79,7.4,16.6,-19.7
2026-07-08,121440,6650.0,4.04,-12.2,4.2,8.1
2026-07-09,121440,6650.0,3.56,7.0,6.8,-13.8
2026-07-10,121440,6660.0,3.79,0.6,2.3,-2.9
2026-07-13,121440,6640.0,3.8,16.0,-2.1,-13.7
2026-07-14,121440,6660.0,4.32,11.8,11.9,-22.3
2026-07-15,121440,6660.0,4.73,13.6,-0.0,-13.6
2026-07-16,121440,6670.0,5.2,5.4,-1.1,-4.3
2025-07-14,121600,49650.0,8.43,-5.0,3.2,1.8
2025-07-15,121600,49600.0,8.66,-3.5,2.5,1.1
2025-07-16,121600,48550.0,8.41,-0.8,-6.8,7.7
2025-07-17,121600,49300.0,8.37,-2.9,2.8,0.2
2025-07-18,121600,52100.0,8.31,20.9,3.4,-24.5
2025-07-21,121600,54600.0,8.74,6.8,11.6,-18.8
2025-07-22,121600,52800.0,8.85,10.5,-8.3,-2.2
2025-07-23,121600,52900.0,9.02,-6.5,3.5,3.6
2025-07-24,121600,54000.0,8.91,-6.9,3.8,2.8
2025-07-25,121600,53600.0,8.81,1.0,1.5,-2.4
2025-07-28,121600,54400.0,8.81,-3.9,5.0,-1.4
2025-07-29,121600,54600.0,8.75,0.3,-0.8,-1.1
2025-07-30,121600,54800.0,8.77,0.3,-6.0,3.9
2025-07-31,121600,54000.0,8.76,3.4,-9.6,2.8
2025-08-01,121600,52300.0,8.9,6.2,-5.9,-3.1
2025-08-04,121600,53200.0,9.01,-0.8,5.0,-5.6
2025-08-05,121600,55900.0,8.99,3.4,7.9,-12.8
2025-08-06,121600,56300.0,9.07,-3.0,5.2,-2.4
2025-08-07,121600,55700.0,9.01,-2.1,1.9,-0.1
2025-08-08,121600,55800.0,8.99,2.0,3.9,-6.0
2025-08-11,121600,59200.0,9.01,-3.4,2.4,0.8
2025-08-12,121600,57400.0,8.98,2.9,-6.5,4.5
2025-08-13,121600,58500.0,9.03,-6.6,1.7,4.8
2025-08-14,121600,58800.0,8.9,-6.1,-1.4,6.9
2025-08-18,121600,56500.0,8.83,-3.6,3.3,-1.3
2025-08-19,121600,57000.0,8.77,-3.3,0.4,1.1
2025-08-20,121600,57100.0,8.65,-2.2,2.2,-1.9
2025-08-21,121600,56600.0,8.62,2.6,-2.1,-1.2
2025-08-22,121600,56400.0,8.66,-0.1,-0.0,-2.3
2025-08-25,121600,57100.0,8.66,-0.7,3.8,-4.7
2025-08-26,121600,56200.0,8.69,0.5,-5.0,4.4
2025-08-27,121600,55400.0,8.79,-6.7,2.9,4.0
2025-08-28,121600,53700.0,8.69,-2.8,2.6,0.2
2025-08-29,121600,52500.0,8.63,5.3,-5.1,-0.1
2025-09-01,121600,52200.0,8.7,-2.8,3.4,-0.7
2025-09-02,121600,51800.0,8.7,-7.9,5.2,2.6
2025-09-03,121600,51500.0,8.63,-6.9,3.5,3.4
2025-09-04,121600,53000.0,8.52,-8.5,6.1,2.3
2025-09-05,121600,53400.0,8.39,-2.4,-0.3,2.7
2025-09-08,121600,54800.0,8.38,8.7,1.9,-10.5
2025-09-09,121600,54800.0,8.52,-1.1,2.5,-2.0
2025-09-10,121600,53800.0,8.51,2.1,-3.6,1.4
2025-09-11,121600,54100.0,8.56,0.2,0.1,-0.2
2025-09-12,121600,53500.0,8.56,73.1,-100.4,27.2
2025-09-15,121600,50000.0,9.58,12.9,-110.6,97.1
2025-09-16,121600,48650.0,9.65,38.5,-107.6,67.1
2025-09-17,121600,49100.0,10.19,-12.2,1.4,11.4
2025-09-18,121600,49800.0,9.96,0.5,-1.5,1.6
2025-09-19,121600,49050.0,9.96,-13.4,-9.6,23.2
2025-09-22,121600,48600.0,9.72,-18.2,1.1,16.7
2025-09-23,121600,48700.0,9.54,0.8,-0.2,0.2
2025-09-24,121600,47650.0,9.56,-20.3,-1.5,21.4
2025-09-25,121600,48100.0,9.04,0.5,1.9,-1.6
2025-09-26,121600,46450.0,9.06,-13.0,-1.5,14.8
2025-09-29,121600,46650.0,8.77,-0.8,0.8,0.0
2025-09-30,121600,45300.0,8.75,9.0,-19.2,10.1
2025-10-01,121600,46100.0,8.93,2.2,1.1,-3.4
2025-10-02,121600,46200.0,9.1,3.8,-5.5,1.8
2025-10-10,121600,45850.0,9.2,3.8,-2.6,0.2
2025-10-13,121600,46650.0,9.28,0.3,1.0,-0.7
2025-10-14,121600,48150.0,9.29,16.9,-2.8,-8.3
2025-10-15,121600,48350.0,9.49,-0.3,0.7,2.3
2025-10-16,121600,52000.0,9.46,26.5,8.1,-37.1
2025-10-17,121600,54700.0,10.0,11.0,1.5,-12.8
2025-10-20,121600,57200.0,10.02,-17.5,4.0,15.2
2025-10-21,121600,63800.0,9.72,69.6,21.7,-90.9
2025-10-22,121600,64400.0,10.6,-16.5,4.2,11.3
2025-10-23,121600,62700.0,10.36,6.0,0.5,-6.1
2025-10-24,121600,66500.0,10.29,-23.3,12.6,8.9
2025-10-27,121600,70800.0,9.98,-59.8,17.4,37.4
2025-10-28,121600,73000.0,9.27,-0.4,17.5,-18.9
2025-10-29,121600,71400.0,9.32,1.9,10.8,-9.6
2025-10-30,121600,68300.0,9.33,20.4,-3.8,-16.2
2025-10-31,121600,65900.0,9.61,3.8,2.1,-5.7
2025-11-03,121600,66600.0,9.65,-15.1,4.7,8.2
2025-11-04,121600,66800.0,9.43,5.4,-22.4,15.8
2025-11-05,121600,64900.0,9.46,10.2,-3.3,-7.0
2025-11-06,121600,64900.0,9.6,5.5,-13.2,7.6
2025-11-07,121600,61500.0,9.62,-1.2,0.2,1.3
2025-11-10,121600,64400.0,10.12,-11.0,5.6,5.2
2025-11-11,121600,62900.0,9.92,-11.6,1.7,9.7
2025-11-12,121600,63800.0,9.84,-3.5,-3.6,7.1
2025-11-13,121600,65200.0,9.83,-4.0,3.9,-0.2
2025-11-14,121600,62200.0,9.78,-8.5,-3.3,11.7
2025-11-17,121600,61500.0,9.65,10.8,2.1,-11.5
2025-11-18,121600,58400.0,9.88,2.8,-6.7,5.2
2025-11-19,121600,57000.0,10.06,-3.1,-3.3,6.3
2025-11-20,121600,57100.0,10.0,2.2,-1.4,0.0
2025-11-21,121600,54300.0,10.02,4.3,-8.0,4.7
2025-11-24,121600,50400.0,9.82,-1.3,-1.1,3.5
2025-11-25,121600,49650.0,9.83,-13.7,1.3,12.0
2025-11-26,121600,52900.0,9.57,-9.2,8.4,0.2
2025-11-27,121600,53300.0,9.42,-2.4,0.2,2.0
2025-11-28,121600,54600.0,9.39,-9.0,7.4,0.6
2025-12-01,121600,56700.0,9.28,-11.4,14.8,-3.4
2025-12-02,121600,57300.0,9.29,-8.9,8.1,0.8
2025-12-03,121600,57300.0,9.15,-6.1,4.0,2.1
2025-12-04,121600,56300.0,8.91,-4.8,4.6,0.2
2025-12-05,121600,57000.0,8.76,-4.6,9.2,-3.8
2025-12-08,121600,61000.0,8.7,-12.9,4.0,9.0
2025-12-09,121600,60400.0,8.32,-9.5,4.7,4.7
2025-12-10,121600,60300.0,8.17,-7.9,0.5,7.2
2025-12-11,121600,59500.0,8.1,3.8,-16.6,13.1
2025-12-12,121600,59700.0,8.14,-1.0,-0.9,1.6
2025-12-15,121600,59800.0,8.14,6.1,1.5,-7.7
2025-12-16,121600,56900.0,8.26,-9.7,-1.8,11.3
2025-12-17,121600,56100.0,8.07,-3.5,3.3,0.3
2025-12-18,121600,53000.0,7.84,3.7,-2.1,-0.5
2025-12-19,121600,52600.0,7.89,8.9,-0.4,-7.2
2025-12-22,121600,53300.0,8.04,-5.0,0.3,4.7
2025-12-23,121600,52900.0,7.95,0.7,-3.0,2.3
2025-12-24,121600,53000.0,8.41,-3.1,4.0,-0.8
2025-12-26,121600,52400.0,8.11,-3.1,4.6,-1.5
2025-12-29,121600,51000.0,8.06,-3.5,-4.6,8.1
2025-12-30,121600,49950.0,8.03,-9.3,6.4,2.8
2026-01-02,121600,47750.0,7.86,-10.9,-9.2,19.7
2026-01-05,121600,49200.0,7.66,5.0,-2.9,-1.9
2026-01-06,121600,50400.0,8.08,-6.9,4.6,2.2
2026-01-07,121600,48600.0,8.01,-9.8,-5.9,15.6
2026-01-08,121600,47650.0,7.83,-2.5,-3.9,6.1
2026-01-09,121600,47450.0,7.79,-3.0,-0.7,3.5
2026-01-12,121600,49050.0,7.75,0.2,-0.2,0.1
2026-01-13,121600,50400.0,7.98,-1.1,6.6,-5.4
2026-01-14,121600,49000.0,7.93,-12.6,-3.9,16.5
2026-01-15,121600,49900.0,7.74,-2.0,0.8,1.2
2026-01-16,121600,48600.0,7.64,-10.5,-6.9,16.7
2026-01-19,121600,50400.0,7.45,12.4,2.4,-14.8
2026-01-20,121600,51500.0,7.7,3.4,4.7,-8.4
2026-01-21,121600,50500.0,7.77,-6.8,5.0,2.0
2026-01-22,121600,55600.0,7.58,10.1,29.5,-40.2
2026-01-23,121600,57300.0,7.88,-38.9,31.0,7.7
2026-01-26,121600,67300.0,7.14,-24.1,93.9,-67.5
2026-01-27,121600,67300.0,6.9,-17.8,47.2,-31.0
2026-01-28,121600,71800.0,6.62,-25.1,81.1,-53.1
2026-01-29,121600,72500.0,6.29,2.9,49.3,-49.7
2026-01-30,121600,69100.0,6.34,21.1,36.0,-54.3
2026-02-02,121600,67300.0,6.62,33.9,-35.8,-0.7
2026-02-03,121600,70900.0,6.6,-20.4,29.7,-17.2
2026-02-04,121600,70700.0,6.38,-4.3,11.8,0.4
2026-02-05,121600,68300.0,6.3,9.2,-10.3,1.1
2026-02-06,121600,64100.0,6.43,16.5,-11.4,-5.0
2026-02-09,121600,73500.0,6.46,45.2,27.8,-71.8
2026-02-10,121600,72800.0,7.05,-34.4,-2.0,36.3
2026-02-11,121600,70100.0,6.54,-6.6,-1.6,7.5
2026-02-12,121600,71800.0,6.53,-3.0,4.2,-1.1
2026-02-13,121600,70000.0,6.49,-0.3,-8.7,8.9
2026-02-19,121600,73700.0,6.47,0.2,30.9,-34.1
2026-02-20,121600,71200.0,6.52,-13.1,3.5,13.4
2026-02-23,121600,69600.0,6.36,-18.8,-8.3,26.8
2026-02-24,121600,71000.0,6.12,8.2,2.5,-9.1
2026-02-25,121600,71600.0,6.84,-4.3,1.6,2.7
2026-02-26,121600,71400.0,6.59,-8.9,8.3,0.2
2026-02-27,121600,71400.0,6.13,0.1,11.7,-11.8
2026-03-03,121600,65200.0,6.22,19.8,-8.6,-11.4
2026-03-04,121600,53400.0,6.53,24.5,-3.6,-19.8
2026-03-05,121600,62000.0,7.05,-17.5,27.7,-9.9
2026-03-06,121600,68700.0,6.75,16.1,6.1,-21.9
2026-03-09,121600,63800.0,7.02,-10.9,-4.4,15.8
2026-03-10,121600,64700.0,6.93,-18.7,-2.5,21.1
2026-03-11,121600,62300.0,6.6,-7.4,-14.7,22.0
2026-03-12,121600,61500.0,6.5,4.0,-13.9,9.9
2026-03-13,121600,59900.0,6.54,20.9,-43.8,23.2
2026-03-16,121600,59100.0,6.83,6.2,-16.0,9.4
2026-03-17,121600,61500.0,6.91,15.4,-7.8,-7.6
2026-03-18,121600,63300.0,7.35,-7.9,5.1,3.0
2026-03-19,121600,60600.0,7.19,1.1,-19.8,18.7
2026-03-20,121600,60900.0,7.12,-2.9,-2.3,5.3
2026-03-23,121600,59500.0,7.14,9.4,-8.2,-1.6
2026-03-24,121600,61900.0,6.91,7.6,3.6,-11.3
2026-03-25,121600,62700.0,7.02,1.1,-3.9,2.8
2026-03-26,121600,62200.0,7.07,3.0,-7.1,2.0
2026-03-27,121600,67900.0,7.1,25.8,16.8,-42.2
2026-03-30,121600,67100.0,7.25,-35.5,-0.1,35.8
2026-03-31,121600,61200.0,6.68,15.0,-39.2,23.4
2026-04-01,121600,66100.0,6.88,-5.5,9.1,-3.5
2026-04-02,121600,63500.0,6.82,1.6,-6.3,6.3
2026-04-03,121600,62800.0,6.94,-8.5,-3.1,11.8
2026-04-06,121600,63700.0,6.83,-2.2,3.9,-1.6
2026-04-07,121600,64800.0,6.81,6.1,3.7,-9.7
2026-04-08,121600,67400.0,6.94,-26.2,23.2,2.9
2026-04-09,121600,68500.0,6.57,-11.1,16.2,-4.8
2026-04-10,121600,68800.0,6.48,-10.0,12.3,-2.5
2026-04-13,121600,68900.0,6.36,-28.9,8.3,20.7
2026-04-14,121600,68400.0,6.04,-31.2,-1.9,32.9
2026-04-15,121600,75800.0,5.68,114.0,68.5,-181.0
2026-04-16,121600,76500.0,7.56,-26.3,20.2,6.4
2026-04-17,121600,77000.0,6.97,-22.5,6.1,15.0
2026-04-20,121600,83300.0,6.56,15.8,78.3,-94.1
2026-04-21,121600,86400.0,6.81,-80.7,99.5,-13.8
2026-04-22,121600,85100.0,5.86,-15.5,-12.9,28.7
2026-04-23,121600,81000.0,5.79,-2.3,-1.1,4.9
2026-04-24,121600,88800.0,5.74,-2.4,42.2,-35.0
2026-04-27,121600,86000.0,6.19,-35.4,4.9,30.7
2026-04-28,121600,86100.0,5.88,-25.5,39.1,-9.8
2026-04-29,121600,88400.0,5.74,10.7,24.4,-35.0
2026-04-30,121600,82800.0,5.91,2.5,-18.7,16.6
2026-05-04,121600,84500.0,5.86,-19.6,-5.7,25.3
2026-05-06,121600,82700.0,5.67,22.1,-30.8,8.4
2026-05-07,121600,81800.0,5.92,8.5,-5.0,-5.3
2026-05-08,121600,80900.0,5.91,1.3,-13.6,11.8
2026-05-11,121600,77800.0,5.95,7.6,-32.8,25.4
2026-05-12,121600,73300.0,6.05,43.0,-50.2,5.5
2026-05-13,121600,73500.0,6.4,12.9,-28.6,15.7
2026-05-14,121600,75800.0,6.53,-30.8,-4.3,35.5
2026-05-15,121600,70800.0,6.16,-21.8,-17.0,35.8
2026-05-18,121600,70900.0,5.83,3.1,-11.4,8.2
2026-05-19,121600,67900.0,6.0,1.9,-4.4,1.9
2026-05-20,121600,64500.0,5.92,21.8,-22.2,-1.7
2026-05-21,121600,69500.0,6.23,-0.5,5.3,-5.2
2026-05-22,121600,72600.0,6.24,-7.8,12.3,-3.1
2026-05-26,121600,71900.0,6.14,-12.5,-6.0,18.9
2026-05-27,121600,68200.0,5.95,14.7,-25.5,10.4
2026-05-28,121600,70500.0,6.12,-5.9,1.4,3.8
2026-05-29,121600,66800.0,6.05,17.9,-37.3,18.1
2026-06-01,121600,65700.0,6.32,5.3,-1.6,-3.5
2026-06-02,121600,62500.0,6.42,2.5,-1.7,-1.4
2026-06-04,121600,63200.0,6.4,-5.9,2.6,3.3
2026-06-05,121600,57900.0,6.31,-8.6,-11.5,19.8
2026-06-08,121600,53500.0,6.16,11.5,-2.3,-7.2
2026-06-09,121600,56000.0,6.37,7.9,-5.9,-2.6
2026-06-10,121600,54500.0,6.49,17.9,-23.9,5.8
2026-06-11,121600,55500.0,6.74,7.4,-5.9,-1.5
2026-06-12,121600,57700.0,6.86,17.9,-21.1,2.9
2026-06-15,121600,63000.0,7.1,-6.5,3.4,3.6
2026-06-16,121600,60800.0,6.96,-8.5,-6.6,15.4
2026-06-17,121600,60500.0,6.82,-4.3,0.6,3.7
2026-06-18,121600,57600.0,6.73,9.6,-13.3,3.7
2026-06-19,121600,55900.0,6.89,8.0,-5.0,-2.9
2026-06-22,121600,55100.0,7.02,7.4,-6.5,-1.0
2026-06-23,121600,51300.0,7.14,7.7,-1.1,-5.9
2026-06-24,121600,51200.0,7.3,-0.4,4.6,-4.2
2026-06-25,121600,48850.0,7.36,15.6,-14.4,-1.5
2026-06-26,121600,46100.0,7.54,15.4,-4.7,-11.2
2026-06-29,121600,53200.0,7.84,-11.0,20.6,-8.2
2026-06-30,121600,51200.0,7.73,-12.9,14.2,-1.4
2026-07-01,121600,49300.0,7.44,1.6,-9.6,7.5
2026-07-02,121600,46850.0,7.47,3.4,-7.0,3.3
2026-07-03,121600,48100.0,7.52,2.0,-1.0,-0.4
2026-07-06,121600,47500.0,7.5,-6.3,-1.9,8.2
2026-07-07,121600,47150.0,7.32,0.5,0.9,-1.5
2026-07-08,121600,43400.0,7.34,-8.5,-2.3,10.8
2026-07-09,121600,43600.0,7.13,-1.6,8.5,-6.8
2026-07-10,121600,46450.0,7.1,-4.7,10.8,-6.2
2026-07-13,121600,45000.0,7.04,1.1,-2.6,1.4
2026-07-14,121600,42800.0,7.07,-3.6,-1.1,4.7
2026-07-15,121600,46150.0,7.0,-1.8,5.6,-3.9
2026-07-16,121600,43850.0,6.98,2.6,-7.0,4.4
2025-07-14,121800,3320.0,1.43,,,
2025-07-15,121800,3320.0,1.43,,,
2025-07-16,121800,3320.0,1.43,,,
2025-07-17,121800,3320.0,1.43,,,
2025-07-18,121800,3320.0,1.43,,,
2025-07-21,121800,3320.0,1.43,,,
2025-07-22,121800,3320.0,1.43,,,
2025-07-23,121800,3320.0,1.43,,,
2025-07-24,121800,3320.0,1.43,,,
2025-07-25,121800,3320.0,1.43,,,
2025-07-28,121800,3320.0,1.43,,,
2025-07-29,121800,3320.0,1.43,,,
2025-07-30,121800,3320.0,1.43,,,
2025-07-31,121800,3320.0,1.43,,,
2025-08-01,121800,3320.0,1.43,,,
2025-08-04,121800,3320.0,1.43,,,
2025-08-05,121800,3320.0,1.43,,,
2025-08-06,121800,3320.0,1.43,,,
2025-08-07,121800,3320.0,1.43,,,
2025-08-08,121800,3320.0,1.43,,,
2025-08-11,121800,3320.0,1.43,,,
2025-08-12,121800,3320.0,1.43,,,
2025-08-13,121800,3320.0,1.43,,,
2025-08-14,121800,3320.0,1.43,,,
2025-08-18,121800,3320.0,1.43,,,
2025-08-19,121800,3320.0,1.43,,,
2025-08-20,121800,3320.0,1.43,,,
2025-08-21,121800,3320.0,1.43,,,
2025-08-22,121800,3320.0,1.42,,,
2025-08-25,121800,3320.0,1.42,,,
2025-08-26,121800,3320.0,1.42,,,
2025-08-27,121800,3320.0,1.42,,,
2025-08-28,121800,3320.0,1.42,,,
2025-08-29,121800,3320.0,1.42,,,
2025-09-01,121800,3320.0,1.42,,,
2025-09-02,121800,3320.0,1.42,,,
2025-09-03,121800,3320.0,1.42,,,
2025-09-04,121800,3320.0,1.42,,,
2025-09-05,121800,3320.0,1.42,,,
2025-09-08,121800,3320.0,1.42,,,
2025-09-09,121800,3320.0,1.42,,,
2025-09-10,121800,3320.0,1.42,,,
2025-09-11,121800,3320.0,1.42,,,
2025-09-12,121800,3320.0,1.42,,,
2025-09-15,121800,3320.0,1.42,,,
2025-09-16,121800,3320.0,1.42,,,
2025-09-17,121800,3320.0,1.42,,,
2025-09-18,121800,3320.0,1.42,,,
2025-09-19,121800,3320.0,1.42,,,
2025-09-22,121800,3320.0,1.42,,,
2025-09-23,121800,3320.0,1.42,,,
2025-09-24,121800,3320.0,1.42,,,
2025-09-25,121800,3320.0,1.42,,,
2025-09-26,121800,3320.0,1.42,,,
2025-09-29,121800,3320.0,1.42,,,
2025-09-30,121800,3320.0,1.42,,,
2025-10-01,121800,3320.0,1.42,,,
2025-10-02,121800,3320.0,1.42,,,
2025-10-10,121800,3320.0,1.42,,,
2025-10-13,121800,3320.0,1.42,,,
2025-10-14,121800,3320.0,1.42,,,
2025-10-15,121800,3320.0,1.42,,,
2025-10-16,121800,3320.0,1.42,,,
2025-10-17,121800,3320.0,1.42,,,
2025-10-20,121800,3320.0,1.42,,,
2025-10-21,121800,3320.0,1.42,,,
2025-10-22,121800,3320.0,1.42,,,
2025-10-23,121800,3320.0,1.42,,,
2025-10-24,121800,3320.0,1.42,,,
2025-10-27,121800,3320.0,1.42,,,
2025-10-28,121800,3320.0,1.42,,,
2025-10-29,121800,3320.0,1.42,,,
2025-10-30,121800,3320.0,1.42,,,
2025-10-31,121800,3320.0,1.42,,,
2025-11-03,121800,3320.0,1.42,,,
2025-11-04,121800,3320.0,1.42,,,
2025-11-05,121800,3320.0,1.42,,,
2025-11-06,121800,3320.0,1.42,,,
2025-11-07,121800,3320.0,1.42,,,
2025-11-10,121800,3320.0,1.42,,,
2025-11-11,121800,3320.0,1.42,,,
2025-11-12,121800,3320.0,1.42,,,
2025-11-13,121800,3320.0,1.42,,,
2025-11-14,121800,3320.0,1.42,,,
2025-11-17,121800,3320.0,1.42,,,
2025-11-18,121800,3320.0,1.42,,,
2025-11-19,121800,3320.0,1.42,,,
2025-11-20,121800,3320.0,1.42,,,
2025-11-21,121800,3320.0,1.42,,,
2025-11-24,121800,3320.0,1.42,,,
2025-11-25,121800,3320.0,1.42,,,
2025-11-26,121800,3320.0,1.42,,,
2025-11-27,121800,3320.0,1.42,,,
2025-11-28,121800,3320.0,1.42,,,
2025-12-01,121800,3320.0,1.42,,,
2025-12-02,121800,3320.0,1.42,,,
2025-12-03,121800,3320.0,1.42,,,
2025-12-04,121800,3320.0,1.42,,,
2025-12-05,121800,3320.0,1.42,,,
2025-12-08,121800,3320.0,1.42,,,
2025-12-09,121800,3320.0,1.42,,,
2025-12-10,121800,3320.0,1.42,,,
2025-12-11,121800,3320.0,1.42,,,
2025-12-12,121800,3320.0,1.42,,,
2025-12-15,121800,3320.0,1.42,,,
2025-12-16,121800,3320.0,1.42,,,
2025-12-17,121800,3320.0,1.42,,,
2025-12-18,121800,3320.0,1.42,,,
2025-12-19,121800,3320.0,1.42,,,
2025-12-22,121800,3320.0,1.42,,,
2025-12-23,121800,3320.0,1.42,,,
2025-12-24,121800,3320.0,1.42,,,
2025-12-26,121800,3320.0,1.42,,,
2025-12-29,121800,3320.0,1.42,,,
2025-12-30,121800,3320.0,1.42,,,
2026-01-02,121800,3320.0,1.42,,,
2026-01-05,121800,3320.0,1.42,,,
2026-01-06,121800,3320.0,1.42,,,
2026-01-07,121800,3320.0,1.5,,,
2026-01-08,121800,3320.0,1.5,,,
2026-01-09,121800,3320.0,1.5,,,
2026-01-12,121800,3320.0,1.5,,,
2026-01-13,121800,3320.0,1.5,,,
2026-01-14,121800,3320.0,1.5,,,
2026-01-15,121800,3320.0,1.5,,,
2026-01-16,121800,3320.0,1.5,,,
2026-01-19,121800,3320.0,1.5,,,
2026-01-20,121800,3320.0,1.5,,,
2026-01-21,121800,3320.0,1.5,,,
2026-01-22,121800,3320.0,1.5,,,
2026-01-23,121800,3320.0,1.5,,,
2026-01-26,121800,3320.0,1.5,,,
2026-01-27,121800,3320.0,1.5,,,
2026-01-28,121800,3320.0,1.5,,,
2026-01-29,121800,3320.0,1.5,,,
2026-01-30,121800,3320.0,1.5,,,
2026-02-02,121800,3320.0,1.5,,,
2026-02-03,121800,3320.0,1.5,,,
2026-02-04,121800,3320.0,1.5,,,
2026-02-05,121800,3320.0,1.5,,,
2026-02-06,121800,3320.0,1.5,,,
2026-02-09,121800,3320.0,1.5,,,
2026-02-10,121800,3320.0,1.5,,,
2026-02-11,121800,3320.0,1.5,,,
2026-02-12,121800,3320.0,1.5,,,
2026-02-13,121800,3320.0,1.5,,,
2026-02-19,121800,3320.0,1.5,,,
2026-02-20,121800,3320.0,1.5,,,
2026-02-23,121800,3320.0,1.5,,,
2026-02-24,121800,3320.0,1.5,,,
2026-02-25,121800,3320.0,1.5,,,
2026-02-26,121800,3320.0,1.5,,,
2026-02-27,121800,3320.0,1.5,,,
2026-03-03,121800,3320.0,1.5,,,
2026-03-04,121800,3320.0,1.5,,,
2026-03-05,121800,3320.0,1.5,,,
2026-03-06,121800,3320.0,1.5,,,
2026-03-09,121800,3320.0,1.5,,,
2026-03-10,121800,3320.0,1.5,,,
2026-03-11,121800,3320.0,1.5,,,
2026-03-12,121800,3320.0,1.5,,,
2026-03-13,121800,3320.0,1.5,,,
2026-03-16,121800,3320.0,1.5,,,
2026-03-17,121800,3320.0,1.5,,,
2026-03-18,121800,3320.0,1.5,,,
2026-03-19,121800,3320.0,1.5,,,
2026-03-20,121800,3320.0,1.59,,,
2026-03-23,121800,3320.0,1.59,,,
2026-03-24,121800,3320.0,1.59,,,
2026-03-25,121800,3320.0,1.59,,,
2026-03-26,121800,3320.0,1.59,,,
2026-03-27,121800,3320.0,1.59,,,
2026-03-30,121800,3320.0,1.58,,,
2026-03-31,121800,3320.0,1.58,,,
2026-04-01,121800,3320.0,1.58,,,
2026-04-02,121800,3320.0,1.58,,,
2026-04-03,121800,3320.0,1.58,,,
2026-04-06,121800,3320.0,1.58,,,
2026-04-07,121800,3320.0,1.58,,,
2026-04-08,121800,3320.0,1.58,,,
2026-04-09,121800,3320.0,1.58,,,
2026-04-10,121800,3320.0,1.58,,,
2026-04-13,121800,3320.0,1.58,,,
2026-04-14,121800,3320.0,1.58,,,
2026-04-15,121800,3320.0,1.58,,,
2026-04-16,121800,3320.0,1.58,,,
2026-04-17,121800,3320.0,1.58,,,
2026-04-20,121800,3320.0,1.58,,,
2026-04-21,121800,3320.0,1.58,,,
2026-04-22,121800,3320.0,1.56,,,
2026-04-23,121800,3320.0,1.56,,,
2026-04-24,121800,3320.0,1.56,,,
2026-04-27,121800,3320.0,1.56,,,
2026-04-28,121800,3320.0,1.56,,,
2026-04-29,121800,3320.0,1.56,,,
2026-04-30,121800,3320.0,1.56,,,
2026-05-04,121800,3320.0,1.56,,,
2026-05-06,121800,3320.0,1.56,,,
2026-05-07,121800,3320.0,1.56,,,
2026-05-08,121800,3320.0,1.56,,,
2026-05-11,121800,3320.0,1.56,,,
2026-05-12,121800,3320.0,1.56,,,
2026-05-13,121800,3320.0,1.56,,,
2026-05-14,121800,3320.0,1.56,,,
2026-05-15,121800,3320.0,1.56,,,
2026-05-18,121800,3320.0,1.56,,,
2026-05-19,121800,3320.0,1.56,,,
2026-05-20,121800,3320.0,1.56,,,
2026-05-21,121800,3320.0,1.48,,,
2026-05-22,121800,3320.0,1.48,,,
2026-05-26,121800,3320.0,1.47,,,
2026-05-27,121800,3320.0,1.47,,,
2026-05-28,121800,3320.0,1.47,,,
2026-05-29,121800,3320.0,1.47,,,
2026-06-01,121800,3320.0,1.47,,,
2026-06-02,121800,3320.0,1.47,,,
2026-06-04,121800,3320.0,1.47,,,
2026-06-05,121800,3320.0,1.47,,,
2026-06-08,121800,3320.0,1.47,,,
2026-06-09,121800,3320.0,1.47,,,
2026-06-10,121800,3320.0,1.47,,,
2026-06-11,121800,3320.0,1.55,,,
2026-06-12,121800,3320.0,1.55,,,
2026-06-15,121800,3320.0,1.55,,,
2026-06-16,121800,3320.0,1.55,,,
2026-06-17,121800,3320.0,1.55,,,
2026-06-18,121800,3320.0,1.55,,,
2026-06-19,121800,3320.0,1.55,,,
2026-06-22,121800,3320.0,1.55,,,
2026-06-23,121800,3320.0,1.55,,,
2026-06-24,121800,3320.0,1.55,,,
2026-06-25,121800,3320.0,1.55,,,
2026-06-26,121800,3320.0,1.55,,,
2026-06-29,121800,3320.0,1.55,,,
2026-06-30,121800,3320.0,1.55,,,
2026-07-01,121800,3320.0,1.55,,,
2026-07-02,121800,3320.0,1.55,,,
2026-07-03,121800,3320.0,1.55,,,
2026-07-06,121800,3320.0,1.55,,,
2026-07-07,121800,3320.0,1.55,,,
2026-07-08,121800,3320.0,1.55,,,
2026-07-09,121800,3320.0,1.55,,,
2026-07-10,121800,3320.0,1.55,,,
2026-07-13,121800,3320.0,1.55,,,
2026-07-14,121800,3320.0,1.55,,,
2026-07-15,121800,3320.0,1.55,,,
2026-07-16,121800,3320.0,1.55,,,
2025-07-14,121850,936.0,1.79,-0.1,,0.1
2025-07-15,121850,913.0,1.76,-0.2,,0.2
2025-07-16,121850,902.0,1.68,0.1,,-0.1
2025-07-17,121850,894.0,1.72,-0.0,,0.0
2025-07-18,121850,904.0,1.71,0.2,,-0.2
2025-07-21,121850,907.0,1.74,0.2,,-0.1
2025-07-22,121850,915.0,1.79,-0.1,,0.1
2025-07-23,121850,902.0,1.75,-0.1,,0.1
2025-07-24,121850,899.0,1.72,-0.0,,0.0
2025-07-25,121850,868.0,1.72,-0.1,,0.1
2025-07-28,121850,865.0,1.68,-0.0,,0.0
2025-07-29,121850,857.0,1.67,0.0,,-0.1
2025-07-30,121850,862.0,1.66,0.1,,-0.1
2025-07-31,121850,882.0,1.7,-1.7,,1.8
2025-08-01,121850,880.0,1.25,0.3,,-0.3
2025-08-04,121850,889.0,1.35,0.4,,-0.4
2025-08-05,121850,901.0,1.5,0.3,,-0.3
2025-08-06,121850,908.0,1.59,0.3,,-0.3
2025-08-07,121850,889.0,1.7,0.1,,-0.1
2025-08-08,121850,923.0,1.81,0.9,,-0.9
2025-08-11,121850,898.0,2.15,-0.2,,0.2
2025-08-12,121850,896.0,2.06,0.0,,-0.0
2025-08-13,121850,888.0,2.06,-0.0,,0.1
2025-08-14,121850,898.0,2.05,0.1,,-0.1
2025-08-18,121850,878.0,2.22,-0.1,,0.1
2025-08-19,121850,871.0,2.18,-0.0,,0.0
2025-08-20,121850,852.0,2.18,-0.2,,0.2
2025-08-21,121850,853.0,2.12,0.0,,-0.0
2025-08-22,121850,860.0,2.12,-0.1,,0.1
2025-08-25,121850,871.0,2.09,-0.1,,0.1
2025-08-26,121850,867.0,2.06,-0.0,,0.0
2025-08-27,121850,853.0,2.04,-0.3,,0.3
2025-08-28,121850,853.0,1.92,0.1,,-0.1
2025-08-29,121850,843.0,1.94,-0.1,,0.1
2025-09-01,121850,815.0,1.92,-0.4,,0.4
2025-09-02,121850,844.0,1.77,-0.1,,0.1
2025-09-03,121850,822.0,1.75,-0.0,,-0.0
2025-09-04,121850,833.0,1.75,-0.0,,-0.0
2025-09-05,121850,833.0,1.75,0.0,,-0.0
2025-09-08,121850,827.0,1.75,0.0,,-0.0
2025-09-09,121850,863.0,1.75,0.1,,-0.1
2025-09-10,121850,852.0,1.78,0.1,,-0.1
2025-09-11,121850,842.0,1.83,0.1,,-0.1
2025-09-12,121850,850.0,1.85,0.0,,-0.0
2025-09-15,121850,838.0,1.86,-0.1,,0.1
2025-09-16,121850,650.0,1.83,-1.8,,1.7
2025-09-17,121850,652.0,0.99,0.0,,-0.1
2025-09-18,121850,658.0,1.02,0.3,,-0.3
2025-09-19,121850,667.0,1.19,0.8,,-0.8
2025-09-22,121850,656.0,1.59,-0.0,,0.0
2025-09-23,121850,648.0,1.57,0.2,,-0.2
2025-09-24,121850,639.0,1.68,-0.4,,0.4
2025-09-25,121850,634.0,1.46,0.1,,-0.1
2025-09-26,121850,636.0,1.52,0.1,,-0.1
2025-09-29,121850,642.0,1.59,0.4,,-0.4
2025-09-30,121850,637.0,1.8,0.0,,0.0
2025-10-01,121850,642.0,1.82,-0.0,,-0.0
2025-10-02,121850,636.0,1.8,-0.0,,0.1
2025-10-10,121850,632.0,1.8,-0.0,,0.0
2025-10-13,121850,626.0,1.78,0.2,,-0.2
2025-10-14,121850,608.0,1.88,-0.0,,0.0
2025-10-15,121850,627.0,1.87,0.8,,-0.8
2025-10-16,121850,632.0,2.28,0.0,,-0.0
2025-10-17,121850,624.0,2.3,-0.1,,0.1
2025-10-20,121850,633.0,2.26,0.3,,-0.3
2025-10-21,121850,632.0,2.39,0.2,,-0.2
2025-10-22,121850,618.0,2.52,-0.0,,0.0
2025-10-23,121850,623.0,2.51,0.1,,-0.1
2025-10-24,121850,622.0,2.58,0.1,,-0.1
2025-10-27,121850,624.0,2.61,0.0,,0.0
2025-10-28,121850,620.0,2.61,-0.1,,0.1
2025-10-29,121850,615.0,2.54,-0.2,,0.2
2025-10-30,121850,603.0,2.44,0.1,,-0.1
2025-10-31,121850,606.0,2.46,0.0,,-0.0
2025-11-03,121850,612.0,2.47,0.0,,-0.0
2025-11-04,121850,601.0,2.49,0.0,,-0.0
2025-11-05,121850,582.0,2.5,0.0,,-0.0
2025-11-06,121850,586.0,2.53,0.0,,-0.0
2025-11-07,121850,587.0,2.54,-0.1,,0.1
2025-11-10,121850,602.0,2.5,0.1,,-0.1
2025-11-11,121850,594.0,2.52,-0.0,,0.0
2025-11-12,121850,609.0,2.5,0.0,,-0.0
2025-11-13,121850,600.0,2.3,-0.2,,0.2
2025-11-14,121850,565.0,2.2,0.3,,-0.3
2025-11-17,121850,565.0,1.54,,,
2025-11-18,121850,565.0,1.54,,,
2025-11-19,121850,565.0,1.54,,,
2025-11-20,121850,565.0,1.54,,,
2025-11-21,121850,565.0,1.54,,,
2025-11-24,121850,565.0,1.54,,,
2025-11-25,121850,565.0,1.54,,,
2025-11-26,121850,565.0,1.54,,,
2025-11-27,121850,565.0,1.54,,,
2025-11-28,121850,565.0,1.54,,,
2025-12-01,121850,565.0,1.54,,,
2025-12-02,121850,565.0,1.54,,,
2025-12-03,121850,565.0,1.54,,,
2025-12-04,121850,565.0,1.54,,,
2025-12-05,121850,565.0,1.54,,,
2025-12-08,121850,565.0,1.54,,,
2025-12-09,121850,565.0,1.54,,,
2025-12-10,121850,5770.0,2.7,-0.2,-0.0,0.3
2025-12-11,121850,5450.0,1.19,-1.1,,1.1
2025-12-12,121850,5300.0,0.57,-0.2,,0.2
2025-12-15,121850,5120.0,0.44,-0.2,,0.2
2025-12-16,121850,5250.0,0.32,-0.1,,0.1
2025-12-17,121850,5260.0,0.28,0.1,,-0.1
2025-12-18,121850,4540.0,0.33,-0.0,,0.0
2025-12-19,121850,4510.0,0.3,0.1,,-0.1
2025-12-22,121850,4600.0,0.41,0.0,,-0.0
2025-12-23,121850,4545.0,0.42,0.0,,-0.0
2025-12-24,121850,4680.0,0.5,0.3,,-0.2
2025-12-26,121850,4845.0,0.68,-0.0,,0.0
2025-12-29,121850,4480.0,0.65,0.0,,-0.0
2025-12-30,121850,4250.0,0.67,0.3,,-0.3
2026-01-02,121850,4360.0,0.9,0.1,-0.0,-0.1
2026-01-05,121850,4275.0,0.98,0.1,,-0.1
2026-01-06,121850,4420.0,1.04,0.0,,-0.0
2026-01-07,121850,4320.0,1.06,0.0,,-0.0
2026-01-08,121850,3930.0,1.09,0.5,-0.0,-0.5
2026-01-09,121850,3840.0,1.86,0.2,,-0.2
2026-01-12,121850,4010.0,2.04,-0.2,,0.2
2026-01-13,121850,4195.0,1.92,0.8,,-0.8
2026-01-14,121850,4215.0,2.75,0.4,,-0.4
2026-01-15,121850,4150.0,3.05,-0.1,,0.1
2026-01-16,121850,3985.0,2.99,0.3,-0.0,-0.2
2026-01-19,121850,3875.0,3.21,0.1,,-0.2
2026-01-20,121850,3935.0,3.35,0.5,,-0.5
2026-01-21,121850,3785.0,3.75,-0.1,,0.1
2026-01-22,121850,3715.0,3.66,-0.4,-0.3,0.6
2026-01-23,121850,3660.0,3.34,-0.1,-0.1,0.2
2026-01-26,121850,3690.0,3.33,-0.0,-0.0,0.1
2026-01-27,121850,3840.0,3.32,0.1,-0.2,0.1
2026-01-28,121850,3665.0,3.44,-0.4,-0.0,0.4
2026-01-29,121850,3675.0,3.13,-0.5,-0.1,0.6
2026-01-30,121850,3530.0,2.86,-0.5,-0.1,0.5
2026-02-02,121850,3310.0,2.43,0.3,-0.0,-0.3
2026-02-03,121850,4300.0,2.7,-0.8,,0.8
2026-02-04,121850,5590.0,2.11,-0.1,0.0,0.1
2026-02-05,121850,6360.0,2.17,-2.7,0.5,1.9
2026-02-06,121850,4460.0,0.95,5.2,-13.1,8.0
2026-02-09,121850,3720.0,4.25,-1.8,-0.4,2.3
2026-02-10,121850,3525.0,5.94,-3.8,-0.0,3.9
2026-02-11,121850,3600.0,3.89,-2.9,-0.1,2.8
2026-02-12,121850,3425.0,2.43,0.1,,-0.0
2026-02-13,121850,3230.0,2.49,-0.2,,0.1
2026-02-19,121850,3165.0,2.4,1.1,,-1.1
2026-02-20,121850,3050.0,3.07,0.7,-0.5,-0.3
2026-02-23,121850,3000.0,3.54,0.9,-0.3,-0.6
2026-02-24,121850,2975.0,4.13,0.6,,-0.6
2026-02-25,121850,2910.0,4.55,-0.5,,0.5
2026-02-26,121850,2750.0,4.2,-0.3,,0.2
2026-02-27,121850,2640.0,4.34,0.7,,-0.8
2026-03-03,121850,2500.0,4.89,0.3,,-0.4
2026-03-04,121850,2110.0,5.16,0.5,0.0,-0.6
2026-03-05,121850,2275.0,5.65,-0.6,-0.0,0.6
2026-03-06,121850,2290.0,5.21,-0.6,,0.6
2026-03-09,121850,2180.0,4.68,-0.3,,0.3
2026-03-10,121850,2250.0,4.4,-0.0,,0.0
2026-03-11,121850,2355.0,4.25,0.2,,-0.7
2026-03-12,121850,2350.0,4.42,0.0,,0.4
2026-03-13,121850,2360.0,4.45,0.2,-0.1,-0.3
2026-03-16,121850,2355.0,4.66,-0.2,,-0.0
2026-03-17,121850,2355.0,4.51,-0.2,,0.1
2026-03-18,121850,2395.0,4.21,-0.3,,0.7
2026-03-19,121850,2350.0,3.92,0.1,,-0.5
2026-03-20,121850,2350.0,4.05,1.3,,-0.9
2026-03-23,121850,2335.0,5.11,-0.1,,-0.2
2026-03-24,121850,2290.0,5.04,-0.7,,0.0
2026-03-25,121850,2285.0,4.4,-0.0,,-0.1
2026-03-26,121850,2275.0,4.38,0.1,-0.0,-0.1
2026-03-27,121850,2350.0,4.44,0.3,,0.0
2026-03-30,121850,2340.0,4.68,0.1,,0.3
2026-03-31,121850,2290.0,4.78,-0.0,,-0.1
2026-04-01,121850,2325.0,4.64,-0.1,,0.6
2026-04-02,121850,1978.0,4.56,0.0,,-0.0
2026-04-03,121850,1959.0,4.59,-0.3,,0.2
2026-04-06,121850,1963.0,4.34,-0.2,,0.6
2026-04-07,121850,2550.0,4.23,-0.1,,0.1
2026-04-08,121850,3315.0,4.16,-0.3,0.0,0.3
2026-04-09,121850,4305.0,4.03,-0.2,0.0,0.1
2026-04-10,121850,3460.0,3.94,-3.9,-0.1,3.9
2026-04-13,121850,2940.0,2.25,-1.3,,0.2
2026-04-14,121850,3105.0,1.76,0.4,,0.5
2026-04-15,121850,3450.0,2.0,1.8,,-1.4
2026-04-16,121850,3135.0,3.02,-0.2,,0.1
2026-04-17,121850,3045.0,2.91,-0.2,,0.3
2026-04-20,121850,2900.0,2.76,0.5,,-0.5
2026-04-21,121850,2860.0,3.14,-0.3,,0.2
2026-04-22,121850,2910.0,2.98,0.1,,-0.2
2026-04-23,121850,2835.0,3.05,-0.7,-0.0,0.8
2026-04-24,121850,2730.0,2.55,-0.5,,0.4
2026-04-27,121850,2775.0,2.17,0.2,,-0.0
2026-04-28,121850,2720.0,2.29,-0.3,,0.4
2026-04-29,121850,2755.0,2.05,0.2,,-0.2
2026-04-30,121850,2635.0,2.17,-0.3,,0.3
2026-05-04,121850,2680.0,1.94,0.0,-0.0,-0.0
2026-05-06,121850,2585.0,1.97,-0.1,,0.1
2026-05-07,121850,2525.0,1.91,0.4,0.0,-0.4
2026-05-08,121850,2420.0,2.22,0.5,-0.0,-0.5
2026-05-11,121850,2580.0,2.59,-0.8,0.0,0.8
2026-05-12,121850,2395.0,2.0,-0.3,0.0,0.3
2026-05-13,121850,2305.0,1.72,-0.0,-0.0,0.0
2026-05-14,121850,2290.0,1.69,0.7,0.0,-0.7
2026-05-15,121850,2220.0,2.29,-0.2,0.0,0.1
2026-05-18,121850,2180.0,2.15,-0.2,-0.0,0.2
2026-05-19,121850,2135.0,1.96,-0.2,0.0,0.2
2026-05-20,121850,2775.0,1.79,-0.4,0.0,0.3
2026-05-21,121850,2410.0,1.51,-1.2,-0.0,1.4
2026-05-22,121850,2535.0,0.64,0.1,-0.0,-0.1
2026-05-26,121850,2465.0,0.68,-0.0,0.0,0.0
2026-05-27,121850,2380.0,0.64,0.3,-0.0,-0.3
2026-05-28,121850,2285.0,0.89,0.2,0.0,-0.2
2026-05-29,121850,2300.0,1.1,-0.1,-0.0,0.1
2026-06-01,121850,2090.0,1.03,0.2,0.0,-0.3
2026-06-02,121850,1950.0,1.27,-0.1,-0.0,0.1
2026-06-04,121850,1888.0,1.2,0.1,,-0.1
2026-06-05,121850,1919.0,1.26,-0.0,,0.0
2026-06-08,121850,1636.0,1.24,0.2,,-0.2
2026-06-09,121850,1640.0,1.59,-0.0,,0.0
2026-06-10,121850,1590.0,1.53,-0.0,,0.0
2026-06-11,121850,1628.0,1.5,-0.0,,0.0
2026-06-12,121850,1715.0,1.43,0.1,,-0.1
2026-06-15,121850,1724.0,1.51,-0.1,,0.1
2026-06-16,121850,1834.0,1.44,-0.1,,0.1
2026-06-17,121850,1781.0,1.33,-0.1,,0.1
2026-06-18,121850,1785.0,1.19,-0.0,,0.0
2026-06-19,121850,1803.0,1.06,-0.1,,0.1
2026-06-22,121850,1650.0,1.0,0.0,,-0.0
2026-06-23,121850,1641.0,1.05,0.0,,-0.0
2026-06-24,121850,1622.0,1.08,-0.1,,0.1
2026-06-25,121850,1500.0,1.0,0.0,,-0.1
2026-06-26,121850,1251.0,1.04,0.2,,-0.3
2026-06-29,121850,1415.0,1.38,0.2,0.0,-0.2
2026-06-30,121850,1321.0,1.69,-0.0,0.0,0.0
2026-07-01,121850,1447.0,1.66,0.1,,-0.1
2026-07-02,121850,1400.0,1.84,-0.1,,0.1
2026-07-03,121850,1497.0,1.72,-0.0,,0.0
2026-07-06,121850,1480.0,1.71,-0.1,,0.1
2026-07-07,121850,1490.0,1.63,-0.1,,0.1
2026-07-08,121850,1347.0,1.51,-0.1,,0.1
2026-07-09,121850,1333.0,1.36,0.0,,-0.0
2026-07-10,121850,1390.0,1.39,0.1,,-0.1
2026-07-13,121850,1363.0,1.57,0.0,,-0.0
2026-07-14,121850,1356.0,1.58,-0.0,,0.0
2026-07-15,121850,1429.0,1.54,0.0,,-0.0
2026-07-16,121850,1474.0,1.57,-0.0,,0.0
2025-07-14,121890,1405.0,3.39,-0.1,,0.2
2025-07-15,121890,1391.0,3.32,-0.0,,0.1
2025-07-16,121890,1391.0,3.32,-0.0,,0.1
2025-07-17,121890,1393.0,3.31,0.0,,-0.0
2025-07-18,121890,1399.0,3.31,0.0,,-0.0
2025-07-21,121890,1382.0,3.33,-0.0,,0.1
2025-07-22,121890,1376.0,3.32,-0.0,,0.0
2025-07-23,121890,1341.0,3.31,0.0,,-0.1
2025-07-24,121890,1333.0,3.32,0.0,,-0.0
2025-07-25,121890,1354.0,3.32,0.0,,-0.0
2025-07-28,121890,1391.0,3.33,0.0,,-0.1
2025-07-29,121890,1400.0,3.33,-0.0,,0.1
2025-07-30,121890,1396.0,3.33,-0.0,,-0.0
2025-07-31,121890,1395.0,3.32,-0.0,,0.0
2025-08-01,121890,1380.0,3.32,-0.0,,0.0
2025-08-04,121890,1381.0,3.31,0.0,,-0.0
2025-08-05,121890,1391.0,3.33,0.1,,-0.0
2025-08-06,121890,1401.0,3.36,0.0,,0.0
2025-08-07,121890,1397.0,3.36,0.0,,-0.0
2025-08-08,121890,1389.0,3.37,-0.0,,0.0
2025-08-11,121890,1398.0,3.36,0.0,,-0.0
2025-08-12,121890,1382.0,3.36,0.0,,-0.0
2025-08-13,121890,1378.0,3.36,0.2,,-0.2
2025-08-14,121890,1383.0,3.45,0.4,,-0.4
2025-08-18,121890,1380.0,3.67,0.3,,-0.5
2025-08-19,121890,1382.0,3.84,0.0,,-0.0
2025-08-20,121890,1377.0,3.82,0.1,,-0.1
2025-08-21,121890,1394.0,3.86,-0.0,,0.1
2025-08-22,121890,1380.0,3.86,0.4,,-0.2
2025-08-25,121890,1391.0,4.09,0.4,,-0.4
2025-08-26,121890,1396.0,4.38,0.1,,-0.0
2025-08-27,121890,1407.0,4.42,0.1,,-0.1
2025-08-28,121890,1424.0,4.48,0.2,,-0.2
2025-08-29,121890,1515.0,4.57,0.3,,-0.4
2025-09-01,121890,1576.0,4.77,0.1,0.0,-0.9
2025-09-02,121890,1555.0,4.73,0.1,,-0.2
2025-09-03,121890,1604.0,4.77,1.1,-0.0,-1.5
2025-09-04,121890,1612.0,5.3,0.1,,-0.3
2025-09-05,121890,1689.0,5.36,1.0,,-1.0
2025-09-08,121890,1616.0,5.76,1.2,,-1.6
2025-09-09,121890,1596.0,6.3,0.3,,-0.3
2025-09-10,121890,1586.0,6.44,0.1,,-0.2
2025-09-11,121890,1537.0,6.51,0.7,,-0.7
2025-09-12,121890,1541.0,6.85,0.5,,-0.3
2025-09-15,121890,1536.0,7.08,0.5,,-0.6
2025-09-16,121890,1559.0,7.31,1.2,,0.2
2025-09-17,121890,1582.0,7.89,0.1,,0.1
2025-09-18,121890,1567.0,7.91,-0.1,,0.3
2025-09-19,121890,1553.0,7.86,-0.1,,0.3
2025-09-22,121890,1541.0,7.81,1.4,,0.3
2025-09-23,121890,1606.0,8.48,-2.3,,7.1
2025-09-24,121890,1600.0,7.59,1.0,,-2.3
2025-09-25,121890,1608.0,8.07,0.6,,-1.1
2025-09-26,121890,1626.0,8.35,0.4,,-0.5
2025-09-29,121890,1647.0,8.54,1.7,,-1.3
2025-09-30,121890,1620.0,9.33,-0.3,,0.2
2025-10-01,121890,1615.0,9.2,0.0,,-0.3
2025-10-02,121890,1630.0,9.21,0.4,,-1.0
2025-10-10,121890,1630.0,9.4,0.0,,-0.5
2025-10-13,121890,1683.0,9.41,0.4,,-0.3
2025-10-14,121890,1641.0,9.58,-0.4,,0.4
2025-10-15,121890,1673.0,9.41,0.6,,-0.6
2025-10-16,121890,1690.0,9.68,-0.1,,-0.8
2025-10-17,121890,1700.0,9.65,0.0,,-1.1
2025-10-20,121890,1683.0,9.64,1.5,,0.1
2025-10-21,121890,1671.0,10.33,-0.2,,0.3
2025-10-22,121890,1678.0,10.24,-0.1,,0.1
2025-10-23,121890,1713.0,10.19,0.5,,-0.7
2025-10-24,121890,1755.0,10.41,0.8,,-1.2
2025-10-27,121890,1823.0,10.75,0.3,,-0.8
2025-10-28,121890,1781.0,10.88,-0.2,,-0.2
2025-10-29,121890,1783.0,10.79,-0.1,,0.0
2025-10-30,121890,1788.0,10.76,0.2,,-1.0
2025-10-31,121890,1770.0,10.85,0.1,,-0.1
2025-11-03,121890,1683.0,10.92,-0.4,,0.1
2025-11-04,121890,1662.0,10.74,-0.0,,-0.0
2025-11-05,121890,1663.0,10.73,-0.2,,-0.1
2025-11-06,121890,1690.0,10.64,0.7,,-0.8
2025-11-07,121890,1691.0,10.93,-0.1,,-0.1
2025-11-10,121890,1690.0,10.87,0.1,-0.2,-0.2
2025-11-11,121890,1669.0,10.91,-0.3,,0.2
2025-11-12,121890,1699.0,10.8,-0.0,,-0.0
2025-11-13,121890,1643.0,10.8,-0.1,,0.1
2025-11-14,121890,1646.0,10.76,0.0,,-0.0
2025-11-17,121890,1699.0,10.76,0.1,,-0.1
2025-11-18,121890,1671.0,10.79,-0.0,,-0.2
2025-11-19,121890,1686.0,10.78,0.2,,-0.3
2025-11-20,121890,1666.0,10.86,-0.1,,-0.0
2025-11-21,121890,1654.0,10.82,0.1,,-0.1
2025-11-24,121890,1669.0,10.86,0.0,,-0.2
2025-11-25,121890,1636.0,10.86,-0.1,,-0.1
2025-11-26,121890,1649.0,10.81,-0.1,,-0.0
2025-11-27,121890,1610.0,10.76,-0.1,,0.1
2025-11-28,121890,1577.0,10.72,-0.1,,0.1
2025-12-01,121890,1584.0,10.67,-0.0,,0.1
2025-12-02,121890,1616.0,10.65,0.0,,-0.0
2025-12-03,121890,1633.0,10.67,-0.0,,0.0
2025-12-04,121890,1663.0,10.65,-0.1,,0.1
2025-12-05,121890,1667.0,10.63,0.0,,-0.0
2025-12-08,121890,1675.0,10.63,-0.0,,0.0
2025-12-09,121890,1679.0,10.62,-0.3,,0.4
2025-12-10,121890,1783.0,10.56,1.6,,-1.7
2025-12-11,121890,1730.0,11.26,0.3,,0.5
2025-12-12,121890,1738.0,11.39,0.1,,0.3
2025-12-15,121890,1792.0,11.42,0.7,,0.3
2025-12-16,121890,1774.0,11.74,-0.0,,0.0
2025-12-17,121890,1805.0,11.72,-0.0,,-0.0
2025-12-18,121890,1806.0,11.72,-0.2,,0.2
2025-12-19,121890,1793.0,11.64,0.0,,-0.1
2025-12-22,121890,1772.0,11.64,-0.0,,-0.2
2025-12-23,121890,1752.0,11.64,0.0,,-0.0
2025-12-24,121890,1765.0,11.65,0.0,,-0.0
2025-12-26,121890,1763.0,11.66,-0.1,,0.1
2025-12-29,121890,1734.0,11.62,-0.0,,0.0
2025-12-30,121890,1740.0,11.61,0.0,,-0.0
2026-01-02,121890,1705.0,11.62,-0.1,,0.0
2026-01-05,121890,1680.0,11.6,0.2,,-0.1
2026-01-06,121890,1698.0,11.68,0.0,,-0.0
2026-01-07,121890,1707.0,11.76,-0.2,,0.2
2026-01-08,121890,1676.0,11.68,-0.0,,-0.1
2026-01-09,121890,1652.0,11.67,0.1,,-0.1
2026-01-12,121890,1660.0,11.73,0.0,,-0.1
2026-01-13,121890,1675.0,11.75,0.1,,-0.1
2026-01-14,121890,1662.0,11.76,-0.0,,0.0
2026-01-15,121890,1662.0,11.74,-0.1,,0.1
2026-01-16,121890,1674.0,11.7,0.2,,-0.2
2026-01-19,121890,1650.0,11.77,-0.1,,0.1
2026-01-20,121890,1620.0,11.74,0.4,,-0.4
2026-01-21,121890,1602.0,11.93,0.2,,-0.2
2026-01-22,121890,1655.0,12.04,-0.0,,-0.0
2026-01-23,121890,1648.0,12.04,-0.0,,0.0
2026-01-26,121890,1647.0,12.03,0.0,,-0.0
2026-01-27,121890,1616.0,12.03,-0.1,,0.1
2026-01-28,121890,1608.0,12.0,0.2,,-0.2
2026-01-29,121890,1590.0,12.09,0.3,,-0.3
2026-01-30,121890,1586.0,12.24,-0.0,,0.0
2026-02-02,121890,1540.0,12.23,0.0,,-0.0
2026-02-03,121890,1527.0,12.24,0.6,,-0.6
2026-02-04,121890,1509.0,12.56,0.0,,-0.0
2026-02-05,121890,1477.0,12.57,0.5,,-0.5
2026-02-06,121890,1510.0,12.83,0.6,,-0.4
2026-02-09,121890,1540.0,13.14,-0.0,,0.0
2026-02-10,121890,1538.0,13.12,0.1,,-0.1
2026-02-11,121890,1550.0,13.17,0.1,,-0.1
2026-02-12,121890,1669.0,13.21,0.2,,-0.1
2026-02-13,121890,1583.0,13.29,0.6,,-0.7
2026-02-19,121890,1460.0,13.59,1.0,,-1.0
2026-02-20,121890,1618.0,14.07,0.5,,-0.4
2026-02-23,121890,1450.0,14.34,0.6,,-0.4
2026-02-24,121890,1410.0,14.64,-0.0,,0.0
2026-02-25,121890,1408.0,14.64,-0.0,,0.0
2026-02-26,121890,1440.0,14.62,-0.1,,0.1
2026-02-27,121890,1490.0,14.56,-0.0,,0.3
2026-03-03,121890,1483.0,14.57,0.1,,-0.1
2026-03-04,121890,1334.0,14.62,1.3,,-0.9
2026-03-05,121890,1450.0,15.31,0.0,,-0.0
2026-03-06,121890,1485.0,15.32,0.2,,-0.2
2026-03-09,121890,1403.0,15.4,0.7,,-0.7
2026-03-10,121890,1460.0,15.81,-0.1,,0.1
2026-03-11,121890,1408.0,15.77,-0.1,,0.0
2026-03-12,121890,1390.0,15.74,-0.0,,-0.1
2026-03-13,121890,1375.0,15.73,0.2,-0.2,0.0
2026-03-16,121890,1378.0,15.85,0.1,,-0.1
2026-03-17,121890,1367.0,15.88,-0.0,,0.0
2026-03-18,121890,1358.0,15.87,-0.0,,-0.0
2026-03-19,121890,1329.0,15.87,-0.0,,0.0
2026-03-20,121890,1329.0,15.85,0.1,,-0.0
2026-03-23,121890,1403.0,15.91,0.6,,0.5
2026-03-24,121890,1403.0,16.3,0.3,,-0.1
2026-03-25,121890,1426.0,16.44,0.1,,-0.1
2026-03-26,121890,1430.0,16.48,-0.0,,0.1
2026-03-27,121890,1675.0,16.48,0.4,,0.3
2026-03-30,121890,1725.0,16.66,0.2,,-0.2
2026-03-31,121890,1690.0,16.77,-0.4,,0.1
2026-04-01,121890,1713.0,16.58,0.5,,-1.2
2026-04-02,121890,1610.0,16.8,0.3,,-1.0
2026-04-03,121890,1810.0,16.94,0.4,,0.2
2026-04-06,121890,1798.0,17.16,0.2,,-0.2
2026-04-07,121890,1847.0,17.25,0.9,,-1.2
2026-04-08,121890,1785.0,17.59,-0.8,,0.8
2026-04-09,121890,1742.0,17.28,0.4,,-0.8
2026-04-10,121890,1771.0,17.44,0.8,,-0.9
2026-04-13,121890,1784.0,17.77,0.2,,-0.2
2026-04-14,121890,1815.0,17.83,0.4,,0.6
2026-04-15,121890,1798.0,18.02,0.3,,0.9
2026-04-16,121890,1737.0,18.12,0.2,,0.2
2026-04-17,121890,1690.0,18.22,-0.2,,-2.3
2026-04-20,121890,1627.0,18.12,0.2,,-0.1
2026-04-21,121890,1598.0,18.23,-0.1,,0.3
2026-04-22,121890,1596.0,18.17,0.0,,0.4
2026-04-23,121890,1552.0,18.19,-0.3,,1.1
2026-04-24,121890,1545.0,18.03,0.1,,0.2
2026-04-27,121890,1657.0,18.06,1.1,,-0.8
2026-04-28,121890,1704.0,18.56,-0.1,,0.1
2026-04-29,121890,1740.0,18.47,0.1,-0.0,-0.2
2026-04-30,121890,1914.0,18.5,0.9,-0.0,-0.8
2026-05-04,121890,2325.0,18.88,-0.6,0.0,0.9
2026-05-06,121890,2120.0,18.8,0.7,0.0,1.3
2026-05-07,121890,2140.0,19.05,1.1,-0.0,-1.1
2026-05-08,121890,2260.0,19.44,0.6,0.0,-0.4
2026-05-11,121890,2425.0,19.61,0.1,0.0,0.5
2026-05-12,121890,2230.0,19.64,-0.8,0.0,0.8
2026-05-13,121890,2200.0,19.38,-0.1,0.0,0.1
2026-05-14,121890,2220.0,19.36,0.2,0.0,-0.2
2026-05-15,121890,2035.0,19.44,0.3,0.0,-0.2
2026-05-18,121890,2050.0,19.55,-0.1,0.0,0.1
2026-05-19,121890,2475.0,19.5,-2.9,-0.0,3.1
2026-05-20,121890,2510.0,18.66,-0.2,-0.0,0.3
2026-05-21,121890,2485.0,18.61,-0.5,-0.0,-0.2
2026-05-22,121890,2700.0,18.47,0.6,0.0,-1.0
2026-05-26,121890,2940.0,18.66,-0.6,0.0,0.5
2026-05-27,121890,2845.0,18.48,-1.2,0.0,1.1
2026-05-28,121890,2680.0,18.16,-0.6,-0.0,0.6
2026-05-29,121890,2490.0,17.98,0.1,0.0,-0.0
2026-06-01,121890,2090.0,18.02,1.2,-0.0,-1.2
2026-06-02,121890,2005.0,18.47,1.2,-0.0,-1.3
2026-06-04,121890,2065.0,18.94,-0.4,,0.4
2026-06-05,121890,2050.0,18.77,-0.2,,0.2
2026-06-08,121890,1934.0,18.7,-0.3,0.0,0.2
2026-06-09,121890,1963.0,18.59,-0.4,0.0,0.4
2026-06-10,121890,1897.0,18.45,-0.4,-0.0,0.4
2026-06-11,121890,1952.0,18.31,-0.1,,0.1
2026-06-12,121890,1934.0,18.27,-0.5,0.0,0.5
2026-06-15,121890,2030.0,18.06,-0.1,-0.0,0.0
2026-06-16,121890,1980.0,18.05,-0.1,0.0,0.1
2026-06-17,121890,2160.0,17.98,-0.2,-0.0,0.1
2026-06-18,121890,1993.0,17.91,-0.0,0.0,-0.1
2026-06-19,121890,1969.0,17.91,-0.0,-0.0,-0.3
2026-06-22,121890,2030.0,17.91,-0.0,-0.0,0.0
2026-06-23,121890,1975.0,17.89,-0.1,0.0,0.1
2026-06-24,121890,2060.0,17.84,-0.2,-0.0,0.2
2026-06-25,121890,1981.0,17.78,-0.7,-0.0,0.5
2026-06-26,121890,2060.0,17.52,-0.0,0.0,0.0
2026-06-29,121890,2005.0,17.5,-0.4,-0.0,0.4
2026-06-30,121890,1970.0,17.38,-0.5,0.0,0.5
2026-07-01,121890,1967.0,17.19,-0.4,-0.0,0.3
2026-07-02,121890,1983.0,17.03,-0.1,-0.0,-0.0
2026-07-03,121890,1990.0,17.02,-0.1,-0.0,0.1
2026-07-06,121890,1811.0,16.98,-0.5,-0.0,0.3
2026-07-07,121890,1839.0,16.77,-0.5,0.0,0.4
2026-07-08,121890,1837.0,16.58,-0.3,-0.0,0.2
2026-07-09,121890,1802.0,16.45,-0.4,-0.0,-0.0
2026-07-10,121890,1927.0,16.3,0.0,-0.0,-0.1
2026-07-13,121890,1900.0,16.3,-0.0,0.0,0.0
2026-07-14,121890,1896.0,16.3,0.0,0.0,0.0
2026-07-15,121890,1900.0,16.3,0.1,-0.0,-0.4
2026-07-16,121890,2050.0,16.34,0.1,-0.0,-1.0
2025-07-14,122310,5680.0,1.84,-0.2,0.4,-0.2
2025-07-15,122310,5710.0,1.82,-0.2,0.1,0.1
2025-07-16,122310,5600.0,1.8,-0.3,0.1,0.1
2025-07-17,122310,5700.0,1.77,0.0,-0.3,0.2
2025-07-18,122310,5710.0,1.77,-0.0,-0.3,0.3
2025-07-21,122310,5740.0,1.76,-0.1,0.9,-0.9
2025-07-22,122310,5880.0,1.76,0.5,0.0,-0.4
2025-07-23,122310,5800.0,1.82,-0.3,0.2,0.1
2025-07-24,122310,5770.0,1.78,0.2,0.0,-0.2
2025-07-25,122310,5770.0,1.8,-0.1,0.0,0.0
2025-07-28,122310,5690.0,1.79,-0.5,-0.3,0.7
2025-07-29,122310,5690.0,1.73,0.0,-0.1,-0.2
2025-07-30,122310,5650.0,1.73,-0.0,-0.2,0.5
2025-07-31,122310,5670.0,1.73,0.1,-0.2,-0.1
2025-08-01,122310,5620.0,1.74,-0.3,0.2,0.0
2025-08-04,122310,5590.0,1.71,0.3,0.1,-0.4
2025-08-05,122310,5620.0,1.75,-0.0,0.0,0.0
2025-08-06,122310,5570.0,1.75,-0.6,-0.0,0.6
2025-08-07,122310,5560.0,1.67,-0.2,,0.1
2025-08-08,122310,5600.0,1.65,0.1,,-0.1
2025-08-11,122310,5600.0,1.66,-0.0,,0.0
2025-08-12,122310,5580.0,1.66,-0.0,,0.0
2025-08-13,122310,5550.0,1.66,-0.1,,0.1
2025-08-14,122310,5490.0,1.65,-0.3,-0.7,0.9
2025-08-18,122310,5380.0,1.61,-0.1,,0.1
2025-08-19,122310,5390.0,1.6,-0.1,,0.0
2025-08-20,122310,5320.0,1.59,-0.1,,0.1
2025-08-21,122310,5340.0,1.58,-0.0,,0.0
2025-08-22,122310,5340.0,1.58,0.0,,-0.0
2025-08-25,122310,5280.0,1.58,0.0,,-0.0
2025-08-26,122310,5300.0,1.59,0.7,,-0.7
2025-08-27,122310,5300.0,1.68,-0.1,-0.2,0.2
2025-08-28,122310,5230.0,1.67,-0.0,,0.1
2025-08-29,122310,5240.0,1.66,-0.1,,0.1
2025-09-01,122310,5210.0,1.65,-0.1,,0.1
2025-09-02,122310,5240.0,1.64,-0.0,,0.0
2025-09-03,122310,5240.0,1.64,-0.0,,0.0
2025-09-04,122310,5230.0,1.64,-0.0,-0.0,0.0
2025-09-05,122310,5270.0,1.63,-0.0,,0.0
2025-09-08,122310,5230.0,1.63,-0.0,,0.0
2025-09-09,122310,5230.0,1.63,-0.0,,0.0
2025-09-10,122310,5250.0,1.58,-0.1,,0.1
2025-09-11,122310,5220.0,1.58,-0.0,,0.0
2025-09-12,122310,5270.0,1.58,0.0,,-0.0
2025-09-15,122310,5260.0,1.58,0.0,,-0.0
2025-09-16,122310,5210.0,1.59,-0.0,,0.0
2025-09-17,122310,5210.0,1.58,-0.0,,0.0
2025-09-18,122310,5250.0,1.58,0.0,,-0.0
2025-09-19,122310,5290.0,1.58,-0.1,,0.1
2025-09-22,122310,5200.0,1.58,0.0,,0.3
2025-09-23,122310,5210.0,1.58,-0.0,,0.0
2025-09-24,122310,5170.0,1.58,-0.1,-1.0,1.1
2025-09-25,122310,5060.0,1.57,-0.0,,0.0
2025-09-26,122310,5030.0,1.57,0.0,,-0.1
2025-09-29,122310,5070.0,1.56,0.0,,0.0
2025-09-30,122310,5050.0,1.56,0.0,,-0.0
2025-10-01,122310,5090.0,1.56,-0.0,,0.0
2025-10-02,122310,5030.0,1.56,0.0,,-0.0
2025-10-10,122310,4985.0,1.57,-0.1,,0.1
2025-10-13,122310,4995.0,1.56,0.1,0.0,-0.1
2025-10-14,122310,4995.0,1.57,-0.1,,0.1
2025-10-15,122310,5020.0,1.56,-0.0,,0.0
2025-10-16,122310,5020.0,1.56,-0.0,,0.0
2025-10-17,122310,5020.0,1.56,0.3,,-0.3
2025-10-20,122310,5100.0,1.61,0.0,,0.0
2025-10-21,122310,5170.0,1.61,0.1,,-0.1
2025-10-22,122310,5130.0,1.62,0.0,,-0.0
2025-10-23,122310,5100.0,1.62,0.0,,-0.0
2025-10-24,122310,5030.0,1.63,-0.0,0.1,-0.1
2025-10-27,122310,5000.0,1.62,0.0,,0.0
2025-10-28,122310,4940.0,1.62,0.0,,0.0
2025-10-29,122310,4870.0,1.63,-0.2,,0.2
2025-10-30,122310,4875.0,1.6,-0.0,,0.0
2025-10-31,122310,4765.0,1.6,0.1,-0.3,0.2
2025-11-03,122310,4675.0,1.61,-0.1,,0.0
2025-11-04,122310,4665.0,1.6,-0.1,,0.1
2025-11-05,122310,4605.0,1.59,-0.0,,0.0
2025-11-06,122310,4600.0,1.59,0.0,,-0.0
2025-11-07,122310,4540.0,1.59,1.0,-1.0,0.0
2025-11-10,122310,4590.0,1.74,0.2,,-0.1
2025-11-11,122310,4595.0,1.76,-0.1,,0.0
2025-11-12,122310,4685.0,1.76,0.1,,0.1
2025-11-13,122310,4700.0,1.76,-0.0,,0.0
2025-11-14,122310,4730.0,1.76,-0.1,,0.0
2025-11-17,122310,4645.0,1.75,-0.0,,0.0
2025-11-18,122310,4670.0,1.75,-0.0,,0.0
2025-11-19,122310,4620.0,1.74,-0.0,,-0.0
2025-11-20,122310,4620.0,1.74,0.1,,-0.1
2025-11-21,122310,4530.0,1.75,-0.0,,0.0
2025-11-24,122310,4395.0,1.74,-1.9,,1.9
2025-11-25,122310,4345.0,1.47,0.3,,-0.3
2025-11-26,122310,4345.0,1.51,0.1,,-0.1
2025-11-27,122310,4360.0,1.52,-0.0,,-0.0
2025-11-28,122310,4420.0,1.52,0.0,,-0.0
2025-12-01,122310,4490.0,1.52,0.2,,-0.2
2025-12-02,122310,4510.0,1.54,-0.0,,0.0
2025-12-03,122310,4495.0,1.54,-0.0,,0.0
2025-12-04,122310,4415.0,1.54,0.0,,-0.0
2025-12-05,122310,4385.0,1.54,0.0,,-0.0
2025-12-08,122310,4390.0,1.54,0.0,,-0.0
2025-12-09,122310,4405.0,1.54,0.3,,-0.3
2025-12-10,122310,4465.0,1.59,0.1,,-0.1
2025-12-11,122310,4475.0,1.6,0.1,,-0.1
2025-12-12,122310,4465.0,1.61,0.0,,-0.0
2025-12-15,122310,4510.0,1.62,0.0,,-0.1
2025-12-16,122310,4345.0,1.62,0.3,,-0.3
2025-12-17,122310,4375.0,1.88,0.0,,-0.0
2025-12-18,122310,4330.0,1.89,0.0,,-0.0
2025-12-19,122310,4365.0,1.89,-0.0,,0.0
2025-12-22,122310,4325.0,1.89,0.0,,0.1
2025-12-23,122310,4205.0,1.9,-0.1,,0.9
2025-12-24,122310,4090.0,1.88,-0.0,,-0.0
2025-12-26,122310,4235.0,1.88,-0.0,,0.1
2025-12-29,122310,4180.0,1.66,-0.1,,0.1
2025-12-30,122310,4160.0,1.66,0.0,,-0.0
2026-01-02,122310,4240.0,1.66,0.1,,-0.1
2026-01-05,122310,4285.0,1.66,0.1,,-0.1
2026-01-06,122310,4230.0,1.68,-0.0,,0.0
2026-01-07,122310,4150.0,1.69,-0.0,,0.0
2026-01-08,122310,4135.0,1.68,-0.0,,0.0
2026-01-09,122310,4130.0,1.68,0.1,,-0.1
2026-01-12,122310,4075.0,1.7,-0.0,,0.0
2026-01-13,122310,4030.0,1.7,0.0,,-0.0
2026-01-14,122310,4065.0,1.71,-0.0,,0.0
2026-01-15,122310,4070.0,1.7,0.1,,-0.1
2026-01-16,122310,4090.0,1.71,-0.0,,-0.0
2026-01-19,122310,4090.0,1.71,0.1,-0.0,-0.0
2026-01-20,122310,4110.0,1.72,0.0,,-0.0
2026-01-21,122310,4080.0,1.73,0.0,,-0.1
2026-01-22,122310,4090.0,1.73,-0.6,,0.2
2026-01-23,122310,4215.0,1.63,-0.1,,0.1
2026-01-26,122310,4285.0,1.61,0.0,,-0.1
2026-01-27,122310,4270.0,1.61,0.0,,-0.1
2026-01-28,122310,4215.0,1.61,-0.0,,-0.1
2026-01-29,122310,4165.0,1.61,0.0,,-0.2
2026-01-30,122310,4115.0,1.64,-0.0,,0.1
2026-02-02,122310,4115.0,1.64,-0.1,,0.1
2026-02-03,122310,4175.0,1.6,-0.3,,0.3
2026-02-04,122310,4170.0,1.55,-0.1,,0.1
2026-02-05,122310,4160.0,1.52,-0.0,,0.0
2026-02-06,122310,4125.0,1.52,-0.1,,0.1
2026-02-09,122310,4185.0,1.51,-0.1,,0.0
2026-02-10,122310,4180.0,1.5,-0.1,,0.1
2026-02-11,122310,4180.0,1.48,-0.1,,0.1
2026-02-12,122310,4450.0,1.46,-0.1,,0.1
2026-02-13,122310,4480.0,1.44,-0.0,,0.0
2026-02-19,122310,4610.0,1.44,0.0,,0.0
2026-02-20,122310,4590.0,1.44,-0.1,,0.1
2026-02-23,122310,4665.0,1.43,0.1,,-0.1
2026-02-24,122310,4670.0,1.43,-0.4,,0.4
2026-02-25,122310,4750.0,1.38,0.4,,-0.4
2026-02-26,122310,4580.0,1.43,-0.2,,0.2
2026-02-27,122310,4495.0,1.39,0.0,,-0.0
2026-03-03,122310,4340.0,1.18,0.2,,-0.2
2026-03-04,122310,3810.0,1.2,0.1,,-0.1
2026-03-05,122310,4050.0,1.22,0.1,,-0.1
2026-03-06,122310,4070.0,1.23,0.1,,-0.1
2026-03-09,122310,4005.0,1.24,-0.1,,0.1
2026-03-10,122310,4100.0,1.23,-0.0,,0.0
2026-03-11,122310,4130.0,1.23,0.0,,-0.0
2026-03-12,122310,4360.0,1.23,0.2,,-0.2
2026-03-13,122310,4360.0,1.26,-0.1,,0.1
2026-03-16,122310,4365.0,1.25,-0.1,,0.1
2026-03-17,122310,4365.0,1.23,-0.1,,0.1
2026-03-18,122310,4370.0,1.21,-0.1,,0.1
2026-03-19,122310,4325.0,1.19,0.0,,-0.0
2026-03-20,122310,4385.0,1.2,0.0,,-0.0
2026-03-23,122310,4300.0,1.2,0.1,,-0.1
2026-03-24,122310,4325.0,1.21,-0.0,,0.0
2026-03-25,122310,4430.0,1.21,0.0,,-0.0
2026-03-26,122310,4515.0,1.21,0.1,0.0,-0.1
2026-03-27,122310,4485.0,1.23,0.0,,-0.0
2026-03-30,122310,4340.0,1.23,-0.0,,0.0
2026-03-31,122310,4305.0,1.22,0.0,,-0.0
2026-04-01,122310,4420.0,1.22,-0.4,,0.4
2026-04-02,122310,4300.0,1.16,-0.1,,0.1
2026-04-03,122310,4300.0,1.15,0.1,,-0.1
2026-04-06,122310,4340.0,1.16,-2.0,,2.0
2026-04-07,122310,4300.0,0.89,-0.1,,0.0
2026-04-08,122310,4380.0,0.92,0.2,,-0.2
2026-04-09,122310,4395.0,0.97,-0.1,,0.1
2026-04-10,122310,4440.0,0.96,0.4,,-0.4
2026-04-13,122310,4460.0,1.03,0.1,,-0.1
2026-04-14,122310,4505.0,1.05,0.2,,-0.2
2026-04-15,122310,4620.0,1.13,0.2,,-0.2
2026-04-16,122310,4730.0,1.16,-0.0,,0.0
2026-04-17,122310,4720.0,1.15,0.1,,-0.1
2026-04-20,122310,4620.0,1.17,0.5,,-0.5
2026-04-21,122310,4625.0,1.24,-0.2,,0.2
2026-04-22,122310,4610.0,1.21,-0.1,,0.1
2026-04-23,122310,4730.0,1.19,0.1,,-0.1
2026-04-24,122310,4710.0,1.21,-0.1,,0.1
2026-04-27,122310,4675.0,1.19,0.3,,-0.3
2026-04-28,122310,4600.0,1.23,0.2,,-0.2
2026-04-29,122310,4745.0,1.26,0.2,,-0.2
2026-04-30,122310,4620.0,1.29,0.1,,-0.1
2026-05-04,122310,4640.0,1.3,0.1,,-0.1
2026-05-06,122310,4520.0,1.31,0.1,,-0.1
2026-05-07,122310,4680.0,1.32,0.4,,-0.5
2026-05-08,122310,4695.0,1.38,0.2,,-0.3
2026-05-11,122310,4925.0,1.42,0.6,-0.0,-0.7
2026-05-12,122310,4895.0,1.5,-0.1,-0.0,0.1
2026-05-13,122310,4940.0,1.49,-0.3,-0.0,0.3
2026-05-14,122310,4915.0,1.44,-0.3,-0.0,0.3
2026-05-15,122310,4950.0,1.4,0.5,0.0,-0.6
2026-05-18,122310,4635.0,1.48,0.3,0.0,-0.3
2026-05-19,122310,4705.0,1.52,-0.0,0.0,0.0
2026-05-20,122310,4670.0,1.56,0.3,-0.0,-0.2
2026-05-21,122310,4520.0,2.37,-0.1,-0.0,0.1
2026-05-22,122310,4655.0,2.35,0.1,-0.0,-0.0
2026-05-26,122310,4385.0,2.36,0.0,0.0,-0.1
2026-05-27,122310,4200.0,2.36,0.5,-0.0,-0.4
2026-05-28,122310,4115.0,2.44,-0.2,-0.0,0.2
2026-05-29,122310,3970.0,2.41,-0.1,0.0,0.1
2026-06-01,122310,3820.0,2.38,-0.3,-0.0,0.3
2026-06-02,122310,3645.0,2.33,0.3,-0.0,-0.3
2026-06-04,122310,3695.0,2.38,-0.1,-0.0,0.1
2026-06-05,122310,3595.0,2.4,-0.2,0.0,0.2
2026-06-08,122310,3435.0,2.37,-0.3,-0.0,0.3
2026-06-09,122310,3495.0,2.31,0.1,-0.0,-0.1
2026-06-10,122310,3470.0,2.27,0.1,-0.0,-0.1
2026-06-11,122310,3495.0,2.28,-0.1,0.0,0.1
2026-06-12,122310,3500.0,2.26,-0.0,0.0,0.1
2026-06-15,122310,3570.0,2.25,0.4,0.0,-0.4
2026-06-16,122310,3670.0,2.32,-0.1,-0.0,0.1
2026-06-17,122310,3650.0,2.31,-0.1,0.0,0.1
2026-06-18,122310,3470.0,2.3,-0.0,-0.0,0.0
2026-06-19,122310,3340.0,2.29,-0.1,0.0,0.1
2026-06-22,122310,3355.0,2.27,-0.0,-0.0,0.0
2026-06-23,122310,3205.0,2.27,-0.1,0.0,-0.0
2026-06-24,122310,3350.0,2.25,0.0,-0.0,-0.1
2026-06-25,122310,3310.0,2.26,0.0,0.0,-0.0
2026-06-26,122310,3200.0,2.26,-0.0,-0.0,-0.1
2026-06-29,122310,3370.0,2.26,0.1,-0.0,-0.1
2026-06-30,122310,3385.0,2.28,0.0,,-0.0
2026-07-01,122310,3420.0,2.28,-0.0,,0.0
2026-07-02,122310,3375.0,2.28,0.1,,-0.2
2026-07-03,122310,3435.0,2.3,0.1,-0.0,-0.1
2026-07-06,122310,3380.0,2.33,0.0,-0.0,-0.0
2026-07-07,122310,3360.0,2.34,0.0,0.0,-0.0
2026-07-08,122310,3390.0,2.34,0.0,-0.0,-0.1
2026-07-09,122310,3320.0,2.35,0.1,-0.0,-0.1
2026-07-10,122310,3325.0,2.36,-0.1,,0.1
2026-07-13,122310,3355.0,2.33,-0.0,,0.0
2026-07-14,122310,3220.0,2.35,-0.1,-0.0,0.1
2026-07-15,122310,3285.0,2.29,0.0,,-0.0
2026-07-16,122310,3320.0,2.3,-0.0,,0.0
2025-07-14,122350,1395.0,1.93,-0.0,,0.1
2025-07-15,122350,1387.0,1.93,0.4,,-0.3
2025-07-16,122350,1396.0,2.02,0.0,,-0.0
2025-07-17,122350,1400.0,2.02,0.2,,-0.3
2025-07-18,122350,1439.0,2.08,0.3,,-0.2
2025-07-21,122350,1434.0,2.2,-0.3,,0.3
2025-07-22,122350,1413.0,2.14,0.0,,-0.0
2025-07-23,122350,1418.0,2.14,0.1,,-0.1
2025-07-24,122350,1390.0,2.15,-0.4,-0.3,0.6
2025-07-25,122350,1364.0,2.08,-0.2,,0.2
2025-07-28,122350,1336.0,2.06,0.4,,-0.4
2025-07-29,122350,1322.0,2.14,0.5,-0.1,-0.4
2025-07-30,122350,1437.0,2.24,-3.2,-0.0,3.2
2025-07-31,122350,1357.0,1.72,0.9,,-0.9
2025-08-01,122350,1261.0,1.89,0.2,,-0.2
2025-08-04,122350,1268.0,1.92,0.8,,-0.8
2025-08-05,122350,1296.0,2.09,0.1,,-0.1
2025-08-06,122350,1343.0,2.11,0.7,,-0.7
2025-08-07,122350,1454.0,2.25,-1.5,,1.6
2025-08-08,122350,1416.0,2.0,2.2,,-2.3
2025-08-11,122350,1464.0,2.4,-1.1,,1.1
2025-08-12,122350,1455.0,2.22,0.5,,-0.6
2025-08-13,122350,1453.0,2.31,1.0,,-0.9
2025-08-14,122350,1442.0,2.49,0.4,,-0.4
2025-08-18,122350,1405.0,2.56,1.1,,-1.1
2025-08-19,122350,1419.0,2.76,0.7,,-0.7
2025-08-20,122350,1451.0,2.89,-0.5,,0.5
2025-08-21,122350,1429.0,2.8,0.1,,-0.2
2025-08-22,122350,1418.0,2.83,1.3,-0.4,-1.0
2025-08-25,122350,1428.0,3.06,0.2,,-0.2
2025-08-26,122350,1411.0,3.2,0.0,,0.1
2025-08-27,122350,1416.0,3.29,0.6,,-0.6
2025-08-28,122350,1414.0,3.4,0.6,,-0.6
2025-08-29,122350,1415.0,3.52,0.2,,-0.1
2025-09-01,122350,1414.0,3.59,0.0,,0.0
2025-09-02,122350,1435.0,3.5,0.4,,-0.4
2025-09-03,122350,1399.0,3.64,-0.1,,0.1
2025-09-04,122350,1406.0,4.41,0.1,-0.0,-0.1
2025-09-05,122350,1430.0,4.43,0.5,-0.0,-0.5
2025-09-08,122350,1396.0,4.52,-0.8,-0.0,0.8
2025-09-09,122350,1432.0,4.37,-1.3,0.0,1.2
2025-09-10,122350,1421.0,4.18,-0.0,0.0,0.0
2025-09-11,122350,1414.0,4.18,0.1,0.0,-0.1
2025-09-12,122350,1412.0,4.19,-0.2,0.0,0.2
2025-09-15,122350,1389.0,4.15,-0.3,0.0,0.2
2025-09-16,122350,1356.0,4.1,-0.9,0.0,0.9
2025-09-17,122350,1374.0,3.92,-0.2,0.0,0.2
2025-09-18,122350,1389.0,4.09,-0.0,0.0,0.0
2025-09-19,122350,1373.0,4.08,-0.1,,0.1
2025-09-22,122350,1379.0,4.06,0.2,0.0,-0.2
2025-09-23,122350,1352.0,4.09,-0.2,0.0,0.2
2025-09-24,122350,1327.0,4.05,-0.2,0.0,0.2
2025-09-25,122350,1331.0,4.0,0.3,0.0,-0.3
2025-09-26,122350,1304.0,4.07,-0.7,0.0,0.7
2025-09-29,122350,1323.0,3.93,0.4,0.0,-0.4
2025-09-30,122350,1310.0,4.0,-0.1,0.0,0.1
2025-10-01,122350,1296.0,3.99,0.1,0.0,-0.1
2025-10-02,122350,1307.0,4.02,0.5,0.0,-0.5
2025-10-10,122350,1279.0,4.11,-0.1,-0.0,0.1
2025-10-13,122350,1254.0,4.1,-0.0,0.0,-0.0
2025-10-14,122350,1268.0,4.1,0.5,-0.0,-0.5
2025-10-15,122350,1293.0,4.2,0.2,0.0,-0.2
2025-10-16,122350,1323.0,4.24,-0.1,0.0,0.1
2025-10-17,122350,1325.0,4.22,0.3,0.0,-0.3
2025-10-20,122350,1324.0,4.28,0.4,0.0,-0.4
2025-10-21,122350,1341.0,4.35,0.2,0.0,-0.2
2025-10-22,122350,1359.0,4.4,0.1,0.0,-0.1
2025-10-23,122350,1338.0,4.42,-0.0,0.0,0.0
2025-10-24,122350,1375.0,4.42,0.6,-0.0,-0.6
2025-10-27,122350,1395.0,4.54,0.6,0.0,-0.7
2025-10-28,122350,1370.0,4.7,-0.0,0.0,-0.0
2025-10-29,122350,1369.0,4.72,0.1,0.0,-0.2
2025-10-30,122350,1338.0,4.74,-0.2,0.0,0.2
2025-10-31,122350,1347.0,4.7,-0.0,0.0,0.0
2025-11-03,122350,1292.0,4.68,-0.4,-0.0,0.4
2025-11-04,122350,1269.0,4.58,-0.1,-0.0,0.1
2025-11-05,122350,1244.0,4.56,0.5,0.0,-0.5
2025-11-06,122350,1211.0,4.66,0.1,0.0,-0.1
2025-11-07,122350,1196.0,4.68,1.1,-1.3,0.2
2025-11-10,122350,1273.0,4.93,-4.3,-0.0,4.2
2025-11-11,122350,1238.0,3.73,0.9,0.0,-0.8
2025-11-12,122350,1270.0,3.91,1.0,0.0,-1.0
2025-11-13,122350,1260.0,4.13,-0.1,0.0,0.1
2025-11-14,122350,1239.0,4.1,0.2,-0.0,-0.1
2025-11-17,122350,1272.0,4.14,-0.3,-0.0,0.3
2025-11-18,122350,1220.0,4.08,0.1,-0.0,-0.0
2025-11-19,122350,1225.0,4.09,0.1,0.0,-0.1
2025-11-20,122350,1240.0,4.11,0.4,0.0,-0.4
2025-11-21,122350,1219.0,4.2,0.0,0.0,-0.0
2025-11-24,122350,1206.0,3.53,-0.0,-0.0,0.1
2025-11-25,122350,1211.0,3.52,0.2,-0.0,-0.2
2025-11-26,122350,1240.0,3.56,-0.0,0.0,0.0
2025-11-27,122350,1229.0,3.56,0.1,0.0,-0.0
2025-11-28,122350,1258.0,3.57,0.2,-0.0,-0.1
2025-12-01,122350,1245.0,3.6,0.2,0.0,-0.2
2025-12-02,122350,1263.0,3.64,0.3,0.0,-0.3
2025-12-03,122350,1279.0,3.7,-0.0,0.0,0.1
2025-12-04,122350,1286.0,3.7,0.1,0.0,-0.2
2025-12-05,122350,1287.0,3.72,0.4,0.0,-0.4
2025-12-08,122350,1304.0,3.8,-0.2,0.0,0.2
2025-12-09,122350,1289.0,3.77,0.1,0.0,-0.1
2025-12-10,122350,1274.0,3.79,-0.0,0.0,0.0
2025-12-11,122350,1279.0,3.78,0.2,0.0,-0.2
2025-12-12,122350,1276.0,3.83,0.0,0.0,-0.0
2025-12-15,122350,1279.0,3.83,0.1,0.0,-0.1
2025-12-16,122350,1258.0,3.86,-0.2,0.0,0.2
2025-12-17,122350,1270.0,4.14,0.1,0.0,-0.1
2025-12-18,122350,1258.0,4.04,-0.0,0.0,0.0
2025-12-19,122350,1273.0,4.03,0.2,0.0,-0.2
2025-12-22,122350,1284.0,4.07,0.2,0.0,-0.2
2025-12-23,122350,1255.0,4.11,-0.2,0.0,0.1
2025-12-24,122350,1240.0,4.08,0.1,0.0,-0.0
2025-12-26,122350,1221.0,4.09,0.0,0.0,-0.0
2025-12-29,122350,1244.0,4.1,0.1,,-0.1
2025-12-30,122350,1263.0,4.27,0.0,0.0,-0.0
2026-01-02,122350,1281.0,4.23,0.4,0.0,-0.4
2026-01-05,122350,1256.0,4.32,-0.1,0.0,0.3
2026-01-06,122350,1269.0,4.16,0.2,0.0,-0.2
2026-01-07,122350,1266.0,4.28,0.3,0.0,-0.3
2026-01-08,122350,1239.0,4.34,-0.3,-0.2,0.4
2026-01-09,122350,1258.0,4.28,0.2,0.0,-0.2
2026-01-12,122350,1410.0,4.32,-1.7,0.0,1.7
2026-01-13,122350,1833.0,4.12,-3.9,-0.0,4.0
2026-01-14,122350,1859.0,3.64,-6.6,,6.9
2026-01-15,122350,1809.0,2.71,3.7,,-3.7
2026-01-16,122350,1824.0,3.25,-1.0,,1.2
2026-01-19,122350,1990.0,3.14,-4.8,,4.6
2026-01-20,122350,2000.0,2.6,-0.0,0.4,-0.2
2026-01-21,122350,1969.0,2.6,0.3,,-0.2
2026-01-22,122350,1877.0,2.74,0.0,-0.0,-0.0
2026-01-23,122350,1790.0,2.74,-1.9,0.0,1.9
2026-01-26,122350,1779.0,2.56,1.8,0.0,-1.8
2026-01-27,122350,1793.0,2.83,1.8,0.4,-2.2
2026-01-28,122350,1854.0,3.09,-1.1,-0.9,1.9
2026-01-29,122350,1837.0,2.97,1.4,0.0,-1.5
2026-01-30,122350,1794.0,3.18,0.7,,-0.8
2026-02-02,122350,1819.0,3.29,1.3,-0.0,-1.2
2026-02-03,122350,1814.0,3.48,0.4,,-0.4
2026-02-04,122350,1814.0,3.54,0.6,,-0.4
2026-02-05,122350,1855.0,3.62,-0.3,-0.0,0.3
2026-02-06,122350,1812.0,3.58,0.4,,-0.4
2026-02-09,122350,1798.0,3.64,-0.0,,0.0
2026-02-10,122350,1788.0,3.64,-0.0,-0.0,0.1
2026-02-11,122350,1788.0,3.63,1.7,,-1.7
2026-02-12,122350,1769.0,3.88,0.1,,-0.1
2026-02-13,122350,1728.0,3.9,-0.3,,0.3
2026-02-19,122350,1769.0,3.85,2.1,,-2.1
2026-02-20,122350,1761.0,4.16,0.5,,-0.5
2026-02-23,122350,1763.0,4.22,0.7,,-0.7
2026-02-24,122350,1782.0,4.0,0.5,-0.0,-0.5
2026-02-25,122350,1833.0,4.07,-0.6,,0.5
2026-02-26,122350,1773.0,3.99,-2.3,-0.0,2.3
2026-02-27,122350,1745.0,3.66,-0.4,,0.4
2026-03-03,122350,1653.0,3.6,2.0,,-1.9
2026-03-04,122350,1378.0,4.05,2.8,0.4,-3.1
2026-03-05,122350,1542.0,4.54,2.0,-0.0,-1.9
2026-03-06,122350,1549.0,4.88,0.2,-0.3,0.1
2026-03-09,122350,1461.0,4.91,0.6,,-0.6
2026-03-10,122350,1524.0,5.02,0.0,-0.0,-0.0
2026-03-11,122350,1562.0,5.11,-0.3,-0.0,0.3
2026-03-12,122350,1554.0,5.06,0.9,,-0.9
2026-03-13,122350,1525.0,5.2,-0.4,,0.4
2026-03-16,122350,1519.0,5.14,-0.2,,0.2
2026-03-17,122350,1511.0,5.11,-0.5,,0.5
2026-03-18,122350,1497.0,5.02,-0.0,,-0.0
2026-03-19,122350,1447.0,5.02,-0.6,,0.6
2026-03-20,122350,1543.0,4.91,1.1,,-1.1
2026-03-23,122350,1503.0,5.1,-0.7,,0.7
2026-03-24,122350,1545.0,4.99,-0.2,,0.2
2026-03-25,122350,1536.0,4.83,-0.6,,0.5
2026-03-26,122350,1510.0,4.74,-0.3,,0.3
2026-03-27,122350,1499.0,4.69,0.3,,-0.3
2026-03-30,122350,1473.0,4.75,0.1,,-0.1
2026-03-31,122350,1430.0,4.79,0.1,,-0.1
2026-04-01,122350,1492.0,4.81,0.6,-0.0,-0.6
2026-04-02,122350,1393.0,4.91,-1.1,,1.1
2026-04-03,122350,1416.0,4.71,0.2,,-0.2
2026-04-06,122350,1406.0,4.75,-0.1,,0.1
2026-04-07,122350,1401.0,4.72,-0.3,,0.3
2026-04-08,122350,1489.0,4.68,0.9,,-0.9
2026-04-09,122350,1437.0,4.84,-0.1,,0.1
2026-04-10,122350,1476.0,4.83,0.3,,-0.3
2026-04-13,122350,1455.0,4.88,-0.0,,0.1
2026-04-14,122350,1520.0,4.88,0.6,,-0.7
2026-04-15,122350,1515.0,4.98,-0.1,,0.1
2026-04-16,122350,1528.0,4.96,0.1,,-0.1
2026-04-17,122350,1515.0,4.97,0.0,,-0.0
2026-04-20,122350,1513.0,4.97,-0.0,,0.0
2026-04-21,122350,1575.0,5.0,-5.7,,5.7
2026-04-22,122350,1549.0,4.07,1.2,,-1.3
2026-04-23,122350,1516.0,4.34,-1.1,,1.1
2026-04-24,122350,1512.0,4.15,0.4,-0.0,-0.4
2026-04-27,122350,1527.0,4.27,0.6,,-0.6
2026-04-28,122350,1543.0,4.37,-0.2,-0.0,0.2
2026-04-29,122350,1545.0,4.34,-0.2,-0.0,0.2
2026-04-30,122350,1506.0,4.31,-0.2,0.0,0.2
2026-05-04,122350,1508.0,4.27,0.1,-0.0,-0.1
2026-05-06,122350,1473.0,4.29,-0.8,-0.0,1.0
2026-05-07,122350,1427.0,4.15,0.4,-0.0,-0.4
2026-05-08,122350,1426.0,4.22,0.2,0.0,-0.2
2026-05-11,122350,1371.0,4.26,-0.3,0.0,0.3
2026-05-12,122350,1328.0,4.2,0.7,-0.1,-0.6
2026-05-13,122350,1370.0,4.33,-0.5,-0.0,0.5
2026-05-14,122350,1340.0,4.24,-0.1,-0.1,0.2
2026-05-15,122350,1301.0,4.22,0.1,-0.0,-0.1
2026-05-18,122350,1275.0,4.21,0.8,-0.0,-0.8
2026-05-19,122350,1261.0,4.38,0.3,0.0,-0.3
2026-05-20,122350,1193.0,4.44,0.2,0.0,-0.2
2026-05-21,122350,1226.0,4.52,0.3,-0.0,-0.3
2026-05-22,122350,1258.0,4.59,0.1,-0.0,-0.2
2026-05-26,122350,1240.0,4.61,-0.9,0.0,0.9
2026-05-27,122350,1181.0,4.24,1.2,0.0,-1.2
2026-05-28,122350,1162.0,4.47,0.3,-0.0,-0.3
2026-05-29,122350,1129.0,4.54,1.3,-0.0,-1.3
2026-06-01,122350,1039.0,4.85,-0.5,0.0,0.5
2026-06-02,122350,1039.0,4.74,0.9,-0.0,-0.9
2026-06-04,122350,1030.0,4.96,-0.3,-0.0,0.3
2026-06-05,122350,1033.0,4.94,0.3,-0.0,-0.3
2026-06-08,122350,940.0,5.02,-0.5,-0.0,0.5
2026-06-09,122350,1000.0,4.88,0.4,-0.0,-0.4
2026-06-10,122350,981.0,4.98,0.2,-0.0,-0.2
2026-06-11,122350,1004.0,5.03,-0.1,0.0,0.0
2026-06-12,122350,1015.0,5.02,-0.3,-0.0,0.2
2026-06-15,122350,1020.0,4.95,-0.1,0.0,0.0
2026-06-16,122350,1025.0,4.94,-0.0,-0.0,0.0
2026-06-17,122350,1029.0,4.93,0.1,-0.2,0.1
2026-06-18,122350,991.0,4.94,-0.4,0.0,0.5
2026-06-19,122350,962.0,4.84,-0.5,0.0,0.5
2026-06-22,122350,915.0,4.71,-0.2,-0.0,0.2
2026-06-23,122350,836.0,4.66,-0.3,-0.0,0.3
2026-06-24,122350,1086.0,4.54,0.4,1.4,-1.6
2026-06-25,122350,1411.0,4.63,-0.1,-0.0,0.1
2026-06-26,122350,1834.0,4.63,-0.1,0.3,-0.2
2026-06-29,122350,1907.0,4.64,-18.7,-2.9,21.5
2026-06-30,122350,1550.0,2.25,-2.7,,2.7
2026-07-01,122350,1388.0,2.23,0.2,,-0.1
2026-07-02,122350,1804.0,2.27,-0.7,0.0,0.8
2026-07-03,122350,1801.0,2.15,-0.3,-0.0,0.0
2026-07-06,122350,1866.0,2.1,-0.1,0.0,0.1
2026-07-07,122350,1898.0,2.08,-0.2,-0.0,0.1
2026-07-08,122350,1780.0,2.03,0.4,,-0.2
2026-07-09,122350,1650.0,2.12,0.1,,-0.2
2026-07-10,122350,1810.0,2.16,-0.7,0.0,0.7
2026-07-13,122350,1840.0,2.12,-0.9,0.1,0.6
2026-07-14,122350,1860.0,2.04,-0.0,-0.1,0.0
2026-07-15,122350,1900.0,2.04,-0.1,,0.1
2026-07-16,122350,1915.0,2.07,0.3,0.1,-0.6
2025-07-14,122450,4760.0,1.67,0.4,-0.0,-0.4
2025-07-15,122450,4725.0,1.69,-0.1,-0.0,0.2
2025-07-16,122450,4650.0,1.69,0.1,0.0,-0.1
2025-07-17,122450,4640.0,1.69,-0.1,-0.0,0.1
2025-07-18,122450,4645.0,1.69,-1.0,0.0,1.0
2025-07-21,122450,4505.0,1.64,-0.1,-0.0,0.1
2025-07-22,122450,4490.0,1.64,-0.3,0.0,0.3
2025-07-23,122450,4500.0,1.62,-0.3,0.0,0.3
2025-07-24,122450,4370.0,1.6,0.1,0.0,-0.0
2025-07-25,122450,4325.0,1.61,0.9,-0.1,-1.1
2025-07-28,122450,4265.0,1.66,0.5,0.0,-0.5
2025-07-29,122450,4255.0,1.68,-0.4,0.1,0.3
2025-07-30,122450,4250.0,1.66,0.0,-0.0,0.0
2025-07-31,122450,4285.0,1.66,0.5,0.0,-0.5
2025-08-01,122450,4005.0,1.69,-1.7,-0.7,2.3
2025-08-04,122450,4090.0,1.6,0.9,0.0,-0.9
2025-08-05,122450,4125.0,1.64,0.5,0.0,-0.5
2025-08-06,122450,4170.0,1.67,-0.2,-0.0,0.2
2025-08-07,122450,4155.0,1.66,0.0,-0.0,-0.0
2025-08-08,122450,4150.0,1.66,0.1,-0.0,-0.1
2025-08-11,122450,4090.0,1.67,-0.2,0.0,0.2
2025-08-12,122450,4075.0,1.66,0.2,0.0,-0.1
2025-08-13,122450,4125.0,1.67,-0.0,0.0,0.0
2025-08-14,122450,4045.0,1.67,-0.4,-0.0,0.4
2025-08-18,122450,3985.0,1.65,0.3,-0.1,-0.2
2025-08-19,122450,4060.0,1.67,0.5,-0.0,-0.4
2025-08-20,122450,4055.0,1.69,0.2,0.0,-0.2
2025-08-21,122450,4030.0,1.7,0.4,0.0,-0.3
2025-08-22,122450,4060.0,1.72,0.3,0.0,-0.3
2025-08-25,122450,4090.0,1.74,-0.1,-0.1,0.1
2025-08-26,122450,4075.0,1.74,-0.2,0.0,0.2
2025-08-27,122450,4030.0,1.73,-0.2,0.0,0.2
2025-08-28,122450,4030.0,1.71,0.1,-0.0,0.1
2025-08-29,122450,4030.0,1.72,-0.3,0.0,0.5
2025-09-01,122450,3945.0,1.7,-0.5,-0.0,0.5
2025-09-02,122450,3915.0,1.68,-0.2,0.0,0.1
2025-09-03,122450,3915.0,1.67,0.4,0.0,-0.5
2025-09-04,122450,3970.0,1.69,0.3,-0.0,-0.1
2025-09-05,122450,3975.0,1.71,0.1,-0.0,-0.1
2025-09-08,122450,3980.0,1.72,0.2,0.0,-0.3
2025-09-09,122450,4010.0,1.73,0.1,-0.0,-0.1
2025-09-10,122450,4055.0,1.74,0.5,0.0,-0.5
2025-09-11,122450,3995.0,1.76,-0.2,0.0,0.2
2025-09-12,122450,4035.0,1.75,-0.0,-0.0,0.8
2025-09-15,122450,4160.0,1.75,-0.1,0.0,0.0
2025-09-16,122450,4100.0,1.75,-0.1,0.1,0.0
2025-09-17,122450,4115.0,1.74,0.3,-0.0,-0.3
2025-09-18,122450,4150.0,1.76,0.6,-0.0,-0.7
2025-09-19,122450,4195.0,1.79,-0.5,0.7,-0.2
2025-09-22,122450,4290.0,1.77,0.1,-0.2,0.0
2025-09-23,122450,4220.0,1.77,-0.7,0.3,0.4
2025-09-24,122450,4160.0,1.74,-0.4,-0.0,0.4
2025-09-25,122450,4155.0,1.72,-0.3,-0.3,0.6
2025-09-26,122450,4010.0,1.7,0.1,0.0,-0.2
2025-09-29,122450,4005.0,1.71,-0.1,0.0,0.1
2025-09-30,122450,4000.0,1.71,0.7,-0.4,-0.2
2025-10-01,122450,3915.0,1.74,-0.7,0.0,0.6
2025-10-02,122450,3900.0,1.7,0.1,0.4,-0.6
2025-10-10,122450,3810.0,1.71,-0.8,-0.2,0.9
2025-10-13,122450,3820.0,1.67,0.1,-0.2,0.0
2025-10-14,122450,3880.0,1.67,-0.2,-0.1,0.4
2025-10-15,122450,3930.0,1.66,0.0,0.1,-0.1
2025-10-16,122450,3905.0,1.66,0.2,0.1,-0.1
2025-10-17,122450,3825.0,1.68,0.0,-0.2,0.2
2025-10-20,122450,3845.0,1.68,0.2,0.1,-0.3
2025-10-21,122450,3845.0,1.69,0.8,0.2,-1.2
2025-10-22,122450,3890.0,1.73,0.2,0.0,-0.2
2025-10-23,122450,3880.0,1.74,-0.1,-0.1,0.1
2025-10-24,122450,3875.0,1.74,-0.7,0.1,0.5
2025-10-27,122450,3865.0,1.7,0.3,0.1,-0.5
2025-10-28,122450,3905.0,1.71,0.2,-0.1,-0.1
2025-10-29,122450,3855.0,1.72,-0.2,-0.2,0.3
2025-10-30,122450,3815.0,1.71,-0.5,-0.1,0.7
2025-10-31,122450,3815.0,1.68,-0.2,-0.1,0.3
2025-11-03,122450,3730.0,1.67,-0.1,0.1,-0.0
2025-11-04,122450,3715.0,1.66,0.8,0.4,-1.1
2025-11-05,122450,3700.0,1.71,0.3,-0.1,-0.3
2025-11-06,122450,3745.0,1.73,0.5,0.1,-0.6
2025-11-07,122450,3710.0,1.76,0.3,-0.0,-0.2
2025-11-10,122450,3795.0,1.78,0.5,0.0,-0.4
2025-11-11,122450,3800.0,1.81,0.4,-0.1,-0.3
2025-11-12,122450,3890.0,1.83,0.3,-0.1,-0.1
2025-11-13,122450,3895.0,1.85,0.0,-0.1,0.1
2025-11-14,122450,3835.0,1.85,-0.3,0.2,0.1
2025-11-17,122450,3890.0,1.83,-0.1,-0.3,0.4
2025-11-18,122450,3760.0,1.82,0.2,0.1,-0.3
2025-11-19,122450,3795.0,1.83,0.4,-0.1,-0.4
2025-11-20,122450,3905.0,1.86,0.6,0.0,-0.6
2025-11-21,122450,3845.0,1.89,-0.1,-0.1,0.1
2025-11-24,122450,3845.0,1.89,1.7,0.7,-2.3
2025-11-25,122450,3800.0,1.99,-0.5,-0.2,0.7
2025-11-26,122450,3805.0,1.96,0.1,0.0,0.1
2025-11-27,122450,3815.0,1.96,0.4,0.1,-0.4
2025-11-28,122450,3840.0,1.99,0.9,0.1,-0.9
2025-12-01,122450,3840.0,2.04,0.3,0.1,-0.3
2025-12-02,122450,3870.0,2.05,0.3,0.1,-0.3
2025-12-03,122450,3880.0,2.07,0.2,-0.1,-0.1
2025-12-04,122450,3860.0,2.08,-0.2,-0.1,0.3
2025-12-05,122450,3850.0,2.07,0.0,-0.1,0.0
2025-12-08,122450,3850.0,2.07,-0.1,-0.1,0.2
2025-12-09,122450,3825.0,2.07,-0.2,-0.0,0.3
2025-12-10,122450,3795.0,2.05,-0.0,0.0,-0.0
2025-12-11,122450,3875.0,2.05,0.6,0.1,-0.7
2025-12-12,122450,3870.0,2.09,0.3,-0.0,-0.3
2025-12-15,122450,3820.0,2.1,0.7,0.1,-0.8
2025-12-16,122450,3750.0,2.14,-0.5,-0.3,0.7
2025-12-17,122450,3780.0,2.11,-0.2,0.1,0.1
2025-12-18,122450,3745.0,2.1,0.1,0.1,-0.2
2025-12-19,122450,3780.0,2.1,0.3,0.1,-0.4
2025-12-22,122450,3870.0,2.12,0.3,-0.1,-0.1
2025-12-23,122450,3850.0,2.13,0.7,0.1,-0.7
2025-12-24,122450,3840.0,2.17,0.1,-0.1,0.0
2025-12-26,122450,3840.0,2.18,-0.2,0.0,0.2
2025-12-29,122450,3740.0,2.17,-1.0,-0.1,1.2
2025-12-30,122450,3730.0,2.1,0.0,0.0,0.3
2026-01-02,122450,3745.0,2.11,0.1,0.0,-0.1
2026-01-05,122450,3690.0,2.11,-0.7,-0.1,0.7
2026-01-06,122450,3660.0,2.07,-0.2,-0.0,0.2
2026-01-07,122450,3575.0,2.06,-0.4,0.0,0.4
2026-01-08,122450,3545.0,2.04,0.5,0.1,-0.6
2026-01-09,122450,3515.0,2.07,-0.0,0.2,-0.2
2026-01-12,122450,3575.0,2.07,0.4,-0.4,0.0
2026-01-13,122450,3550.0,2.09,0.0,-0.0,-0.0
2026-01-14,122450,3490.0,2.09,0.5,0.2,-0.7
2026-01-15,122450,3480.0,2.12,0.5,0.3,-0.8
2026-01-16,122450,3410.0,2.16,-0.2,-0.5,0.7
2026-01-19,122450,3340.0,2.14,0.9,-0.0,-0.9
2026-01-20,122450,3445.0,2.2,0.5,-0.3,-0.1
2026-01-21,122450,3365.0,2.23,0.1,0.1,-0.1
2026-01-22,122450,3385.0,2.24,0.2,-0.0,-0.2
2026-01-23,122450,3405.0,2.25,0.4,0.3,-0.7
2026-01-26,122450,3460.0,2.27,0.6,-0.2,-0.4
2026-01-27,122450,3480.0,2.31,-0.3,-0.5,0.8
2026-01-28,122450,3470.0,2.29,-0.6,-0.2,0.8
2026-01-29,122450,3480.0,2.25,0.1,0.4,-0.5
2026-01-30,122450,3460.0,2.26,-0.1,-0.1,0.2
2026-02-02,122450,3375.0,2.25,-0.5,-0.2,0.7
2026-02-03,122450,3510.0,2.22,-1.8,1.4,0.5
2026-02-04,122450,3570.0,2.12,1.3,-0.4,-1.0
2026-02-05,122450,3530.0,2.2,-0.0,-0.3,0.3
2026-02-06,122450,3485.0,2.2,-0.5,-0.2,0.6
2026-02-09,122450,3555.0,2.17,0.2,-0.2,0.0
2026-02-10,122450,3575.0,2.18,0.6,-0.0,-0.6
2026-02-11,122450,3600.0,2.22,0.3,-0.1,-0.2
2026-02-12,122450,3700.0,2.24,0.1,0.1,-0.2
2026-02-13,122450,3695.0,2.24,-0.1,0.0,0.1
2026-02-19,122450,3735.0,2.24,-0.4,-0.0,0.5
2026-02-20,122450,3680.0,2.21,-0.0,0.1,-0.1
2026-02-23,122450,3700.0,2.21,0.2,-0.1,-0.1
2026-02-24,122450,3690.0,2.22,-0.4,0.0,0.4
2026-02-25,122450,3685.0,2.2,-0.3,-0.0,0.3
2026-02-26,122450,3635.0,2.19,-0.5,0.2,0.2
2026-02-27,122450,3560.0,2.16,0.0,-0.0,0.0
2026-03-03,122450,3400.0,2.16,0.1,0.0,-0.1
2026-03-04,122450,3000.0,2.16,0.5,0.1,-0.5
2026-03-05,122450,3230.0,2.2,0.6,-0.4,-0.2
2026-03-06,122450,3250.0,2.25,-0.5,-0.0,0.6
2026-03-09,122450,3085.0,2.21,0.8,0.3,-1.1
2026-03-10,122450,3205.0,2.27,0.4,0.0,-0.5
2026-03-11,122450,3240.0,2.3,0.5,-0.0,-0.5
2026-03-12,122450,3240.0,2.34,-0.0,-0.4,0.4
2026-03-13,122450,3215.0,2.34,-0.1,0.0,0.1
2026-03-16,122450,3200.0,2.33,-0.0,0.1,-0.1
2026-03-17,122450,3280.0,2.33,0.2,-0.1,-0.1
2026-03-18,122450,3265.0,2.34,-0.3,0.0,0.3
2026-03-19,122450,3215.0,2.32,-0.3,0.1,0.2
2026-03-20,122450,3260.0,2.3,0.7,-0.1,-0.6
2026-03-23,122450,3130.0,2.35,-0.4,-0.0,0.6
2026-03-24,122450,3180.0,2.32,-0.1,0.1,0.0
2026-03-25,122450,3205.0,2.32,-0.2,0.1,0.1
2026-03-26,122450,3160.0,2.3,0.2,0.8,-1.0
2026-03-27,122450,3295.0,2.32,-0.0,-0.4,0.4
2026-03-30,122450,3215.0,2.32,-0.1,-0.0,0.1
2026-03-31,122450,3085.0,2.31,-0.7,0.1,0.5
2026-04-01,122450,3200.0,2.26,0.5,0.1,-0.7
2026-04-02,122450,3015.0,2.3,-0.6,0.1,0.5
2026-04-03,122450,3090.0,2.26,-0.1,-0.0,0.1
2026-04-06,122450,3040.0,2.25,0.0,-0.1,0.0
2026-04-07,122450,2990.0,2.26,-0.1,0.0,0.1
2026-04-08,122450,3085.0,2.25,0.0,-0.0,-0.0
2026-04-09,122450,3065.0,2.25,-0.0,-0.0,0.0
2026-04-10,122450,3120.0,2.24,0.3,-0.0,-0.3
2026-04-13,122450,3160.0,2.27,0.0,-0.1,0.1
2026-04-14,122450,3195.0,2.27,0.2,-0.1,-0.2
2026-04-15,122450,3220.0,2.28,0.5,-0.0,-0.5
2026-04-16,122450,3250.0,2.31,0.2,0.1,-0.4
2026-04-17,122450,3235.0,2.33,0.4,0.1,-0.4
2026-04-20,122450,3240.0,2.36,-0.0,0.0,-0.0
2026-04-21,122450,3200.0,2.36,-0.2,0.0,0.2
2026-04-22,122450,3180.0,2.34,-0.1,-0.2,0.4
2026-04-23,122450,3155.0,2.34,0.1,-0.0,0.1
2026-04-24,122450,3215.0,2.34,0.5,-0.7,0.3
2026-04-27,122450,3205.0,2.37,0.1,0.0,-0.3
2026-04-28,122450,3215.0,2.38,0.1,-0.1,-0.0
2026-04-29,122450,3235.0,2.39,0.2,-0.2,-0.1
2026-04-30,122450,3190.0,2.4,-0.3,-0.1,0.4
2026-05-04,122450,3235.0,2.38,-0.6,-0.0,0.7
2026-05-06,122450,3165.0,2.34,-0.4,0.0,0.3
2026-05-07,122450,3085.0,2.31,-0.2,0.0,0.2
2026-05-08,122450,3100.0,2.3,-0.1,0.2,-0.0
2026-05-11,122450,3055.0,2.29,-0.4,-0.2,0.6
2026-05-12,122450,3060.0,2.26,-1.1,0.3,0.8
2026-05-13,122450,3030.0,2.21,-0.3,-0.3,0.6
2026-05-14,122450,3050.0,2.18,-0.4,0.2,0.2
2026-05-15,122450,2995.0,2.16,-0.6,0.1,0.6
2026-05-18,122450,2930.0,2.11,-0.0,0.3,-0.4
2026-05-19,122450,2925.0,2.11,0.1,-0.4,0.3
2026-05-20,122450,2925.0,2.12,-0.4,-0.3,0.6
2026-05-21,122450,2970.0,2.09,-0.0,-0.1,0.1
2026-05-22,122450,3155.0,2.09,0.4,-0.1,-0.3
2026-05-26,122450,3125.0,2.12,-0.5,-0.0,0.5
2026-05-27,122450,3045.0,2.08,-0.3,0.2,0.1
2026-05-28,122450,2990.0,2.06,0.1,-0.2,0.1
2026-05-29,122450,3065.0,2.07,0.1,0.1,-0.2
2026-06-01,122450,2875.0,2.07,-0.5,-0.1,0.6
2026-06-02,122450,2825.0,2.04,0.3,-0.0,-0.2
2026-06-04,122450,2830.0,2.06,-0.4,0.3,0.1
2026-06-05,122450,2810.0,2.02,-0.2,-0.0,0.2
2026-06-08,122450,2670.0,2.01,-0.5,-0.2,0.7
2026-06-09,122450,2780.0,1.96,-0.0,0.4,-0.3
2026-06-10,122450,2695.0,1.96,0.7,0.6,-1.3
2026-06-11,122450,2750.0,2.02,0.4,0.0,-0.4
2026-06-12,122450,2860.0,2.05,-0.0,-0.6,0.6
2026-06-15,122450,2865.0,2.05,-0.2,-0.3,0.5
2026-06-16,122450,2855.0,2.04,0.0,-0.1,0.1
2026-06-17,122450,2850.0,2.04,0.2,0.1,-0.4
2026-06-18,122450,2830.0,2.06,0.4,0.1,-0.6
2026-06-19,122450,2820.0,2.09,-0.3,0.0,0.3
2026-06-22,122450,2720.0,2.07,-0.1,-0.1,0.2
2026-06-23,122450,2570.0,2.06,0.5,0.1,-0.5
2026-06-24,122450,2595.0,2.1,0.2,0.0,-0.3
2026-06-25,122450,2600.0,2.12,-0.7,-0.0,0.7
2026-06-26,122450,2560.0,2.06,0.4,-0.3,-0.1
2026-06-29,122450,2725.0,2.1,0.2,-0.0,-0.2
2026-06-30,122450,2695.0,2.12,-0.4,0.7,-0.2
2026-07-01,122450,2760.0,2.08,-0.0,-0.1,0.1
2026-07-02,122450,2745.0,2.08,0.1,-0.1,-0.0
2026-07-03,122450,2755.0,2.09,-0.1,-0.1,0.1
2026-07-06,122450,2785.0,2.08,-0.0,0.1,-0.0
2026-07-07,122450,2745.0,2.08,-0.0,0.1,-0.1
2026-07-08,122450,2700.0,2.08,-0.2,0.3,-0.1
2026-07-09,122450,2665.0,2.06,0.1,0.0,-0.1
2026-07-10,122450,2665.0,2.07,0.7,-0.3,-0.4
2026-07-13,122450,2660.0,2.12,-0.1,0.1,0.1
2026-07-14,122450,2650.0,2.11,0.0,-0.0,0.0
2026-07-15,122450,2715.0,2.11,0.3,-0.3,0.0
2026-07-16,122450,2630.0,2.14,0.1,-0.1,-0.0
2025-07-14,122640,17680.0,2.84,-3.1,-1.4,4.5
2025-07-15,122640,18820.0,2.75,12.5,17.0,-29.8
2025-07-16,122640,19140.0,3.13,-5.9,8.3,-2.3
2025-07-17,122640,19050.0,2.98,-8.5,7.7,0.9
2025-07-18,122640,18700.0,2.74,-5.3,4.7,0.7
2025-07-21,122640,18460.0,2.6,-3.3,5.1,-1.6
2025-07-22,122640,18000.0,2.53,-2.8,6.1,-3.1
2025-07-23,122640,18110.0,2.38,-1.7,1.9,-0.2
2025-07-24,122640,17770.0,2.31,-2.4,2.2,0.1
2025-07-25,122640,17740.0,2.17,-1.0,0.7,0.1
2025-07-28,122640,17600.0,2.16,-2.4,0.0,2.4
2025-07-29,122640,18490.0,2.1,6.2,6.0,-12.0
2025-07-30,122640,18980.0,2.29,3.7,5.3,-8.5
2025-07-31,122640,18550.0,2.39,-5.8,3.4,2.4
2025-08-01,122640,17690.0,2.22,-4.0,3.9,0.1
2025-08-04,122640,18300.0,2.08,-1.0,0.2,0.8
2025-08-05,122640,18590.0,2.05,-2.5,0.2,2.3
2025-08-06,122640,18330.0,1.97,-0.3,1.7,-1.3
2025-08-07,122640,18180.0,1.97,0.6,-2.0,1.4
2025-08-08,122640,18150.0,2.02,1.8,-1.4,-0.4
2025-08-11,122640,18060.0,2.07,-3.3,0.6,2.7
2025-08-12,122640,17910.0,1.96,3.5,-4.1,0.6
2025-08-13,122640,18300.0,1.58,6.2,-0.4,-7.6
2025-08-14,122640,17960.0,1.74,-0.4,-0.0,-0.9
2025-08-18,122640,17040.0,1.72,-3.0,-0.6,3.6
2025-08-19,122640,16680.0,1.59,-0.7,-1.3,2.3
2025-08-20,122640,16850.0,1.59,-1.0,3.9,-1.8
2025-08-21,122640,16800.0,1.58,-2.8,1.8,1.7
2025-08-22,122640,17070.0,1.48,-2.2,-0.0,2.0
2025-08-25,122640,17400.0,1.42,1.5,-1.0,-0.5
2025-08-26,122640,17390.0,1.48,2.4,-2.7,0.6
2025-08-27,122640,17340.0,1.55,0.3,0.0,-0.3
2025-08-28,122640,17060.0,1.53,0.1,-1.8,2.2
2025-08-29,122640,17050.0,1.53,1.8,-0.5,-1.0
2025-09-01,122640,17530.0,1.59,-0.0,-0.1,-0.2
2025-09-02,122640,17450.0,1.6,-1.1,0.1,0.5
2025-09-03,122640,17750.0,1.59,1.7,-1.7,-0.2
2025-09-04,122640,17600.0,1.64,-0.4,-1.4,1.6
2025-09-05,122640,18300.0,1.64,10.7,2.7,-13.5
2025-09-08,122640,18200.0,1.94,0.7,-1.1,0.4
2025-09-09,122640,18160.0,1.95,1.4,-0.3,-1.1
2025-09-10,122640,18310.0,1.99,1.4,-0.3,-3.8
2025-09-11,122640,19400.0,2.02,19.7,3.5,-23.0
2025-09-12,122640,19130.0,2.54,-3.5,0.2,3.3
2025-09-15,122640,19840.0,2.44,5.1,2.7,-13.9
2025-09-16,122640,20450.0,2.55,5.7,1.8,-7.8
2025-09-17,122640,20100.0,2.7,0.0,1.9,-2.5
2025-09-18,122640,20650.0,2.72,11.9,-12.9,0.7
2025-09-19,122640,21100.0,2.91,-1.1,-2.1,3.0
2025-09-22,122640,20300.0,2.88,3.6,-5.3,1.2
2025-09-23,122640,20550.0,2.96,13.6,0.1,-2.5
2025-09-24,122640,20200.0,3.26,6.9,-0.5,-6.5
2025-09-25,122640,19290.0,3.46,-1.2,0.2,0.5
2025-09-26,122640,18610.0,3.42,0.5,-0.1,-0.4
2025-09-29,122640,18610.0,3.34,-1.5,-0.6,1.7
2025-09-30,122640,18750.0,3.29,-0.4,0.2,-0.0
2025-10-01,122640,18790.0,3.29,7.0,-13.7,6.6
2025-10-02,122640,19900.0,3.43,4.6,0.9,-5.2
2025-10-10,122640,19850.0,3.54,-2.4,-0.4,2.8
2025-10-13,122640,20300.0,3.53,5.5,-0.8,-3.5
2025-10-14,122640,18500.0,3.73,-16.7,-1.3,17.2
2025-10-15,122640,18900.0,3.16,-2.4,,2.4
2025-10-16,122640,18710.0,3.07,-0.8,-0.0,0.7
2025-10-17,122640,18370.0,3.04,-2.8,-2.2,4.9
2025-10-20,122640,20200.0,3.0,26.4,-0.0,-23.9
2025-10-21,122640,19800.0,3.79,-0.2,4.1,-3.6
2025-10-22,122640,19520.0,3.78,-2.6,0.3,1.9
2025-10-23,122640,19350.0,3.65,-5.0,0.6,4.4
2025-10-24,122640,19330.0,3.51,0.7,-2.1,1.6
2025-10-27,122640,19170.0,3.51,6.3,-12.4,5.5
2025-10-28,122640,18790.0,3.66,-1.9,-4.8,7.0
2025-10-29,122640,18580.0,3.58,1.8,-5.4,3.0
2025-10-30,122640,18250.0,3.64,-3.1,0.9,2.0
2025-10-31,122640,17710.0,3.5,-4.7,-5.3,9.7
2025-11-03,122640,18550.0,3.33,3.9,-4.8,1.5
2025-11-04,122640,18400.0,3.43,-0.5,0.1,-0.1
2025-11-05,122640,17220.0,3.43,3.6,-23.1,18.9
2025-11-06,122640,17720.0,3.48,0.3,0.6,-1.4
2025-11-07,122640,16740.0,3.49,-0.7,-14.0,14.4
2025-11-10,122640,17100.0,3.44,0.4,-0.3,-0.5
2025-11-11,122640,17500.0,3.36,0.8,-0.0,-0.9
2025-11-12,122640,17800.0,3.39,-0.8,-0.0,1.0
2025-11-13,122640,17890.0,3.34,1.1,-0.6,-0.8
2025-11-14,122640,16620.0,3.37,-9.8,-0.7,10.9
2025-11-17,122640,16550.0,3.05,-3.3,-0.1,3.2
2025-11-18,122640,15800.0,2.95,-0.3,-0.1,0.3
2025-11-19,122640,16240.0,2.93,-0.9,0.1,0.5
2025-11-20,122640,17850.0,2.87,3.1,1.8,-5.0
2025-11-21,122640,16710.0,3.0,-7.8,2.4,5.5
2025-11-24,122640,17790.0,2.77,1.3,4.0,-5.4
2025-11-25,122640,17320.0,2.86,-5.0,0.2,4.7
2025-11-26,122640,17730.0,2.69,-0.8,0.2,0.7
2025-11-27,122640,17650.0,2.69,0.7,-0.2,-0.8
2025-11-28,122640,17670.0,2.74,-0.0,-0.3,0.4
2025-12-01,122640,16440.0,2.74,-10.1,-0.0,10.3
2025-12-02,122640,16150.0,2.73,-4.6,-0.0,4.4
2025-12-03,122640,15750.0,2.57,-1.7,-0.1,2.4
2025-12-04,122640,16710.0,2.66,-0.7,-0.1,0.9
2025-12-05,122640,19000.0,2.78,13.5,-8.2,-5.0
2025-12-08,122640,18440.0,3.02,-6.9,-2.3,9.3
2025-12-09,122640,19270.0,2.79,4.9,0.9,-9.6
2025-12-10,122640,19200.0,2.93,-3.7,-0.1,2.6
2025-12-11,122640,19550.0,2.78,7.6,2.4,-10.6
2025-12-12,122640,18690.0,3.03,-6.8,1.8,5.1
2025-12-15,122640,17970.0,2.81,-21.5,1.2,19.5
2025-12-16,122640,17100.0,2.04,0.3,-0.8,0.5
2025-12-17,122640,17300.0,2.4,2.9,1.7,-2.8
2025-12-18,122640,17120.0,2.5,-3.6,-0.0,4.3
2025-12-19,122640,16900.0,2.37,-5.6,0.0,7.4
2025-12-22,122640,17340.0,2.19,-0.1,2.1,-0.3
2025-12-23,122640,16870.0,2.22,-7.3,-1.5,8.6
2025-12-24,122640,16660.0,1.99,-2.0,-0.2,2.6
2025-12-26,122640,16680.0,1.93,-3.2,4.2,-0.9
2025-12-29,122640,17830.0,1.86,8.3,-1.6,-6.7
2025-12-30,122640,17800.0,2.11,3.5,-0.1,-3.5
2026-01-02,122640,18550.0,2.21,6.9,2.1,-7.7
2026-01-05,122640,18880.0,2.47,0.3,-0.4,1.5
2026-01-06,122640,18730.0,2.5,7.2,-2.7,-4.5
2026-01-07,122640,19680.0,2.8,20.8,16.6,-37.6
2026-01-08,122640,19580.0,3.5,-7.1,-0.1,5.9
2026-01-09,122640,19060.0,3.24,-1.6,-0.1,1.2
2026-01-12,122640,18330.0,3.19,-4.1,-4.8,9.0
2026-01-13,122640,17980.0,3.07,-2.6,-4.4,7.2
2026-01-14,122640,17800.0,3.03,-2.5,-0.7,3.0
2026-01-15,122640,17790.0,2.96,-4.6,0.0,4.6
2026-01-16,122640,17450.0,2.78,-6.6,-0.1,6.7
2026-01-19,122640,17090.0,2.52,-1.6,-1.5,2.8
2026-01-20,122640,17530.0,2.46,0.8,0.2,-0.9
2026-01-21,122640,18240.0,2.47,-2.0,9.9,-7.6
2026-01-22,122640,18430.0,2.54,-5.1,13.0,-7.1
2026-01-23,122640,18320.0,2.47,0.9,-0.1,-1.0
2026-01-26,122640,19340.0,2.5,20.3,10.4,-30.9
2026-01-27,122640,19490.0,3.18,-0.2,0.8,-0.5
2026-01-28,122640,20000.0,3.16,18.8,-2.2,-17.1
2026-01-29,122640,19230.0,3.58,-6.4,-0.2,7.6
2026-01-30,122640,21700.0,3.31,35.4,11.9,-51.2
2026-02-02,122640,21700.0,4.39,-16.9,6.0,10.6
2026-02-03,122640,22650.0,3.98,-14.6,16.3,-0.4
2026-02-04,122640,22100.0,3.52,-2.7,14.1,-11.5
2026-02-05,122640,20700.0,3.02,-1.2,-0.1,1.2
2026-02-06,122640,22100.0,2.93,13.9,4.5,-18.2
2026-02-09,122640,23900.0,3.43,21.0,16.9,-37.2
2026-02-10,122640,23400.0,3.9,-11.6,14.6,-2.9
2026-02-11,122640,23550.0,3.24,-6.9,-1.6,9.1
2026-02-12,122640,22450.0,2.99,-16.0,18.9,-2.5
2026-02-13,122640,22700.0,2.64,-8.0,10.9,-2.1
2026-02-19,122640,23900.0,2.45,1.0,-1.6,-0.7
2026-02-20,122640,22250.0,2.51,-18.9,-1.4,20.1
2026-02-23,122640,21650.0,1.99,1.9,-0.3,-1.9
2026-02-24,122640,23850.0,2.06,25.7,0.8,-26.2
2026-02-25,122640,24100.0,2.7,-5.7,13.1,-7.7
2026-02-26,122640,24400.0,2.55,-7.5,7.2,-0.5
2026-02-27,122640,23100.0,2.29,-6.2,-1.2,7.9
2026-03-03,122640,22300.0,2.14,18.2,-12.0,-7.0
2026-03-04,122640,21600.0,2.66,13.3,27.7,-35.8
2026-03-05,122640,24500.0,3.13,0.9,-1.1,0.9
2026-03-06,122640,24100.0,3.09,-9.1,-0.8,9.4
2026-03-09,122640,21900.0,2.69,-12.7,-7.3,19.8
2026-03-10,122640,23400.0,2.38,9.5,8.4,-17.3
2026-03-11,122640,24000.0,2.67,22.6,-8.7,-13.4
2026-03-12,122640,24400.0,3.15,10.3,0.2,-10.9
2026-03-13,122640,25750.0,3.46,21.4,-23.0,1.0
2026-03-16,122640,25150.0,4.03,3.6,-11.3,6.5
2026-03-17,122640,24550.0,4.23,-5.4,7.0,-1.6
2026-03-18,122640,24500.0,4.17,6.9,-0.5,-4.0
2026-03-19,122640,24650.0,4.4,4.9,-0.5,-4.8
2026-03-20,122640,28800.0,4.48,53.2,0.7,-57.4
2026-03-23,122640,27050.0,5.69,1.9,23.3,-18.6
2026-03-24,122640,23400.0,5.74,-46.7,-0.6,44.9
2026-03-25,122640,22700.0,4.52,2.7,-29.7,26.8
2026-03-26,122640,21500.0,4.45,-10.7,-6.2,14.8
2026-03-27,122640,20800.0,4.29,-8.3,-2.8,11.8
2026-03-30,122640,20000.0,4.27,0.1,-2.7,3.8
2026-03-31,122640,18980.0,4.26,-6.9,0.5,6.1
2026-04-01,122640,20400.0,4.09,8.9,-5.2,-3.6
2026-04-02,122640,19070.0,4.42,-3.0,3.1,0.0
2026-04-03,122640,18940.0,4.29,7.0,-15.0,8.0
2026-04-06,122640,18620.0,5.1,5.5,-15.9,11.1
2026-04-07,122640,19170.0,5.29,-10.2,23.3,-13.0
2026-04-08,122640,22600.0,5.04,-17.6,45.1,-25.6
2026-04-09,122640,23500.0,4.49,-29.1,49.8,-20.2
2026-04-10,122640,24750.0,3.95,5.0,47.9,-51.7
2026-04-13,122640,27000.0,4.39,11.0,44.9,-57.1
2026-04-14,122640,27700.0,4.43,5.6,18.8,-24.1
2026-04-15,122640,29200.0,4.6,10.0,22.7,-33.0
2026-04-16,122640,29100.0,4.66,15.4,9.6,-24.9
2026-04-17,122640,27950.0,5.09,11.0,11.3,-22.4
2026-04-20,122640,26600.0,5.33,19.6,-8.1,-10.6
2026-04-21,122640,26200.0,5.63,13.8,-1.4,-12.5
2026-04-22,122640,26650.0,5.89,-5.8,4.3,1.4
2026-04-23,122640,26350.0,5.65,9.2,-12.3,1.7
2026-04-24,122640,29700.0,5.66,35.2,4.3,-37.4
2026-04-27,122640,29300.0,6.28,-22.5,-3.6,27.6
2026-04-28,122640,28400.0,5.71,-6.9,-2.3,9.3
2026-04-29,122640,28800.0,5.55,-20.1,21.2,-1.1
2026-04-30,122640,27200.0,5.27,7.3,-11.2,3.6
2026-05-04,122640,27750.0,5.44,-3.8,7.9,0.0
2026-05-06,122640,27700.0,5.34,-7.0,-3.1,11.0
2026-05-07,122640,26450.0,5.17,2.0,-0.6,-1.9
2026-05-08,122640,25900.0,5.09,12.7,-17.7,4.8
2026-05-11,122640,25550.0,5.37,15.5,-22.1,6.8
2026-05-12,122640,25400.0,5.64,5.4,-10.4,4.4
2026-05-13,122640,27600.0,5.7,32.7,-7.5,-27.3
2026-05-14,122640,26950.0,6.54,-0.3,0.0,0.0
2026-05-15,122640,25700.0,6.49,1.7,-3.4,-1.3
2026-05-18,122640,27400.0,6.83,23.8,-2.7,-20.5
2026-05-19,122640,26050.0,7.47,-3.7,2.2,1.8
2026-05-20,122640,24800.0,7.23,13.0,-16.0,3.5
2026-05-21,122640,25750.0,7.43,-0.3,0.8,-1.1
2026-05-22,122640,30100.0,7.73,76.7,11.2,-87.1
2026-05-26,122640,32100.0,9.08,-19.2,-8.0,24.3
2026-05-27,122640,30000.0,8.52,2.5,-14.0,-15.4
2026-05-28,122640,28000.0,8.44,30.6,-45.1,11.9
2026-05-29,122640,26600.0,8.97,10.0,-27.5,17.6
2026-06-01,122640,26400.0,8.94,7.3,-23.8,15.1
2026-06-02,122640,25350.0,9.06,-15.0,9.9,5.0
2026-06-04,122640,26900.0,8.72,-6.5,3.2,5.4
2026-06-05,122640,25550.0,8.66,-10.1,0.9,9.5
2026-06-08,122640,22800.0,8.27,-5.8,-0.3,6.6
2026-06-09,122640,25800.0,8.28,26.7,-13.8,-13.0
2026-06-10,122640,24100.0,8.76,16.5,-30.2,13.6
2026-06-11,122640,27550.0,8.99,24.3,-3.1,-21.7
2026-06-12,122640,29700.0,9.53,31.6,0.9,-56.6
2026-06-15,122640,31850.0,10.12,-2.7,7.1,-3.1
2026-06-16,122640,28900.0,9.91,-13.9,-8.8,23.2
2026-06-17,122640,33650.0,9.57,1.1,39.7,-46.2
2026-06-18,122640,39850.0,9.19,-195.6,45.6,137.6
2026-06-19,122640,34800.0,5.69,36.5,-26.7,-7.4
2026-06-22,122640,38500.0,6.33,37.1,25.6,-68.7
2026-06-23,122640,38500.0,6.62,40.3,41.5,-62.8
2026-06-24,122640,37500.0,6.95,-50.7,15.2,35.5
2026-06-25,122640,35750.0,6.24,27.4,10.3,-39.3
2026-06-26,122640,33000.0,6.65,66.0,-36.1,-36.0
2026-06-29,122640,32250.0,7.82,6.1,0.6,-7.1
2026-06-30,122640,34800.0,7.02,8.5,6.2,-12.2
2026-07-01,122640,39250.0,6.62,-10.4,19.8,3.4
2026-07-02,122640,33000.0,6.48,-65.2,-11.5,46.4
2026-07-03,122640,34300.0,5.63,-23.2,8.5,13.5
2026-07-06,122640,30250.0,5.33,5.3,-20.5,5.9
2026-07-07,122640,27600.0,5.43,34.8,-4.8,-30.5
2026-07-08,122640,24700.0,5.99,19.8,-8.3,-12.0
2026-07-09,122640,24950.0,6.36,15.0,16.1,-31.0
2026-07-10,122640,31500.0,6.64,-45.5,1.1,43.3
2026-07-13,122640,30500.0,5.91,-6.4,3.6,3.0
2026-07-14,122640,31850.0,6.13,3.5,0.8,-4.1
2026-07-15,122640,31400.0,6.12,-26.4,-18.8,41.9
2026-07-16,122640,28750.0,5.28,-10.2,-0.1,10.3
2025-07-14,122690,2415.0,1.0,0.0,-0.3,0.2
2025-07-15,122690,2410.0,1.01,-0.2,-0.0,0.2
2025-07-16,122690,2390.0,0.98,-0.1,-0.1,0.2
2025-07-17,122690,2390.0,0.96,0.0,-0.0,-0.0
2025-07-18,122690,2340.0,0.97,0.0,0.0,-0.0
2025-07-21,122690,2360.0,0.97,-0.0,0.0,0.0
2025-07-22,122690,2360.0,0.97,-0.1,-0.0,0.2
2025-07-23,122690,2345.0,0.94,-0.0,-0.1,0.1
2025-07-24,122690,2315.0,0.94,-0.3,-0.9,1.2
2025-07-25,122690,2300.0,0.87,-0.0,-0.2,0.3
2025-07-28,122690,2240.0,0.87,-0.1,-0.2,0.3
2025-07-29,122690,2215.0,0.85,0.0,-0.2,0.2
2025-07-30,122690,2210.0,0.85,0.3,-0.9,0.6
2025-07-31,122690,2225.0,0.9,-0.0,-0.1,0.2
2025-08-01,122690,2135.0,0.9,-0.2,0.0,0.1
2025-08-04,122690,2185.0,0.86,0.3,-0.0,-0.3
2025-08-05,122690,2180.0,0.93,0.0,-0.0,-0.1
2025-08-06,122690,2185.0,0.94,0.1,-0.0,-0.1
2025-08-07,122690,2185.0,0.95,-0.0,-0.0,0.0
2025-08-08,122690,2165.0,1.04,0.0,0.0,-0.0
2025-08-11,122690,2140.0,1.04,0.0,-0.0,-0.0
2025-08-12,122690,2120.0,1.05,-0.0,,0.1
2025-08-13,122690,2185.0,1.04,0.2,-0.0,-0.2
2025-08-14,122690,2140.0,1.3,-0.0,0.0,0.0
2025-08-18,122690,2020.0,1.3,-0.1,0.0,0.1
2025-08-19,122690,1970.0,1.27,0.3,0.0,-0.4
2025-08-20,122690,1933.0,1.34,0.2,-0.0,-0.2
2025-08-21,122690,1963.0,1.4,0.0,-0.0,0.0
2025-08-22,122690,1937.0,1.4,-0.0,-0.0,0.0
2025-08-25,122690,1929.0,1.39,0.2,-0.1,-0.0
2025-08-26,122690,1907.0,1.42,-0.1,-0.1,0.3
2025-08-27,122690,1909.0,1.4,0.0,-0.0,0.0
2025-08-28,122690,1913.0,1.41,-0.0,-0.1,0.1
2025-08-29,122690,1879.0,1.4,-0.2,0.0,0.2
2025-09-01,122690,1860.0,1.36,0.0,-0.0,-0.0
2025-09-02,122690,1900.0,1.36,-0.0,-0.0,0.0
2025-09-03,122690,1882.0,1.36,-0.1,-0.0,0.1
2025-09-04,122690,1888.0,1.34,-0.0,-0.0,0.0
2025-09-05,122690,1875.0,1.33,-0.0,0.0,0.0
2025-09-08,122690,1862.0,1.32,-0.1,-0.0,0.1
2025-09-09,122690,1855.0,1.31,-0.0,-0.0,0.0
2025-09-10,122690,1890.0,1.33,0.0,-0.0,0.0
2025-09-11,122690,1893.0,1.33,-0.0,-0.0,0.1
2025-09-12,122690,1920.0,1.32,0.0,-0.0,0.0
2025-09-15,122690,1898.0,1.33,-0.1,-0.0,0.2
2025-09-16,122690,1917.0,1.31,-0.1,-0.0,0.1
2025-09-17,122690,1889.0,1.29,-0.1,-0.0,0.1
2025-09-18,122690,1896.0,1.27,-0.0,0.0,0.0
2025-09-19,122690,1884.0,1.27,-0.1,-0.0,0.1
2025-09-22,122690,1857.0,1.25,-0.0,0.0,0.0
2025-09-23,122690,1885.0,1.24,-0.0,-0.0,0.1
2025-09-24,122690,1875.0,1.23,-0.0,-0.0,0.1
2025-09-25,122690,1862.0,1.22,-0.0,-0.1,0.1
2025-09-26,122690,1831.0,1.0,-0.0,-0.0,0.0
2025-09-29,122690,1810.0,0.96,0.0,-0.0,0.0
2025-09-30,122690,1798.0,0.97,0.0,0.0,-0.0
2025-10-01,122690,1830.0,0.97,0.0,-0.0,0.0
2025-10-02,122690,1847.0,0.98,0.0,-0.0,-0.0
2025-10-10,122690,1810.0,0.98,-0.0,-0.0,0.0
2025-10-13,122690,1830.0,0.97,0.0,-0.0,-0.0
2025-10-14,122690,1829.0,0.97,0.0,-0.0,0.0
2025-10-15,122690,1860.0,0.97,-0.0,-0.0,0.0
2025-10-16,122690,1901.0,0.97,-0.0,-0.0,0.0
2025-10-17,122690,1896.0,0.97,-0.0,-0.0,0.1
2025-10-20,122690,1860.0,0.96,-0.0,0.0,-0.0
2025-10-21,122690,1887.0,0.96,0.0,0.0,0.0
2025-10-22,122690,1871.0,0.96,0.0,-0.0,-0.1
2025-10-23,122690,1894.0,0.97,-0.0,-0.0,0.0
2025-10-24,122690,1861.0,0.97,0.0,0.0,-0.0
2025-10-27,122690,1850.0,0.97,-0.0,0.0,0.0
2025-10-28,122690,1832.0,0.97,-0.0,0.0,0.0
2025-10-29,122690,1816.0,0.96,0.0,0.0,-0.0
2025-10-30,122690,1806.0,0.96,-0.0,-0.0,0.0
2025-10-31,122690,1858.0,0.95,0.0,-0.0,0.0
2025-11-03,122690,1814.0,1.0,-0.1,0.0,0.1
2025-11-04,122690,1800.0,0.98,-0.0,-0.0,0.1
2025-11-05,122690,1790.0,0.98,-0.0,-0.0,0.0
2025-11-06,122690,1794.0,0.97,-0.0,-0.0,0.0
2025-11-07,122690,1793.0,0.97,-0.0,-0.0,0.0
2025-11-10,122690,1792.0,0.96,0.4,-0.4,0.0
2025-11-11,122690,1827.0,1.06,0.0,-0.0,0.0
2025-11-12,122690,2375.0,1.07,-0.6,-0.2,1.3
2025-11-13,122690,2245.0,0.95,-0.0,-0.1,-0.9
2025-11-14,122690,2240.0,0.95,0.8,-0.0,-0.8
2025-11-17,122690,2000.0,1.11,-1.0,-0.0,1.0
2025-11-18,122690,1999.0,0.94,0.0,,-0.0
2025-11-19,122690,1959.0,0.95,0.1,0.0,-0.1
2025-11-20,122690,1958.0,0.98,-0.1,0.0,0.0
2025-11-21,122690,1906.0,0.96,0.2,-0.0,-0.2
2025-11-24,122690,1894.0,0.99,0.2,0.0,-0.3
2025-11-25,122690,1969.0,1.04,0.3,-0.0,-0.3
2025-11-26,122690,1955.0,1.12,-0.3,-0.0,0.3
2025-11-27,122690,1964.0,1.05,0.1,0.0,-0.1
2025-11-28,122690,1977.0,1.07,-0.2,-0.0,0.2
2025-12-01,122690,1960.0,1.02,0.4,0.0,-0.4
2025-12-02,122690,1977.0,1.11,0.3,-0.0,-0.3
2025-12-03,122690,1988.0,1.19,0.2,,-0.2
2025-12-04,122690,2015.0,1.23,-0.2,,0.1
2025-12-05,122690,2010.0,1.19,0.5,0.0,-0.4
2025-12-08,122690,1972.0,1.29,-0.1,,0.2
2025-12-09,122690,1927.0,1.27,-0.1,,0.1
2025-12-10,122690,1910.0,1.25,-0.1,0.0,0.1
2025-12-11,122690,1935.0,1.22,0.2,0.0,-0.2
2025-12-12,122690,2300.0,1.27,0.8,-0.2,-0.6
2025-12-15,122690,2680.0,1.45,1.1,-0.8,0.6
2025-12-16,122690,2450.0,1.69,-1.1,-0.0,1.7
2025-12-17,122690,2480.0,1.52,0.1,,-0.0
2025-12-18,122690,2255.0,1.54,-0.1,,0.1
2025-12-19,122690,2225.0,1.52,0.6,,-0.6
2025-12-22,122690,2890.0,1.64,-0.5,0.0,1.9
2025-12-23,122690,3300.0,1.54,-6.6,-0.2,6.6
2025-12-24,122690,3440.0,0.73,0.3,,-0.9
2025-12-26,122690,3620.0,0.83,0.1,0.0,1.5
2025-12-29,122690,3775.0,0.73,0.1,-3.1,2.9
2025-12-30,122690,3580.0,0.67,,,-0.4
2026-01-02,122690,3660.0,0.67,-0.1,-0.9,0.8
2026-01-05,122690,4040.0,0.65,1.6,-0.5,-0.8
2026-01-06,122690,3870.0,0.88,-1.4,-0.0,1.5
2026-01-07,122690,3620.0,0.72,-0.1,-0.0,0.3
2026-01-08,122690,3460.0,0.74,0.2,-0.0,-0.3
2026-01-09,122690,3370.0,0.79,-0.1,-2.2,2.3
2026-01-12,122690,3420.0,0.78,-0.0,-0.0,0.1
2026-01-13,122690,3725.0,0.77,1.3,-1.3,0.1
2026-01-14,122690,3540.0,1.0,-1.9,,1.5
2026-01-15,122690,3595.0,0.77,1.7,0.5,-1.7
2026-01-16,122690,3475.0,0.99,-1.4,0.0,1.2
2026-01-19,122690,4015.0,0.83,6.6,0.0,-6.2
2026-01-20,122690,3780.0,1.55,-4.7,0.0,3.5
2026-01-21,122690,3870.0,0.96,3.7,-0.0,-3.8
2026-01-22,122690,3270.0,1.39,-5.2,-2.4,8.7
2026-01-23,122690,3085.0,0.73,3.7,-1.1,-2.8
2026-01-26,122690,3035.0,1.24,-0.6,-0.2,0.8
2026-01-27,122690,2935.0,1.16,2.2,-0.5,-1.7
2026-01-28,122690,2935.0,1.48,-0.9,-0.1,1.0
2026-01-29,122690,3025.0,1.35,0.4,-1.0,0.5
2026-01-30,122690,3160.0,1.41,-4.8,-2.5,7.5
2026-02-02,122690,2900.0,0.74,-0.6,-0.1,0.6
2026-02-03,122690,2930.0,0.67,-1.4,-0.1,1.5
2026-02-04,122690,2810.0,0.48,3.3,-2.7,-0.5
2026-02-05,122690,2745.0,0.98,1.0,-0.0,-1.0
2026-02-06,122690,2655.0,1.14,0.1,0.0,-0.1
2026-02-09,122690,2750.0,1.16,0.7,0.0,-0.4
2026-02-10,122690,2820.0,1.27,-1.1,-0.6,0.9
2026-02-11,122690,2820.0,1.11,-1.5,-0.3,1.8
2026-02-12,122690,2805.0,0.87,-0.2,-0.2,0.4
2026-02-13,122690,2740.0,0.84,0.0,0.0,-0.1
2026-02-19,122690,2755.0,0.85,2.0,-0.2,-1.1
2026-02-20,122690,2755.0,1.18,-0.4,-0.0,0.4
2026-02-23,122690,2810.0,1.11,1.3,0.0,-1.3
2026-02-24,122690,2860.0,1.32,0.1,0.0,-0.1
2026-02-25,122690,2980.0,1.33,-1.6,0.0,1.6
2026-02-26,122690,2785.0,1.12,-1.3,0.0,1.8
2026-02-27,122690,2770.0,0.92,-0.0,0.0,0.0
2026-03-03,122690,2630.0,0.92,2.1,-0.0,-2.1
2026-03-04,122690,2295.0,1.4,1.7,0.0,-1.7
2026-03-05,122690,2570.0,1.71,0.8,-0.0,-0.8
2026-03-06,122690,2570.0,1.87,-0.2,0.0,0.2
2026-03-09,122690,2430.0,1.84,0.6,0.0,-0.6
2026-03-10,122690,2540.0,1.95,0.1,-0.0,-0.4
2026-03-11,122690,2550.0,1.88,0.6,-0.0,-0.6
2026-03-12,122690,2550.0,1.99,0.1,0.0,-0.4
2026-03-13,122690,2610.0,2.01,0.6,-0.8,0.1
2026-03-16,122690,2525.0,2.11,-0.7,0.0,0.6
2026-03-17,122690,2570.0,2.0,0.3,0.0,-0.3
2026-03-18,122690,2565.0,1.98,-0.5,-0.0,0.5
2026-03-19,122690,2500.0,1.91,0.0,-0.0,-0.0
2026-03-20,122690,2695.0,1.91,0.8,0.0,-0.9
2026-03-23,122690,2770.0,2.05,-0.7,-0.0,0.6
2026-03-24,122690,2640.0,1.94,-1.1,0.0,1.0
2026-03-25,122690,2640.0,1.76,0.1,0.0,-0.1
2026-03-26,122690,2570.0,1.78,-0.0,0.0,0.0
2026-03-27,122690,2550.0,1.77,0.2,0.0,-0.2
2026-03-30,122690,2525.0,1.82,0.2,0.0,-0.2
2026-03-31,122690,2445.0,1.88,0.3,0.0,-0.3
2026-04-01,122690,2585.0,1.93,0.5,-0.0,-0.5
2026-04-02,122690,2420.0,2.01,-0.1,0.0,0.1
2026-04-03,122690,2440.0,2.0,0.1,-0.0,-0.1
2026-04-06,122690,2365.0,2.01,0.7,-0.0,-0.7
2026-04-07,122690,2310.0,2.15,-0.0,-0.0,0.0
2026-04-08,122690,2445.0,2.15,0.5,0.0,-0.5
2026-04-09,122690,2400.0,2.23,-0.1,0.0,0.1
2026-04-10,122690,2395.0,2.21,0.5,0.0,-0.6
2026-04-13,122690,2355.0,2.31,0.1,0.0,-0.1
2026-04-14,122690,2400.0,2.32,0.3,0.0,-0.4
2026-04-15,122690,2450.0,2.38,-0.1,0.0,0.0
2026-04-16,122690,2445.0,2.37,0.0,0.0,-0.0
2026-04-17,122690,2525.0,2.37,-0.2,0.0,0.2
2026-04-20,122690,2480.0,2.34,-0.7,0.0,0.7
2026-04-21,122690,2450.0,2.22,-0.1,0.0,0.1
2026-04-22,122690,2455.0,2.2,0.1,0.0,-0.1
2026-04-23,122690,2450.0,2.22,-0.0,0.0,-0.1
2026-04-24,122690,2450.0,2.21,-0.0,0.0,-0.0
2026-04-27,122690,2495.0,2.21,0.2,0.0,-0.2
2026-04-28,122690,2445.0,2.25,-0.4,0.0,0.5
2026-04-29,122690,2450.0,2.18,0.1,0.0,-0.1
2026-04-30,122690,2445.0,2.2,-0.3,0.0,0.3
2026-05-04,122690,2340.0,2.16,-0.6,0.0,0.7
2026-05-06,122690,2195.0,2.05,-0.1,-0.0,0.1
2026-05-07,122690,2180.0,2.03,0.0,-0.0,-0.0
2026-05-08,122690,2205.0,2.04,0.0,-0.0,-0.0
2026-05-11,122690,2200.0,2.04,-0.0,-0.0,0.1
2026-05-12,122690,2150.0,2.03,-0.1,0.0,0.1
2026-05-13,122690,2305.0,2.01,0.3,-0.0,-0.4
2026-05-14,122690,2250.0,2.07,0.1,0.0,-0.1
2026-05-15,122690,2160.0,2.09,0.5,-0.0,-0.5
2026-05-18,122690,2085.0,2.18,0.1,-0.0,-0.1
2026-05-19,122690,2010.0,2.2,-0.0,-0.0,0.1
2026-05-20,122690,1950.0,2.2,0.1,0.0,-0.1
2026-05-21,122690,2030.0,2.27,0.6,-0.0,-0.7
2026-05-22,122690,2105.0,2.41,0.0,-0.0,-0.1
2026-05-26,122690,2040.0,2.41,-0.2,0.0,0.2
2026-05-27,122690,1874.0,2.37,-0.1,-0.0,0.2
2026-05-28,122690,2100.0,2.35,-0.1,-0.0,0.1
2026-05-29,122690,1960.0,2.33,-0.5,-0.0,0.6
2026-06-01,122690,1833.0,2.21,-0.7,0.0,0.7
2026-06-02,122690,1821.0,2.06,-0.2,0.0,-0.0
2026-06-04,122690,1809.0,1.99,-0.2,-0.0,0.2
2026-06-05,122690,1800.0,1.93,0.2,-0.0,-0.2
2026-06-08,122690,1717.0,1.98,-0.4,0.0,0.4
2026-06-09,122690,1762.0,1.88,0.0,0.0,-0.0
2026-06-10,122690,1753.0,1.88,0.0,-0.0,-0.0
2026-06-11,122690,1773.0,1.89,-0.0,-0.0,0.1
2026-06-12,122690,1832.0,1.88,0.0,0.0,-0.1
2026-06-15,122690,1811.0,1.89,-0.0,0.0,0.0
2026-06-16,122690,1845.0,1.88,-0.0,0.0,-0.0
2026-06-17,122690,1865.0,1.88,-0.2,-0.0,0.2
2026-06-18,122690,1762.0,1.83,-0.3,0.0,0.3
2026-06-19,122690,1699.0,1.77,-0.5,0.0,0.5
2026-06-22,122690,1627.0,1.65,0.1,-0.0,-0.1
2026-06-23,122690,1565.0,1.67,-0.2,0.0,0.2
2026-06-24,122690,1583.0,1.61,-0.1,-0.0,0.1
2026-06-25,122690,1572.0,1.59,-0.2,-0.0,0.2
2026-06-26,122690,1493.0,1.54,-0.0,0.0,0.1
2026-06-29,122690,1595.0,1.53,0.2,-0.0,-0.2
2026-06-30,122690,1625.0,1.58,0.1,-0.0,-0.1
2026-07-01,122690,1728.0,1.59,0.2,-0.0,-0.3
2026-07-02,122690,1757.0,1.65,-0.3,0.0,0.3
2026-07-03,122690,1750.0,1.58,-0.1,0.0,0.1
2026-07-06,122690,1707.0,1.55,0.1,-0.0,-0.1
2026-07-07,122690,1651.0,1.57,-0.0,0.0,0.0
2026-07-08,122690,1632.0,1.56,0.0,0.0,-0.0
2026-07-09,122690,1634.0,1.56,-0.3,-0.0,0.3
2026-07-10,122690,1800.0,1.49,0.1,-0.0,-0.1
2026-07-13,122690,1701.0,1.52,-0.1,0.0,0.1
2026-07-14,122690,1647.0,1.48,-0.0,0.0,0.0
2026-07-15,122690,1664.0,1.47,0.0,0.0,-0.0
2026-07-16,122690,1623.0,1.48,0.0,0.0,-0.1
2025-07-14,122870,86800.0,16.86,-22.2,-5.6,23.4
2025-07-15,122870,86800.0,16.66,6.9,13.8,-16.0
2025-07-16,122870,84800.0,16.73,32.0,-41.3,10.2
2025-07-17,122870,85100.0,16.91,31.2,-5.6,-22.5
2025-07-18,122870,84900.0,17.17,6.3,3.3,-13.4
2025-07-21,122870,91200.0,17.22,50.0,72.2,-119.6
2025-07-22,122870,87800.0,17.59,-38.2,-32.2,70.8
2025-07-23,122870,84800.0,17.33,-16.1,-16.7,35.0
2025-07-24,122870,83500.0,17.23,-54.1,27.5,27.1
2025-07-25,122870,83100.0,16.81,-2.3,11.0,-8.5
2025-07-28,122870,81300.0,16.8,28.3,-18.0,-10.3
2025-07-29,122870,81200.0,17.02,11.9,-8.8,-4.4
2025-07-30,122870,80300.0,17.06,-35.6,31.5,5.5
2025-07-31,122870,85100.0,16.81,-10.9,113.7,-106.3
2025-08-01,122870,79400.0,16.88,-16.5,-41.6,56.0
2025-08-04,122870,84800.0,16.73,-16.2,26.7,-12.6
2025-08-05,122870,86300.0,16.7,-14.1,54.4,-40.6
2025-08-06,122870,88800.0,16.61,-18.4,52.3,-30.9
2025-08-07,122870,89200.0,16.45,-11.2,13.1,-2.5
2025-08-08,122870,93200.0,16.23,10.5,112.6,-127.4
2025-08-11,122870,104300.0,16.3,145.2,144.8,-293.5
2025-08-12,122870,102100.0,17.17,57.5,18.0,-75.4
2025-08-13,122870,99800.0,17.47,71.0,9.2,-80.9
2025-08-14,122870,99100.0,17.91,23.9,-18.4,-4.5
2025-08-18,122870,97800.0,18.02,2.5,13.2,-15.6
2025-08-19,122870,99000.0,18.02,-53.4,57.2,-1.9
2025-08-20,122870,104700.0,17.67,-101.7,92.9,4.8
2025-08-21,122870,107400.0,16.44,5.2,45.1,-51.2
2025-08-22,122870,102000.0,16.47,18.3,-5.7,-13.0
2025-08-25,122870,103700.0,16.55,-41.4,61.8,-21.5
2025-08-26,122870,104400.0,16.34,15.5,39.9,-52.5
2025-08-27,122870,103500.0,16.55,0.9,20.1,-20.6
2025-08-28,122870,101400.0,16.55,-8.4,38.9,-28.6
2025-08-29,122870,101600.0,16.5,-22.0,56.4,-36.2
2025-09-01,122870,102000.0,16.41,-17.7,10.8,7.0
2025-09-02,122870,102300.0,16.3,-24.1,17.2,6.0
2025-09-03,122870,100100.0,16.16,0.8,-17.6,18.6
2025-09-04,122870,100000.0,16.17,16.2,-24.9,11.4
2025-09-05,122870,99500.0,16.27,-16.4,9.7,11.5
2025-09-08,122870,101200.0,16.2,-8.1,21.9,-13.8
2025-09-09,122870,99200.0,16.16,-14.7,-30.2,45.8
2025-09-10,122870,100400.0,16.05,18.8,-0.2,-20.1
2025-09-11,122870,98000.0,16.12,-5.9,-54.9,62.9
2025-09-12,122870,98200.0,16.08,67.0,-61.6,-7.0
2025-09-15,122870,97600.0,16.47,44.7,-45.7,1.8
2025-09-16,122870,98300.0,16.7,18.3,-17.5,-0.0
2025-09-17,122870,97800.0,16.81,-13.9,-36.1,49.2
2025-09-18,122870,99100.0,16.75,9.0,-3.5,-6.5
2025-09-19,122870,98900.0,16.81,-14.3,-0.1,15.0
2025-09-22,122870,99100.0,16.77,27.8,-2.0,-20.5
2025-09-23,122870,97400.0,16.92,-2.5,-10.7,14.0
2025-09-24,122870,97800.0,16.91,8.1,-0.6,-8.2
2025-09-25,122870,94900.0,16.89,36.6,-51.9,11.8
2025-09-26,122870,100700.0,17.09,48.2,129.1,-186.3
2025-09-29,122870,100400.0,17.48,13.6,2.2,-15.5
2025-09-30,122870,97700.0,17.55,4.2,-5.8,9.3
2025-10-01,122870,99000.0,17.53,25.8,-14.0,-12.5
2025-10-02,122870,97800.0,17.67,22.7,-33.4,13.4
2025-10-10,122870,99600.0,17.78,-25.9,10.5,17.9
2025-10-13,122870,105500.0,17.59,-15.5,49.5,-38.5
2025-10-14,122870,99600.0,17.48,-40.9,2.4,35.9
2025-10-15,122870,95800.0,17.25,-162.3,-72.2,233.5
2025-10-16,122870,93000.0,16.03,24.7,-120.0,100.2
2025-10-17,122870,90000.0,16.17,67.1,-72.7,5.4
2025-10-20,122870,92000.0,16.62,-11.9,9.1,4.9
2025-10-21,122870,93400.0,16.62,6.0,-7.5,2.6
2025-10-22,122870,91700.0,16.67,26.1,-64.6,38.1
2025-10-23,122870,91600.0,16.83,-7.0,-2.8,7.7
2025-10-24,122870,90500.0,16.77,25.2,-33.3,8.5
2025-10-27,122870,93900.0,16.91,6.3,7.3,-19.6
2025-10-28,122870,94900.0,16.95,-5.0,3.3,2.1
2025-10-29,122870,91300.0,16.91,-51.5,-102.8,158.5
2025-10-30,122870,91500.0,17.16,-0.3,-47.5,49.5
2025-10-31,122870,91500.0,17.34,59.6,-101.7,41.8
2025-11-03,122870,90100.0,17.7,-49.2,-123.5,172.7
2025-11-04,122870,88000.0,17.3,133.7,-102.2,-27.5
2025-11-05,122870,83800.0,18.12,105.8,-116.7,12.5
2025-11-06,122870,79500.0,18.88,149.9,-139.3,-10.2
2025-11-07,122870,72000.0,19.72,139.3,-202.3,67.4
2025-11-10,122870,67100.0,20.66,-87.4,-110.0,199.2
2025-11-11,122870,63600.0,19.92,-58.6,-65.2,123.4
2025-11-12,122870,63300.0,19.39,-8.1,-65.8,72.9
2025-11-13,122870,63500.0,19.31,-46.2,-23.9,72.2
2025-11-14,122870,62100.0,18.91,-27.2,-27.4,56.1
2025-11-17,122870,62700.0,18.67,-23.6,12.1,11.5
2025-11-18,122870,61600.0,18.41,-45.1,20.7,23.2
2025-11-19,122870,61100.0,18.02,-3.1,-4.0,8.5
2025-11-20,122870,62500.0,18.19,9.1,-3.5,-8.7
2025-11-21,122870,60700.0,18.27,-7.5,-2.5,10.2
2025-11-24,122870,60500.0,17.81,2.8,-1.6,0.1
2025-11-25,122870,58700.0,17.73,7.7,-11.3,4.0
2025-11-26,122870,60800.0,17.78,15.1,4.5,-18.6
2025-11-27,122870,62200.0,17.92,-29.4,34.4,-5.8
2025-11-28,122870,64900.0,17.67,-52.4,102.4,-48.8
2025-12-01,122870,63700.0,17.41,-29.5,16.6,14.0
2025-12-02,122870,62800.0,17.27,-12.6,-32.2,44.5
2025-12-03,122870,62900.0,17.14,-10.1,-4.0,13.9
2025-12-04,122870,62100.0,16.94,3.0,-19.1,16.2
2025-12-05,122870,62100.0,16.86,-10.2,0.7,9.7
2025-12-08,122870,61500.0,16.8,-0.7,-13.9,14.6
2025-12-09,122870,61800.0,16.75,1.9,-1.0,-1.0
2025-12-10,122870,62200.0,16.78,-12.8,10.9,1.4
2025-12-11,122870,61600.0,16.7,-0.7,-15.4,15.4
2025-12-12,122870,63600.0,16.58,-77.6,108.9,-30.8
2025-12-15,122870,63000.0,15.89,-53.1,-7.0,59.5
2025-12-16,122870,63600.0,15.38,-12.4,34.8,-22.6
2025-12-17,122870,64700.0,15.35,-37.9,29.7,8.6
2025-12-18,122870,63400.0,15.07,-27.0,-4.0,31.5
2025-12-19,122870,63300.0,14.8,-49.4,27.8,19.1
2025-12-22,122870,63500.0,14.33,0.7,-17.8,17.1
2025-12-23,122870,66200.0,14.32,-22.6,14.4,7.2
2025-12-24,122870,66100.0,14.18,-18.1,2.2,16.2
2025-12-26,122870,64500.0,14.03,-26.9,-7.7,35.3
2025-12-29,122870,64700.0,13.78,18.2,-18.4,0.4
2025-12-30,122870,69400.0,13.42,-4.2,126.0,-119.0
2026-01-02,122870,70400.0,13.65,-161.1,20.8,143.4
2026-01-05,122870,65100.0,12.27,-217.9,-45.2,260.8
2026-01-06,122870,65100.0,10.44,11.6,-38.3,26.8
2026-01-07,122870,64300.0,10.75,-32.5,-0.1,32.4
2026-01-08,122870,68200.0,10.43,7.3,89.7,-99.3
2026-01-09,122870,67200.0,11.01,0.3,30.8,-30.8
2026-01-12,122870,68200.0,10.99,24.2,-9.7,-11.7
2026-01-13,122870,67700.0,11.38,14.9,-16.3,2.5
2026-01-14,122870,67000.0,10.71,0.1,-42.9,42.9
2026-01-15,122870,69400.0,10.65,26.3,25.0,-48.9
2026-01-16,122870,68800.0,10.99,-59.2,6.0,52.5
2026-01-19,122870,71100.0,10.32,14.6,2.0,-17.1
2026-01-20,122870,70000.0,10.46,-15.4,-10.4,26.0
2026-01-21,122870,67800.0,10.32,-9.2,-9.6,18.7
2026-01-22,122870,70200.0,10.28,24.2,-9.0,-12.4
2026-01-23,122870,70700.0,10.63,-21.9,43.5,-23.0
2026-01-26,122870,72600.0,10.44,-40.4,97.3,-57.9
2026-01-27,122870,70400.0,11.07,-45.3,35.9,9.4
2026-01-28,122870,74200.0,10.61,-13.2,178.8,-154.7
2026-01-29,122870,74000.0,10.73,-94.7,86.8,5.1
2026-01-30,122870,74700.0,10.08,-45.5,90.6,-40.6
2026-02-02,122870,69900.0,9.77,11.6,-47.8,36.4
2026-02-03,122870,71900.0,9.79,10.7,-7.4,-3.3
2026-02-04,122870,70800.0,9.88,-0.5,-17.1,18.0
2026-02-05,122870,69800.0,9.77,-5.7,-3.1,6.1
2026-02-06,122870,70100.0,9.67,3.2,-2.6,-1.5
2026-02-09,122870,74300.0,9.64,76.8,19.1,-93.3
2026-02-10,122870,73800.0,10.38,32.6,-15.9,-17.9
2026-02-11,122870,76500.0,10.57,47.3,123.2,-173.0
2026-02-12,122870,74800.0,11.17,-62.6,-21.1,86.6
2026-02-13,122870,72900.0,10.51,-9.9,-18.2,28.9
2026-02-19,122870,74000.0,10.41,-18.1,18.3,-1.1
2026-02-20,122870,73300.0,10.26,15.5,-40.3,25.0
2026-02-23,122870,73100.0,10.39,7.1,-21.4,14.4
2026-02-24,122870,73700.0,10.51,-11.5,-9.3,21.1
2026-02-25,122870,72400.0,10.24,-21.6,-23.4,48.6
2026-02-26,122870,71300.0,10.19,-20.3,-42.0,62.1
2026-02-27,122870,74000.0,10.09,8.7,204.4,-201.7
2026-03-03,122870,67700.0,10.57,-182.9,72.5,110.8
2026-03-04,122870,62600.0,9.13,77.4,58.4,-127.5
2026-03-05,122870,64200.0,10.47,-3.6,-24.0,28.5
2026-03-06,122870,69500.0,10.2,8.2,41.1,-50.0
2026-03-09,122870,64700.0,10.52,-18.1,-24.0,41.1
2026-03-10,122870,66600.0,10.17,-11.8,19.8,-7.8
2026-03-11,122870,63600.0,9.96,-71.9,-25.4,97.3
2026-03-12,122870,63100.0,9.26,26.4,-25.7,-1.8
2026-03-13,122870,63500.0,9.54,3.7,-8.3,4.7
2026-03-16,122870,61800.0,9.62,-16.8,-26.7,43.9
2026-03-17,122870,62300.0,9.34,3.2,-12.3,9.5
2026-03-18,122870,62200.0,9.52,-21.2,-68.6,97.4
2026-03-19,122870,60100.0,9.24,9.6,-52.0,52.2
2026-03-20,122870,59800.0,9.31,11.0,-32.6,21.1
2026-03-23,122870,54000.0,9.4,25.4,-111.3,85.6
2026-03-24,122870,55400.0,9.6,35.5,-30.6,-5.7
2026-03-25,122870,56300.0,9.91,26.6,-34.1,8.3
2026-03-26,122870,56200.0,10.07,18.9,-9.7,-9.5
2026-03-27,122870,56200.0,10.13,13.3,-12.9,1.0
2026-03-30,122870,53800.0,10.29,14.5,-22.7,8.5
2026-03-31,122870,52900.0,10.66,43.4,-26.6,-16.7
2026-04-01,122870,53300.0,10.38,2.5,-15.3,26.4
2026-04-02,122870,50800.0,10.7,30.8,-30.2,3.5
2026-04-03,122870,51000.0,11.03,28.9,-29.4,1.0
2026-04-06,122870,50700.0,11.32,11.5,-8.0,-3.7
2026-04-07,122870,49900.0,11.49,16.2,-15.9,-0.1
2026-04-08,122870,51300.0,11.67,11.4,-17.9,6.6
2026-04-09,122870,50000.0,11.78,9.4,-30.1,18.9
2026-04-10,122870,51200.0,11.86,12.4,-12.5,1.1
2026-04-13,122870,51300.0,11.89,-3.3,-1.4,4.1
2026-04-14,122870,51600.0,11.65,4.5,-13.4,8.9
2026-04-15,122870,52800.0,11.6,-2.5,-7.1,9.5
2026-04-16,122870,55500.0,11.63,-6.0,21.6,-18.3
2026-04-17,122870,55900.0,11.62,-14.8,-13.3,27.0
2026-04-20,122870,54400.0,11.66,-18.7,-11.0,28.5
2026-04-21,122870,53800.0,11.54,1.1,-21.3,20.2
2026-04-22,122870,54500.0,11.53,0.4,-6.5,6.2
2026-04-23,122870,53900.0,11.53,-0.9,-7.7,8.3
2026-04-24,122870,54600.0,11.52,6.6,-2.2,-4.8
2026-04-27,122870,54200.0,11.57,-7.4,-3.4,10.4
2026-04-28,122870,54500.0,11.45,-2.5,-6.1,9.2
2026-04-29,122870,55000.0,11.44,-5.6,-6.4,11.8
2026-04-30,122870,54000.0,11.23,-25.7,3.7,22.0
2026-05-04,122870,53500.0,10.89,-8.4,-9.8,17.2
2026-05-06,122870,51300.0,10.83,-13.0,-10.0,23.1
2026-05-07,122870,50300.0,10.65,11.3,-28.8,17.3
2026-05-08,122870,50200.0,10.73,-8.2,-20.2,28.2
2026-05-11,122870,49450.0,10.62,-0.1,-9.6,9.7
2026-05-12,122870,48850.0,10.61,30.2,-19.3,-11.2
2026-05-13,122870,49450.0,10.89,16.8,-9.8,-7.8
2026-05-14,122870,50700.0,11.08,-2.4,-2.8,6.1
2026-05-15,122870,49800.0,10.86,2.9,-12.2,9.1
2026-05-18,122870,48050.0,10.53,-2.2,-1.8,3.8
2026-05-19,122870,48700.0,10.51,-5.6,13.0,-7.5
2026-05-20,122870,46850.0,10.44,-7.4,-1.0,8.7
2026-05-21,122870,47050.0,10.53,6.2,-2.7,-3.7
2026-05-22,122870,48200.0,10.59,-1.1,7.3,-6.9
2026-05-26,122870,47100.0,10.64,-6.5,-11.9,18.4
2026-05-27,122870,45850.0,10.66,5.6,-5.1,0.2
2026-05-28,122870,45750.0,10.7,12.8,2.6,-15.1
2026-05-29,122870,44600.0,10.97,17.8,-24.2,5.9
2026-06-01,122870,44450.0,11.17,16.6,-12.0,-5.4
2026-06-02,122870,43300.0,11.39,9.9,6.3,-16.0
2026-06-04,122870,43250.0,11.58,-2.8,0.2,1.8
2026-06-05,122870,41550.0,11.54,2.0,-3.5,1.5
2026-06-08,122870,40450.0,11.53,17.5,2.4,-19.2
2026-06-09,122870,41150.0,11.81,1.5,2.7,-4.2
2026-06-10,122870,40450.0,11.82,5.7,-6.4,0.4
2026-06-11,122870,44500.0,11.9,5.3,-1.1,-5.8
2026-06-12,122870,45900.0,12.06,10.7,8.5,-19.0
2026-06-15,122870,45000.0,12.16,-4.7,-2.0,4.9
2026-06-16,122870,46300.0,12.05,12.5,-9.7,-3.8
2026-06-17,122870,48300.0,12.21,4.9,9.5,-13.1
2026-06-18,122870,46600.0,12.29,6.7,-1.3,-5.7
2026-06-19,122870,45250.0,12.36,4.0,0.8,-4.5
2026-06-22,122870,44050.0,12.39,-0.4,2.0,-1.6
2026-06-23,122870,41850.0,12.39,-1.6,10.2,-8.4
2026-06-24,122870,43000.0,12.39,4.8,2.0,-6.7
2026-06-25,122870,40800.0,12.46,-0.6,-5.8,6.5
2026-06-26,122870,39100.0,12.29,-3.7,1.1,2.5
2026-06-29,122870,44150.0,12.28,0.8,16.0,-16.8
2026-06-30,122870,41650.0,12.36,-9.9,-0.2,9.5
2026-07-01,122870,44000.0,12.21,-1.5,5.0,-3.5
2026-07-02,122870,43850.0,12.22,-18.0,14.9,2.9
2026-07-03,122870,42300.0,12.07,-8.7,1.2,6.5
2026-07-06,122870,43550.0,11.97,0.9,0.3,-2.7
2026-07-07,122870,44200.0,12.03,-7.2,13.5,-5.4
2026-07-08,122870,42000.0,11.95,-4.3,-0.1,4.5
2026-07-09,122870,41050.0,11.81,4.2,-3.3,-1.0
2026-07-10,122870,42200.0,11.88,1.2,0.6,-1.8
2026-07-13,122870,41750.0,11.9,-10.9,10.1,0.8
2026-07-14,122870,40500.0,11.76,-4.0,2.3,0.8
2026-07-15,122870,40800.0,11.71,-2.1,-1.2,3.4
2026-07-16,122870,40200.0,11.68,6.5,-9.6,2.0
2025-07-14,122900,8570.0,6.02,-0.6,1.2,-0.6
2025-07-15,122900,8590.0,6.0,-0.5,0.8,-0.3
2025-07-16,122900,8560.0,5.98,0.2,0.3,0.1
2025-07-17,122900,8550.0,5.99,0.4,-0.1,0.2
2025-07-18,122900,8530.0,6.0,-0.7,0.2,0.8
2025-07-21,122900,8540.0,5.98,-0.0,0.3,0.1
2025-07-22,122900,8500.0,5.98,-0.7,-0.1,1.4
2025-07-23,122900,8490.0,5.95,-0.0,0.2,0.3
2025-07-24,122900,8460.0,5.95,0.4,-0.4,0.4
2025-07-25,122900,8380.0,5.97,-0.1,0.1,-0.0
2025-07-28,122900,8280.0,5.96,-1.0,-0.4,1.6
2025-07-29,122900,8430.0,5.93,0.4,-0.5,0.7
2025-07-30,122900,8430.0,5.94,0.2,-0.2,0.6
2025-07-31,122900,8370.0,5.95,0.2,-0.0,0.4
2025-08-01,122900,8250.0,5.95,-0.7,-0.2,1.1
2025-08-04,122900,8350.0,5.93,0.2,0.0,0.3
2025-08-05,122900,8450.0,5.94,1.1,0.1,-0.6
2025-08-06,122900,8500.0,5.92,1.6,-0.3,-1.3
2025-08-07,122900,8500.0,5.98,-0.7,-0.1,1.3
2025-08-08,122900,8100.0,5.96,-7.5,-2.2,9.7
2025-08-11,122900,8090.0,5.68,0.6,-0.0,-0.6
2025-08-12,122900,8180.0,5.7,0.1,-0.1,0.0
2025-08-13,122900,8350.0,5.71,4.2,3.8,-7.0
2025-08-14,122900,8290.0,5.86,0.5,-0.2,-0.1
2025-08-18,122900,8200.0,5.88,-0.5,0.1,0.4
2025-08-19,122900,8140.0,5.86,-0.7,-0.0,0.6
2025-08-20,122900,8200.0,5.83,0.0,-0.6,0.5
2025-08-21,122900,8130.0,5.83,-0.5,0.2,0.3
2025-08-22,122900,8130.0,5.82,0.2,-0.6,0.5
2025-08-25,122900,8160.0,5.82,0.1,-0.0,-0.1
2025-08-26,122900,8090.0,5.84,-0.7,-0.5,1.2
2025-08-27,122900,8200.0,5.83,0.7,-0.0,-0.7
2025-08-28,122900,8220.0,5.86,-0.1,-0.0,-0.0
2025-08-29,122900,8300.0,5.85,-1.6,2.3,-0.5
2025-09-01,122900,8210.0,5.82,-1.1,1.1,0.1
2025-09-02,122900,8250.0,5.75,-1.0,1.4,-0.4
2025-09-03,122900,8180.0,5.69,-0.2,-0.1,0.2
2025-09-04,122900,8210.0,5.62,-0.2,0.9,-0.7
2025-09-05,122900,8190.0,5.61,0.1,-0.0,-0.0
2025-09-08,122900,8190.0,5.59,-0.4,-0.1,0.4
2025-09-09,122900,8240.0,5.58,-0.4,1.4,-0.6
2025-09-10,122900,8250.0,5.55,-0.4,0.7,-0.3
2025-09-11,122900,8290.0,5.53,0.3,0.0,0.1
2025-09-12,122900,8270.0,5.54,-1.4,-1.4,2.8
2025-09-15,122900,8280.0,5.49,0.1,0.6,-0.8
2025-09-16,122900,8280.0,5.5,0.2,-0.1,-0.1
2025-09-17,122900,8270.0,5.5,-0.3,0.0,0.3
2025-09-18,122900,8240.0,5.49,-0.2,-0.1,0.3
2025-09-19,122900,8250.0,5.49,-0.3,0.0,0.3
2025-09-22,122900,8280.0,5.48,0.2,-0.2,0.1
2025-09-23,122900,8280.0,5.48,-0.4,0.1,0.1
2025-09-24,122900,8240.0,5.47,-0.8,-0.3,0.8
2025-09-25,122900,8320.0,5.44,0.2,-0.1,0.6
2025-09-26,122900,8240.0,5.45,-0.9,0.1,0.7
2025-09-29,122900,8220.0,5.41,-0.4,-0.3,0.7
2025-09-30,122900,8200.0,5.4,-0.6,-0.0,1.1
2025-10-01,122900,8180.0,5.38,-0.3,-0.1,0.4
2025-10-02,122900,8220.0,5.37,0.1,-0.3,-0.0
2025-10-10,122900,8120.0,5.37,-0.3,-0.2,0.4
2025-10-13,122900,8060.0,5.36,-0.5,-0.1,0.4
2025-10-14,122900,8000.0,5.34,0.5,-1.2,0.2
2025-10-15,122900,8060.0,5.36,0.3,0.5,-0.6
2025-10-16,122900,8120.0,5.37,-0.1,0.1,0.1
2025-10-17,122900,8030.0,5.37,-1.1,-0.4,1.4
2025-10-20,122900,8000.0,5.33,-1.6,-0.2,1.9
2025-10-21,122900,7960.0,5.26,-1.5,-0.5,2.0
2025-10-22,122900,7970.0,5.21,-0.2,-0.3,0.5
2025-10-23,122900,7990.0,5.2,0.2,-0.1,-0.1
2025-10-24,122900,7990.0,5.21,-0.3,-0.2,0.5
2025-10-27,122900,7980.0,5.23,0.9,-0.1,-0.7
2025-10-28,122900,7960.0,5.26,-0.8,-0.4,1.3
2025-10-29,122900,7880.0,5.23,-2.4,-0.3,2.7
2025-10-30,122900,7840.0,5.14,0.1,-0.9,0.8
2025-10-31,122900,7840.0,5.15,0.4,-1.0,0.5
2025-11-03,122900,7760.0,5.16,-0.6,-0.8,1.4
2025-11-04,122900,7750.0,5.14,-0.6,-0.2,0.8
2025-11-05,122900,7740.0,5.11,-0.7,-0.2,0.9
2025-11-06,122900,7770.0,5.09,0.4,-0.7,0.4
2025-11-07,122900,7840.0,5.1,0.1,0.1,-0.2
2025-11-10,122900,7900.0,5.11,0.0,-1.2,1.2
2025-11-11,122900,7860.0,5.11,-0.8,-0.3,1.1
2025-11-12,122900,7910.0,5.08,1.4,-1.8,0.4
2025-11-13,122900,7880.0,5.13,0.2,-0.9,0.6
2025-11-14,122900,7880.0,5.14,-0.2,-0.6,0.7
2025-11-17,122900,7880.0,5.13,0.1,-0.9,0.7
2025-11-18,122900,7820.0,5.13,-0.8,-0.9,1.6
2025-11-19,122900,7850.0,5.1,-0.7,0.0,0.7
2025-11-20,122900,7900.0,5.08,0.5,0.0,-0.5
2025-11-21,122900,7900.0,5.1,0.5,-0.0,-0.5
2025-11-24,122900,7940.0,5.12,0.7,-0.2,-0.5
2025-11-25,122900,7970.0,5.14,0.5,-0.5,-0.1
2025-11-26,122900,7950.0,5.16,0.1,-0.0,-0.1
2025-11-27,122900,7920.0,5.17,0.2,-0.0,-0.1
2025-11-28,122900,7950.0,5.18,1.0,-0.9,0.2
2025-12-01,122900,7980.0,5.21,0.3,0.1,-0.4
2025-12-02,122900,7970.0,5.23,0.5,-1.0,1.1
2025-12-03,122900,8030.0,5.24,-0.4,-0.1,1.1
2025-12-04,122900,7980.0,5.24,0.9,0.1,-0.7
2025-12-05,122900,7970.0,5.29,-0.2,-1.0,0.9
2025-12-08,122900,7930.0,5.28,0.7,-2.3,1.4
2025-12-09,122900,7920.0,5.33,-0.4,-0.5,0.9
2025-12-10,122900,7890.0,5.32,0.4,-0.8,0.4
2025-12-11,122900,7860.0,5.35,0.7,-1.2,0.4
2025-12-12,122900,7980.0,5.39,1.1,-1.7,0.6
2025-12-15,122900,7920.0,5.47,-0.4,-0.7,1.3
2025-12-16,122900,7950.0,5.46,0.5,-0.2,-0.3
2025-12-17,122900,7980.0,5.51,-0.1,-0.3,0.4
2025-12-18,122900,7970.0,5.5,0.5,-0.7,0.3
2025-12-19,122900,7970.0,5.52,2.0,-0.0,-1.5
2025-12-22,122900,7950.0,5.59,-0.4,-1.6,2.0
2025-12-23,122900,8190.0,5.58,-3.1,-0.8,8.1
2025-12-24,122900,8060.0,5.5,0.1,-2.0,2.4
2025-12-26,122900,8120.0,5.51,0.6,-2.7,2.5
2025-12-29,122900,7880.0,5.33,-0.6,-3.9,4.8
2025-12-30,122900,7880.0,5.4,-2.8,1.9,1.0
2026-01-02,122900,7830.0,5.16,-1.5,-2.4,3.8
2026-01-05,122900,7820.0,5.15,-1.5,-1.8,3.2
2026-01-06,122900,7830.0,5.33,0.5,-0.4,-0.2
2026-01-07,122900,7770.0,5.69,-2.9,-0.4,3.5
2026-01-08,122900,7740.0,5.58,-0.1,-0.8,0.9
2026-01-09,122900,7710.0,5.57,-0.7,-0.8,1.4
2026-01-12,122900,7620.0,5.55,2.1,0.4,-2.5
2026-01-13,122900,7600.0,5.71,-0.4,-0.4,0.8
2026-01-14,122900,7640.0,5.7,-0.0,-0.1,0.1
2026-01-15,122900,7620.0,5.69,0.2,0.0,-0.2
2026-01-16,122900,7620.0,5.7,-0.2,-0.1,0.3
2026-01-19,122900,7620.0,5.69,-0.0,-0.2,0.1
2026-01-20,122900,7690.0,5.69,0.5,-0.7,0.3
2026-01-21,122900,7610.0,5.7,-2.7,-0.1,2.8
2026-01-22,122900,7650.0,5.54,0.6,-0.6,0.3
2026-01-23,122900,7770.0,5.56,-0.2,0.5,-0.3
2026-01-26,122900,7830.0,5.55,0.6,-0.3,-0.2
2026-01-27,122900,7790.0,5.57,-0.4,-0.1,0.5
2026-01-28,122900,7820.0,5.56,-0.5,0.1,0.4
2026-01-29,122900,7820.0,5.54,0.4,-0.1,-0.3
2026-01-30,122900,7800.0,5.55,1.0,-0.1,-0.8
2026-02-02,122900,7900.0,5.59,-0.2,-0.2,0.4
2026-02-03,122900,7870.0,5.58,-1.1,-0.0,1.1
2026-02-04,122900,8010.0,5.54,0.4,0.1,0.2
2026-02-05,122900,8030.0,5.56,1.3,0.1,-1.0
2026-02-06,122900,7970.0,5.6,0.0,0.0,-0.1
2026-02-09,122900,7910.0,5.6,-0.9,-0.2,1.5
2026-02-10,122900,7920.0,5.58,-0.6,-0.1,0.7
2026-02-11,122900,7970.0,5.56,0.3,0.1,-0.5
2026-02-12,122900,7990.0,5.57,1.2,-1.5,0.3
2026-02-13,122900,7890.0,5.62,-2.7,-0.0,2.9
2026-02-19,122900,8110.0,5.51,1.0,-0.1,-0.0
2026-02-20,122900,8120.0,5.55,0.2,0.2,0.6
2026-02-23,122900,8150.0,5.55,-0.2,-0.1,0.2
2026-02-24,122900,8040.0,5.51,-0.1,-0.1,0.7
2026-02-25,122900,8050.0,5.51,-0.7,0.1,1.2
2026-02-26,122900,7940.0,5.48,-2.0,-0.1,2.6
2026-02-27,122900,7900.0,5.41,-2.4,0.0,2.3
2026-03-03,122900,7750.0,5.31,0.1,-0.0,0.0
2026-03-04,122900,7270.0,5.32,-1.5,-1.5,4.3
2026-03-05,122900,7620.0,5.26,-0.8,-0.3,1.0
2026-03-06,122900,7620.0,5.23,-1.0,-0.2,1.2
2026-03-09,122900,7470.0,5.19,-0.7,0.0,0.5
2026-03-10,122900,7570.0,5.3,-1.5,-0.1,1.5
2026-03-11,122900,7560.0,5.29,-0.7,-0.2,1.0
2026-03-12,122900,7670.0,5.28,0.4,-0.2,-0.2
2026-03-13,122900,7690.0,5.32,0.3,0.0,-0.3
2026-03-16,122900,7660.0,5.36,-0.3,0.0,0.3
2026-03-17,122900,7660.0,5.23,-0.9,-0.1,1.1
2026-03-18,122900,7650.0,5.2,-0.5,-1.3,1.8
2026-03-19,122900,7550.0,5.08,-0.8,0.1,0.8
2026-03-20,122900,7500.0,5.06,-3.5,-0.8,4.4
2026-03-23,122900,7430.0,4.92,-1.2,-0.1,1.2
2026-03-24,122900,7520.0,4.87,-0.6,0.1,0.3
2026-03-25,122900,7560.0,4.84,0.3,-0.1,-0.2
2026-03-26,122900,7520.0,4.85,-0.3,-0.3,0.5
2026-03-27,122900,7510.0,4.83,-1.2,0.2,0.8
2026-03-30,122900,7410.0,4.79,-1.3,0.0,0.9
2026-03-31,122900,7310.0,4.18,-2.7,0.0,2.5
2026-04-01,122900,7440.0,4.07,0.1,-0.0,-0.1
2026-04-02,122900,7370.0,4.07,-1.4,-0.1,1.0
2026-04-03,122900,7400.0,4.01,0.2,-0.0,-0.1
2026-04-06,122900,7390.0,4.02,-0.5,-0.0,0.4
2026-04-07,122900,7360.0,4.0,0.2,0.1,-0.3
2026-04-08,122900,7450.0,4.01,-0.5,-0.0,0.5
2026-04-09,122900,7400.0,3.99,-0.3,-0.6,0.8
2026-04-10,122900,7420.0,3.96,1.5,-4.0,1.0
2026-04-13,122900,7420.0,4.01,-0.1,-1.7,1.6
2026-04-14,122900,7400.0,4.08,-0.5,-2.7,2.9
2026-04-15,122900,7400.0,4.06,-0.2,-5.0,5.0
2026-04-16,122900,7520.0,4.05,1.3,-0.2,-1.2
2026-04-17,122900,7570.0,4.1,0.1,-0.3,0.2
2026-04-20,122900,7560.0,4.11,-0.1,-0.2,0.3
2026-04-21,122900,7600.0,4.1,-0.8,-0.0,1.3
2026-04-22,122900,7590.0,4.07,-0.4,-0.0,-0.8
2026-04-23,122900,7550.0,4.06,-0.7,-0.0,0.5
2026-04-24,122900,7570.0,4.03,-0.8,0.2,0.5
2026-04-27,122900,7570.0,4.0,-0.8,-0.2,1.3
2026-04-28,122900,7670.0,3.97,-1.0,-0.2,1.3
2026-04-29,122900,7690.0,3.93,0.5,-0.1,-0.3
2026-04-30,122900,7600.0,3.89,-0.2,0.0,0.7
2026-05-04,122900,7550.0,3.88,-1.9,-0.2,2.1
2026-05-06,122900,7460.0,3.81,-5.7,-0.2,6.0
2026-05-07,122900,7660.0,3.56,1.1,0.1,-0.9
2026-05-08,122900,7660.0,3.6,-0.1,-0.4,0.7
2026-05-11,122900,7580.0,3.59,-2.8,-0.4,3.2
2026-05-12,122900,7440.0,3.48,-2.5,-0.4,2.9
2026-05-13,122900,7360.0,3.18,-2.6,-0.3,3.0
2026-05-14,122900,7490.0,3.07,0.3,-0.4,-0.0
2026-05-15,122900,7400.0,3.08,0.7,0.1,-0.7
2026-05-18,122900,7350.0,3.11,1.8,-0.2,-2.0
2026-05-19,122900,7280.0,3.18,-0.6,-0.4,0.7
2026-05-20,122900,7210.0,3.16,-1.9,-0.6,2.5
2026-05-21,122900,7270.0,3.38,-0.6,-0.7,1.3
2026-05-22,122900,7390.0,3.36,0.6,-0.6,-0.1
2026-05-26,122900,7240.0,3.39,-1.8,-0.5,2.2
2026-05-27,122900,7330.0,3.31,-12.8,-5.1,18.6
2026-05-28,122900,7450.0,2.82,2.3,-0.1,-2.5
2026-05-29,122900,7350.0,2.94,0.7,-0.1,-0.7
2026-06-01,122900,7380.0,2.97,-0.1,0.1,-0.0
2026-06-02,122900,7430.0,2.98,2.5,-0.1,-3.1
2026-06-04,122900,7380.0,3.09,0.3,-0.1,-0.0
2026-06-05,122900,7230.0,3.43,0.2,0.0,-0.4
2026-06-08,122900,7050.0,3.44,1.4,0.2,-1.8
2026-06-09,122900,7300.0,3.5,1.2,-0.0,-1.1
2026-06-10,122900,7330.0,3.55,-0.4,-0.0,0.4
2026-06-11,122900,7630.0,3.53,0.1,7.5,-7.5
2026-06-12,122900,7740.0,3.25,3.9,0.4,-4.1
2026-06-15,122900,7700.0,3.4,0.9,-0.1,-0.1
2026-06-16,122900,7670.0,3.44,0.2,3.2,-2.4
2026-06-17,122900,7750.0,3.44,1.5,-0.3,0.2
2026-06-18,122900,7570.0,3.5,-0.2,-0.0,0.8
2026-06-19,122900,7470.0,3.49,1.4,-0.2,-0.6
2026-06-22,122900,7450.0,3.55,-0.2,0.7,-0.5
2026-06-23,122900,7230.0,3.54,-1.0,0.0,0.2
2026-06-24,122900,7230.0,3.5,-1.7,0.0,1.4
2026-06-25,122900,7180.0,3.43,-1.2,-0.1,1.3
2026-06-26,122900,7110.0,3.39,-0.7,-0.0,1.1
2026-06-29,122900,7190.0,3.35,0.3,-0.1,-0.3
2026-06-30,122900,7280.0,3.28,0.3,-0.0,0.1
2026-07-01,122900,7260.0,3.29,1.5,-0.0,-0.6
2026-07-02,122900,7250.0,3.35,0.5,-0.1,-0.2
2026-07-03,122900,7270.0,3.41,0.8,0.1,-0.6
2026-07-06,122900,7230.0,3.45,0.9,-0.8,0.8
2026-07-07,122900,7210.0,3.48,1.0,-0.0,-0.8
2026-07-08,122900,7310.0,3.53,1.5,0.4,-1.0
2026-07-09,122900,7190.0,3.59,-1.8,0.0,1.7
2026-07-10,122900,7280.0,3.52,1.4,-0.6,-0.7
2026-07-13,122900,7300.0,3.57,1.7,0.1,-0.9
2026-07-14,122900,7280.0,3.89,1.2,0.2,-0.6
2026-07-15,122900,7340.0,3.88,1.0,-0.0,0.1
2026-07-16,122900,7450.0,3.92,2.0,-0.0,-1.4
2025-07-14,122990,6530.0,5.49,-1.3,0.6,0.6
2025-07-15,122990,6480.0,5.42,-0.7,0.7,-0.0
2025-07-16,122990,6500.0,5.45,1.0,0.6,-1.6
2025-07-17,122990,6550.0,5.51,1.4,0.7,-2.1
2025-07-18,122990,6560.0,5.59,-0.7,0.8,-0.1
2025-07-21,122990,6550.0,5.53,0.1,1.0,-1.1
2025-07-22,122990,6640.0,5.54,0.5,0.7,-1.3
2025-07-23,122990,6640.0,5.57,-0.2,0.4,-0.2
2025-07-24,122990,6530.0,5.56,-2.7,0.5,2.2
2025-07-25,122990,6510.0,5.41,-0.4,0.4,0.1
2025-07-28,122990,6440.0,5.38,-1.6,0.7,0.9
2025-07-29,122990,6540.0,5.29,1.7,0.3,-2.0
2025-07-30,122990,6660.0,5.39,4.2,-0.9,-3.3
2025-07-31,122990,6690.0,5.61,0.3,0.3,-0.6
2025-08-01,122990,6260.0,5.72,7.3,-23.1,15.8
2025-08-04,122990,6390.0,6.15,1.3,-1.2,-0.1
2025-08-05,122990,6410.0,6.22,1.4,-1.6,0.2
2025-08-06,122990,6350.0,6.15,2.5,-1.1,-1.4
2025-08-07,122990,6380.0,6.29,2.2,-1.5,-0.7
2025-08-08,122990,6350.0,6.42,2.0,-2.1,0.1
2025-08-11,122990,6340.0,6.53,0.5,-1.5,1.0
2025-08-12,122990,6370.0,6.56,1.9,0.5,-2.5
2025-08-13,122990,6450.0,6.67,2.9,-1.3,-1.7
2025-08-14,122990,5960.0,6.83,-8.2,-4.9,13.1
2025-08-18,122990,5830.0,6.34,6.7,-4.2,-2.5
2025-08-19,122990,5820.0,6.75,0.4,-1.9,1.5
2025-08-20,122990,5760.0,6.78,0.9,-1.7,0.7
2025-08-21,122990,5770.0,6.83,0.4,-1.3,0.8
2025-08-22,122990,5670.0,6.86,1.5,-1.5,-0.1
2025-08-25,122990,5610.0,6.96,2.2,-1.1,-1.1
2025-08-26,122990,5720.0,7.27,-0.4,0.6,-0.3
2025-08-27,122990,5720.0,7.25,-1.1,0.5,0.6
2025-08-28,122990,5680.0,7.18,-0.6,0.5,0.1
2025-08-29,122990,5700.0,7.14,-0.4,0.5,-0.1
2025-09-01,122990,5610.0,7.12,-1.8,0.6,1.2
2025-09-02,122990,5620.0,6.87,-0.5,0.6,0.1
2025-09-03,122990,5680.0,6.84,-0.0,0.8,-0.8
2025-09-04,122990,5830.0,6.84,-0.2,1.4,-1.2
2025-09-05,122990,5870.0,6.82,-1.0,1.3,-0.4
2025-09-08,122990,5870.0,6.76,-0.9,1.2,-0.3
2025-09-09,122990,5890.0,6.71,-0.5,0.5,-0.0
2025-09-10,122990,5960.0,6.68,-0.7,1.4,-0.8
2025-09-11,122990,5980.0,6.64,-0.7,1.2,-0.5
2025-09-12,122990,6050.0,6.59,-0.1,1.5,-1.4
2025-09-15,122990,6010.0,6.59,-0.1,0.6,-0.5
2025-09-16,122990,6000.0,6.58,-0.9,1.5,-0.5
2025-09-17,122990,6020.0,6.52,-0.8,0.6,0.3
2025-09-18,122990,6000.0,6.48,0.5,0.5,-1.1
2025-09-19,122990,5970.0,6.51,0.0,0.6,-0.7
2025-09-22,122990,6050.0,6.51,-0.3,1.1,-0.7
2025-09-23,122990,5970.0,6.49,-0.2,1.0,-0.4
2025-09-24,122990,5910.0,6.48,-0.9,0.3,0.7
2025-09-25,122990,5890.0,6.43,-0.4,0.3,0.3
2025-09-26,122990,5730.0,6.4,0.1,0.3,-0.4
2025-09-29,122990,5780.0,6.41,0.4,0.3,0.2
2025-09-30,122990,5760.0,6.43,-0.3,0.3,0.2
2025-10-01,122990,5700.0,6.41,-0.2,-0.2,0.9
2025-10-02,122990,5730.0,6.4,-0.7,-0.2,0.9
2025-10-10,122990,5810.0,6.36,0.5,0.2,-0.2
2025-10-13,122990,5850.0,6.39,-0.2,0.0,0.2
2025-10-14,122990,5770.0,6.38,0.2,0.6,-0.7
2025-10-15,122990,5770.0,6.39,0.8,-1.3,0.8
2025-10-16,122990,5710.0,6.45,-0.3,-1.2,1.6
2025-10-17,122990,5680.0,6.38,0.4,0.3,-0.7
2025-10-20,122990,5670.0,6.4,-0.9,-0.4,1.3
2025-10-21,122990,5600.0,6.34,-2.0,-1.0,3.1
2025-10-22,122990,5630.0,6.22,-0.1,0.1,0.0
2025-10-23,122990,5630.0,6.2,-0.9,-0.3,1.2
2025-10-24,122990,5620.0,6.14,0.4,-0.1,-0.3
2025-10-27,122990,5600.0,6.17,-0.2,-0.1,1.0
2025-10-28,122990,5540.0,6.16,-0.6,-1.1,1.7
2025-10-29,122990,5680.0,6.12,0.9,-1.3,0.4
2025-10-30,122990,5670.0,6.18,-1.1,-0.2,1.3
2025-10-31,122990,5650.0,6.11,-0.4,-1.5,1.9
2025-11-03,122990,5510.0,6.1,-0.8,-1.2,1.9
2025-11-04,122990,5550.0,6.05,1.6,-1.3,-0.3
2025-11-05,122990,5470.0,6.16,0.0,-1.2,1.2
2025-11-06,122990,5530.0,6.16,1.5,-1.5,-0.0
2025-11-07,122990,5420.0,6.26,-1.3,-1.2,2.5
2025-11-10,122990,5650.0,6.17,2.6,-0.9,-1.9
2025-11-11,122990,5580.0,6.25,1.0,-1.4,0.5
2025-11-12,122990,5630.0,6.32,2.0,-1.1,-0.9
2025-11-13,122990,5670.0,6.44,0.6,-0.6,-0.1
2025-11-14,122990,5680.0,6.47,0.3,-0.2,-0.1
2025-11-17,122990,5720.0,6.49,-0.8,0.4,0.5
2025-11-18,122990,5560.0,6.43,-0.8,-1.0,1.7
2025-11-19,122990,5560.0,6.39,0.7,1.0,-1.6
2025-11-20,122990,5690.0,6.75,1.1,-0.2,-0.9
2025-11-21,122990,5630.0,6.82,0.7,-0.1,-0.6
2025-11-24,122990,5770.0,6.87,0.6,-0.1,-0.5
2025-11-25,122990,5780.0,6.91,0.8,-0.1,-0.7
2025-11-26,122990,5820.0,6.96,0.4,0.8,-1.2
2025-11-27,122990,5730.0,6.99,-0.3,-0.3,0.7
2025-11-28,122990,5760.0,6.97,0.2,-0.0,-0.0
2025-12-01,122990,5750.0,6.98,0.3,0.2,-0.3
2025-12-02,122990,5870.0,7.02,1.5,-0.1,-1.4
2025-12-03,122990,5890.0,7.12,0.6,-0.2,-0.4
2025-12-04,122990,5910.0,7.39,0.3,0.0,-0.3
2025-12-05,122990,5900.0,7.41,-0.6,0.3,0.2
2025-12-08,122990,5790.0,7.35,-0.2,-0.4,0.8
2025-12-09,122990,5800.0,7.34,-0.2,-0.1,0.5
2025-12-10,122990,5860.0,7.33,-0.0,0.3,-0.3
2025-12-11,122990,5880.0,7.33,0.3,0.0,-0.3
2025-12-12,122990,5880.0,7.34,-0.6,0.1,0.4
2025-12-15,122990,5930.0,7.31,0.3,0.3,-0.6
2025-12-16,122990,5890.0,7.33,-0.2,0.0,0.2
2025-12-17,122990,5890.0,7.64,-0.1,0.2,-0.1
2025-12-18,122990,5850.0,7.64,-0.1,0.1,-0.0
2025-12-19,122990,5880.0,7.63,0.2,0.1,-0.2
2025-12-22,122990,5820.0,7.64,0.3,1.0,-1.4
2025-12-23,122990,5780.0,7.33,-0.4,-0.2,0.4
2025-12-24,122990,5770.0,7.31,-0.3,-0.2,0.3
2025-12-26,122990,5740.0,7.29,-1.1,0.3,0.8
2025-12-29,122990,5740.0,7.22,-0.2,-0.2,0.4
2025-12-30,122990,5740.0,7.2,0.7,-0.1,-0.6
2026-01-02,122990,5660.0,7.25,0.9,0.1,-0.8
2026-01-05,122990,5600.0,7.31,-0.2,-1.1,1.3
2026-01-06,122990,5690.0,7.42,-0.3,-0.4,0.7
2026-01-07,122990,5620.0,7.78,-0.2,-0.1,0.3
2026-01-08,122990,5510.0,7.77,-1.0,-0.4,1.3
2026-01-09,122990,5560.0,7.71,-0.0,-0.2,0.2
2026-01-12,122990,5650.0,7.7,0.8,-0.0,-0.7
2026-01-13,122990,5650.0,7.88,0.9,0.2,-1.1
2026-01-14,122990,5790.0,7.94,1.4,0.3,-1.7
2026-01-15,122990,5970.0,8.03,2.0,-0.6,-1.4
2026-01-16,122990,6050.0,8.16,1.0,0.0,-1.1
2026-01-19,122990,6070.0,8.22,1.1,-0.0,-1.0
2026-01-20,122990,6120.0,8.28,1.5,-0.5,-1.0
2026-01-21,122990,6310.0,8.37,1.4,4.0,-5.4
2026-01-22,122990,6230.0,8.45,1.5,-0.4,-1.1
2026-01-23,122990,6210.0,8.54,0.7,1.0,-1.7
2026-01-26,122990,6200.0,8.58,1.4,-0.5,-0.9
2026-01-27,122990,6170.0,8.66,0.3,0.6,-0.8
2026-01-28,122990,6120.0,8.68,-0.1,-0.9,0.9
2026-01-29,122990,6090.0,8.68,0.9,-0.6,-0.0
2026-01-30,122990,6100.0,8.73,1.9,-0.7,-1.2
2026-02-02,122990,6030.0,8.85,0.5,-0.0,-0.7
2026-02-03,122990,6170.0,8.88,1.6,-0.0,-1.9
2026-02-04,122990,6280.0,8.98,1.1,-0.2,-1.1
2026-02-05,122990,6300.0,9.04,1.1,0.6,-1.7
2026-02-06,122990,6210.0,9.11,-1.2,0.2,1.0
2026-02-09,122990,6200.0,9.03,0.0,-0.4,0.2
2026-02-10,122990,6410.0,9.03,0.9,3.6,-4.6
2026-02-11,122990,6360.0,9.08,0.6,-1.2,0.6
2026-02-12,122990,6410.0,9.12,-0.2,-0.0,-0.3
2026-02-13,122990,6370.0,9.11,-0.8,1.5,-0.7
2026-02-19,122990,6350.0,9.06,4.0,-4.8,0.5
2026-02-20,122990,6460.0,9.3,2.3,0.8,-3.2
2026-02-23,122990,6530.0,9.43,2.0,0.0,-2.0
2026-02-24,122990,7090.0,9.55,3.4,4.4,-7.6
2026-02-25,122990,7200.0,9.73,2.6,-0.4,-1.3
2026-02-26,122990,7350.0,9.87,2.1,-0.7,-1.3
2026-02-27,122990,7190.0,9.98,-0.1,-0.1,0.8
2026-03-03,122990,6940.0,9.97,2.7,-0.1,-1.5
2026-03-04,122990,6510.0,10.11,2.0,-0.7,-0.9
2026-03-05,122990,6880.0,10.22,1.8,-0.6,-1.3
2026-03-06,122990,6920.0,10.32,-0.1,-0.0,0.2
2026-03-09,122990,6790.0,10.31,0.2,0.0,-0.5
2026-03-10,122990,6880.0,10.33,-1.4,-0.3,1.7
2026-03-11,122990,7350.0,10.06,1.3,4.5,-5.8
2026-03-12,122990,7270.0,10.14,-3.5,0.0,3.1
2026-03-13,122990,7580.0,9.96,4.7,1.4,-5.6
2026-03-16,122990,7580.0,10.19,-2.4,2.1,0.3
2026-03-17,122990,7610.0,10.07,2.7,-0.2,-1.9
2026-03-18,122990,7600.0,10.2,-4.0,-0.6,4.4
2026-03-19,122990,7460.0,9.44,-0.5,0.0,0.4
2026-03-20,122990,7570.0,9.42,1.2,0.1,-1.2
2026-03-23,122990,7330.0,9.48,-1.7,0.3,1.3
2026-03-24,122990,7340.0,9.39,0.0,0.1,-0.0
2026-03-25,122990,7510.0,9.39,1.5,-0.9,-0.5
2026-03-26,122990,7310.0,9.46,-1.6,-0.6,2.2
2026-03-27,122990,7200.0,9.38,-2.3,-0.1,2.4
2026-03-30,122990,6380.0,9.26,-4.5,-1.3,5.9
2026-03-31,122990,6240.0,8.78,-0.6,-0.9,1.3
2026-04-01,122990,6650.0,8.75,2.5,-0.4,-2.1
2026-04-02,122990,6430.0,8.89,0.2,0.7,-0.9
2026-04-03,122990,6520.0,8.9,0.8,-0.0,-0.8
2026-04-06,122990,6590.0,8.95,-0.2,0.4,-0.2
2026-04-07,122990,6570.0,8.93,-0.1,0.6,-0.5
2026-04-08,122990,6700.0,8.93,1.9,-0.1,-1.8
2026-04-09,122990,6720.0,9.04,-0.2,1.3,-0.8
2026-04-10,122990,6980.0,9.02,1.7,3.4,-4.5
2026-04-13,122990,7150.0,9.11,1.1,4.3,-5.0
2026-04-14,122990,7230.0,9.29,-2.6,1.3,1.3
2026-04-15,122990,7410.0,9.16,2.8,1.4,-4.1
2026-04-16,122990,7560.0,9.3,0.0,2.6,-2.7
2026-04-17,122990,7650.0,9.31,0.7,1.8,-2.7
2026-04-20,122990,7590.0,9.34,-1.1,1.9,-0.8
2026-04-21,122990,7520.0,9.29,0.4,1.6,-2.0
2026-04-22,122990,7580.0,9.31,1.9,1.3,-3.1
2026-04-23,122990,7610.0,9.4,0.2,1.6,-1.8
2026-04-24,122990,7740.0,9.41,1.0,2.1,-3.2
2026-04-27,122990,7520.0,9.46,-1.6,2.1,-0.5
2026-04-28,122990,7490.0,9.39,0.8,1.7,-1.9
2026-04-29,122990,7640.0,9.43,-0.6,2.0,-1.5
2026-04-30,122990,7550.0,9.4,0.2,1.2,-1.1
2026-05-04,122990,7380.0,9.41,-1.0,-1.2,2.3
2026-05-06,122990,7290.0,9.36,0.5,0.4,-1.4
2026-05-07,122990,7460.0,9.38,2.2,0.7,-2.9
2026-05-08,122990,7510.0,9.49,0.1,1.7,-1.4
2026-05-11,122990,7360.0,9.5,0.7,0.6,-1.3
2026-05-12,122990,7440.0,9.54,0.3,0.9,-1.2
2026-05-13,122990,7500.0,9.55,-0.4,0.7,-0.3
2026-05-14,122990,7380.0,9.53,-0.3,0.3,-0.6
2026-05-15,122990,7680.0,9.52,4.3,0.4,-6.5
2026-05-18,122990,8440.0,9.72,18.0,8.8,-24.4
2026-05-19,122990,8230.0,10.5,3.8,0.3,-3.7
2026-05-20,122990,8140.0,10.67,2.8,0.2,-3.0
2026-05-21,122990,8400.0,11.08,1.7,-0.2,-1.7
2026-05-22,122990,8710.0,11.16,3.7,0.8,-4.6
2026-05-26,122990,8480.0,11.32,3.7,0.0,-3.1
2026-05-27,122990,7980.0,11.48,3.3,-6.6,2.8
2026-05-28,122990,7750.0,11.64,0.9,0.8,-1.5
2026-05-29,122990,7690.0,11.69,0.3,0.9,-1.7
2026-06-01,122990,7150.0,11.7,-0.5,1.0,0.2
2026-06-02,122990,7140.0,11.68,0.7,1.0,-1.7
2026-06-04,122990,7120.0,11.72,-2.0,1.0,1.2
2026-06-05,122990,6980.0,11.7,0.9,1.2,-2.1
2026-06-08,122990,6700.0,11.69,-0.6,0.9,-0.2
2026-06-09,122990,7060.0,11.71,0.7,0.6,-1.3
2026-06-10,122990,6860.0,11.75,-0.7,0.8,-0.2
2026-06-11,122990,7440.0,11.71,3.8,0.7,-4.4
2026-06-12,122990,7530.0,11.91,-5.0,6.9,-1.9
2026-06-15,122990,7730.0,11.67,-0.5,0.6,-0.2
2026-06-16,122990,7810.0,11.64,-0.0,1.3,-1.4
2026-06-17,122990,7800.0,11.64,-0.4,1.2,-0.6
2026-06-18,122990,7800.0,11.63,0.5,2.4,-3.2
2026-06-19,122990,7280.0,11.65,0.0,-0.4,0.8
2026-06-22,122990,7140.0,11.65,-1.5,0.4,1.0
2026-06-23,122990,6700.0,11.58,0.8,1.0,-1.8
2026-06-24,122990,6570.0,11.62,-1.3,0.6,0.7
2026-06-25,122990,6320.0,11.55,-1.3,0.6,0.8
2026-06-26,122990,6150.0,11.47,0.5,-0.3,-0.2
2026-06-29,122990,6300.0,11.51,-0.8,-0.0,0.8
2026-06-30,122990,6440.0,11.46,-1.3,0.0,1.3
2026-07-01,122990,6550.0,11.38,-0.8,0.7,0.1
2026-07-02,122990,6260.0,11.33,0.0,0.8,-0.9
2026-07-03,122990,6400.0,11.45,-0.1,0.5,-0.3
2026-07-06,122990,6280.0,11.44,-0.5,0.5,-0.1
2026-07-07,122990,6100.0,11.41,2.4,0.5,-2.9
2026-07-08,122990,5930.0,11.56,-0.3,0.5,-0.2
2026-07-09,122990,5920.0,11.54,-1.0,0.5,0.5
2026-07-10,122990,6270.0,11.47,0.2,0.6,-0.7
2026-07-13,122990,5980.0,11.48,-1.7,0.6,1.2
2026-07-14,122990,5950.0,11.41,-1.0,0.5,0.5
2026-07-15,122990,6140.0,11.35,-0.6,0.5,0.1
2026-07-16,122990,6240.0,11.31,-0.5,0.7,-0.2
2025-07-14,123010,1037.0,0.0,-0.2,,0.2
2025-07-15,123010,1020.0,0.0,-0.4,,0.4
2025-07-16,123010,1023.0,0.0,0.0,,-0.0
2025-07-17,123010,1013.0,0.0,-0.4,,0.4
2025-07-18,123010,995.0,0.0,0.0,,-0.1
2025-07-21,123010,1019.0,0.0,0.7,,-0.7
2025-07-22,123010,983.0,0.0,-1.0,,1.0
2025-07-23,123010,978.0,0.0,0.1,,-0.1
2025-07-24,123010,1023.0,0.0,0.5,,-0.6
2025-07-25,123010,1033.0,0.0,-0.3,,0.1
2025-07-28,123010,1010.0,0.0,-0.3,,0.2
2025-07-29,123010,1001.0,0.0,0.1,,-0.1
2025-07-30,123010,1005.0,0.0,0.2,,-0.1
2025-07-31,123010,1009.0,0.0,0.0,,-0.0
2025-08-01,123010,971.0,0.0,-0.4,,0.3
2025-08-04,123010,994.0,0.0,0.2,,-0.1
2025-08-05,123010,1008.0,0.0,0.1,,-0.1
2025-08-06,123010,1007.0,0.0,-0.1,,0.1
2025-08-07,123010,1002.0,0.0,0.2,,-0.2
2025-08-08,123010,987.0,0.0,-0.3,,0.2
2025-08-11,123010,980.0,0.0,0.0,,-0.0
2025-08-12,123010,958.0,0.0,0.1,,-0.1
2025-08-13,123010,964.0,0.0,-0.0,,0.0
2025-08-14,123010,966.0,0.0,0.1,,-0.1
2025-08-18,123010,899.0,0.0,-0.3,,0.3
2025-08-19,123010,806.0,0.0,-1.5,,1.6
2025-08-20,123010,750.0,0.0,-0.2,0.0,0.2
2025-08-21,123010,769.0,0.0,0.1,,-0.1
2025-08-22,123010,783.0,0.0,0.1,,-0.1
2025-08-25,123010,828.0,0.0,0.1,,-0.1
2025-08-26,123010,802.0,0.0,-0.3,,0.3
2025-08-27,123010,772.0,0.0,-0.1,,0.1
2025-08-28,123010,785.0,0.0,0.1,,-0.1
2025-08-29,123010,795.0,0.0,-0.2,,0.2
2025-09-01,123010,775.0,0.0,-0.4,,0.4
2025-09-02,123010,778.0,0.0,0.0,,-0.0
2025-09-03,123010,804.0,0.0,0.0,,-0.1
2025-09-04,123010,792.0,0.0,-0.2,,0.1
2025-09-05,123010,785.0,0.0,0.1,-0.0,-0.1
2025-09-08,123010,778.0,0.0,0.1,,-0.1
2025-09-09,123010,775.0,0.0,-0.0,,0.0
2025-09-10,123010,796.0,0.0,0.1,,-0.1
2025-09-11,123010,780.0,0.0,-0.1,,0.1
2025-09-12,123010,782.0,0.0,-0.1,,0.1
2025-09-15,123010,781.0,0.0,-0.1,,0.1
2025-09-16,123010,780.0,0.0,-0.1,,0.1
2025-09-17,123010,789.0,0.0,0.0,,0.0
2025-09-18,123010,1025.0,0.0,-0.7,,0.7
2025-09-19,123010,1060.0,0.0,-2.5,,2.0
2025-09-22,123010,1200.0,0.0,0.3,0.0,-1.0
2025-09-23,123010,1111.0,0.0,-2.0,,3.3
2025-09-24,123010,1187.0,0.0,0.9,,-1.5
2025-09-25,123010,1187.0,0.0,-3.7,,3.6
2025-09-26,123010,1143.0,0.0,-0.0,,1.0
2025-09-29,123010,1100.0,0.0,0.3,,-0.2
2025-09-30,123010,1160.0,0.0,1.2,,-1.1
2025-10-01,123010,1083.0,0.0,-0.6,,0.5
2025-10-02,123010,1070.0,0.0,-0.2,,0.2
2025-10-10,123010,1171.0,0.0,0.1,,0.1
2025-10-13,123010,1140.0,0.0,0.7,,-0.7
2025-10-14,123010,1408.0,0.0,3.1,,-3.2
2025-10-15,123010,1368.0,0.0,-0.3,0.0,0.3
2025-10-16,123010,1332.0,0.0,-1.7,,1.6
2025-10-17,123010,1222.0,0.0,-2.6,,3.0
2025-10-20,123010,1206.0,0.0,1.4,,-1.4
2025-10-21,123010,1162.0,0.0,-1.8,,1.8
2025-10-22,123010,1223.0,0.0,2.0,-0.0,-2.2
2025-10-23,123010,1340.0,0.0,3.4,,-3.1
2025-10-24,123010,1260.0,0.0,-5.2,,5.2
2025-10-27,123010,1235.0,0.0,0.6,,-0.6
2025-10-28,123010,1211.0,0.0,-0.6,,0.6
2025-10-29,123010,1215.0,0.0,2.1,,-2.1
2025-10-30,123010,1150.0,0.0,-1.1,,1.1
2025-10-31,123010,1211.0,0.0,1.2,,-2.0
2025-11-03,123010,1225.0,0.0,3.0,,-3.1
2025-11-04,123010,1187.0,0.0,-1.1,,2.2
2025-11-05,123010,1126.0,0.0,-0.9,,0.9
2025-11-06,123010,1128.0,0.0,1.1,,-1.1
2025-11-07,123010,1083.0,0.0,-1.2,,1.2
2025-11-10,123010,1072.0,0.0,-0.1,,0.1
2025-11-11,123010,1066.0,0.0,-0.2,,0.2
2025-11-12,123010,1090.0,0.0,0.4,,-0.3
2025-11-13,123010,1065.0,0.0,-0.1,,0.1
2025-11-14,123010,1033.0,0.0,0.8,,-0.8
2025-11-17,123010,1100.0,0.0,0.5,,-0.5
2025-11-18,123010,1063.0,0.0,-0.3,,0.3
2025-11-19,123010,1084.0,0.0,0.4,,-0.4
2025-11-20,123010,1075.0,0.0,-0.3,,0.3
2025-11-21,123010,1008.0,0.0,-0.9,,0.8
2025-11-24,123010,995.0,0.0,0.3,,-0.3
2025-11-25,123010,963.0,0.0,-0.3,,0.3
2025-11-26,123010,1000.0,0.0,0.5,,-0.5
2025-11-27,123010,996.0,0.0,-0.1,,0.1
2025-11-28,123010,1025.0,0.0,0.8,,-0.8
2025-12-01,123010,1150.0,0.0,1.1,,-1.1
2025-12-02,123010,1113.0,0.0,-0.9,,0.9
2025-12-03,123010,1107.0,0.0,-0.2,,0.1
2025-12-04,123010,1129.0,0.0,-0.1,,0.2
2025-12-05,123010,1107.0,0.0,-0.9,,0.9
2025-12-08,123010,1121.0,0.0,0.0,,-0.0
2025-12-09,123010,1141.0,0.0,0.8,,-0.8
2025-12-10,123010,1143.0,0.0,-0.1,,0.1
2025-12-11,123010,1240.0,0.0,3.5,,-3.7
2025-12-12,123010,1430.0,0.0,6.3,,-7.7
2025-12-15,123010,1554.0,0.0,-2.6,,2.7
2025-12-16,123010,1312.0,0.0,-4.3,0.0,4.3
2025-12-17,123010,1214.0,0.0,2.4,0.7,-3.1
2025-12-18,123010,1218.0,0.0,-0.1,0.0,0.1
2025-12-19,123010,1203.0,0.0,0.3,0.1,-0.3
2025-12-22,123010,1183.0,0.0,-0.3,0.0,0.3
2025-12-23,123010,1211.0,0.0,-1.7,-0.8,2.5
2025-12-24,123010,1160.0,0.0,-1.1,0.5,0.8
2025-12-26,123010,1160.0,0.0,0.2,-0.0,-0.2
2025-12-29,123010,1117.0,0.0,1.1,0.1,-1.2
2025-12-30,123010,1097.0,0.0,0.3,0.2,-0.5
2026-01-02,123010,1140.0,0.0,0.5,0.5,-0.9
2026-01-05,123010,1214.0,0.0,2.2,-1.4,-1.3
2026-01-06,123010,1199.0,0.0,-0.3,,0.4
2026-01-07,123010,1150.0,0.0,-0.7,,0.8
2026-01-08,123010,1146.0,0.0,-0.3,,0.3
2026-01-09,123010,1150.0,0.0,-0.2,,-0.6
2026-01-12,123010,1096.0,0.0,0.3,,-0.5
2026-01-13,123010,1071.0,0.0,0.1,,-0.2
2026-01-14,123010,1046.0,0.0,0.0,,-0.1
2026-01-15,123010,1042.0,0.0,0.1,,-0.1
2026-01-16,123010,1014.0,0.0,-0.7,,0.7
2026-01-19,123010,1001.0,0.0,0.7,,-0.4
2026-01-20,123010,1066.0,0.0,-0.4,,0.5
2026-01-21,123010,1013.0,0.0,-0.0,,0.4
2026-01-22,123010,1008.0,0.0,-0.2,,0.2
2026-01-23,123010,1310.0,0.0,-1.6,-0.0,2.7
2026-01-26,123010,1167.0,0.0,-0.3,,0.0
2026-01-27,123010,1148.0,0.0,0.5,,-0.6
2026-01-28,123010,1216.0,0.0,0.4,,-0.4
2026-01-29,123010,1179.0,0.0,0.1,,-0.1
2026-01-30,123010,1172.0,0.0,0.6,,-0.2
2026-02-02,123010,1160.0,0.0,1.6,,-2.1
2026-02-03,123010,1200.0,0.0,1.9,,-1.8
2026-02-04,123010,1280.0,0.0,2.7,0.3,-3.2
2026-02-05,123010,1195.0,0.0,-2.9,,2.9
2026-02-06,123010,1335.0,0.0,4.1,-0.1,-5.1
2026-02-09,123010,1419.0,0.0,-1.2,0.1,1.0
2026-02-10,123010,1351.0,0.0,-1.6,-0.0,1.8
2026-02-11,123010,1322.0,0.0,0.4,,-0.5
2026-02-12,123010,1234.0,0.0,-1.3,,1.3
2026-02-13,123010,1211.0,0.0,-1.0,,1.0
2026-02-19,123010,1192.0,0.0,-0.6,,0.6
2026-02-20,123010,1155.0,0.0,-0.6,,0.6
2026-02-23,123010,1145.0,0.0,-0.3,,0.3
2026-02-24,123010,1142.0,0.0,-1.0,,1.0
2026-02-25,123010,1122.0,0.0,-1.0,,1.0
2026-02-26,123010,1055.0,0.0,-0.8,,0.8
2026-02-27,123010,985.0,0.0,-0.6,,0.8
2026-03-03,123010,927.0,0.0,2.6,-0.2,2.2
2026-03-04,123010,734.0,0.0,-0.3,,0.3
2026-03-05,123010,780.0,0.0,0.2,,-0.2
2026-03-06,123010,791.0,0.0,0.2,,-0.2
2026-03-09,123010,689.0,0.0,-0.6,,0.6
2026-03-10,123010,704.0,0.0,0.2,,-0.2
2026-03-11,123010,730.0,0.0,-0.5,,0.3
2026-03-12,123010,949.0,0.0,-3.1,,3.4
2026-03-13,123010,1200.0,0.0,-3.6,,4.0
2026-03-16,123010,1245.0,0.0,-0.1,,0.1
2026-03-17,123010,1215.0,0.0,-0.3,,0.3
2026-03-18,123010,1287.0,0.0,1.6,,-1.5
2026-03-19,123010,1397.0,0.0,0.7,,-0.1
2026-03-20,123010,1400.0,0.0,0.2,,-0.1
2026-03-23,123010,1390.0,0.0,0.2,,-0.1
2026-03-24,123010,1425.0,0.0,0.3,,-0.1
2026-03-25,123010,1498.0,0.0,0.3,,-0.3
2026-03-26,123010,1543.0,0.0,0.9,,-0.9
2026-03-27,123010,1144.0,0.0,-0.9,,1.1
2026-03-30,123010,1010.0,0.0,1.5,0.0,-1.6
2026-03-31,123010,1020.0,0.0,-0.0,0.0,-0.0
2026-04-01,123010,1001.0,0.0,0.0,,-0.1
2026-04-02,123010,1127.0,0.0,-1.4,,1.3
2026-04-03,123010,1195.0,0.0,-0.3,,0.2
2026-04-06,123010,1226.0,0.0,-0.9,,1.2
2026-04-07,123010,1178.0,0.0,-2.0,,2.2
2026-04-08,123010,1165.0,0.0,1.3,,-0.3
2026-04-09,123010,1069.0,0.0,0.9,,-0.7
2026-04-10,123010,1141.0,0.0,0.8,,-0.7
2026-04-13,123010,1139.0,0.0,2.0,,-1.8
2026-04-14,123010,1335.0,0.0,0.7,,-2.6
2026-04-15,123010,1735.0,0.0,-2.4,-0.0,2.8
2026-04-16,123010,1989.0,0.0,-3.9,,1.8
2026-04-17,123010,1709.0,0.0,2.2,,-2.9
2026-04-20,123010,1883.0,0.0,-1.7,,4.1
2026-04-21,123010,1786.0,0.0,-0.9,,1.0
2026-04-22,123010,1575.0,0.0,-0.0,,1.4
2026-04-23,123010,1508.0,0.0,1.4,,-2.0
2026-04-24,123010,1591.0,0.0,1.2,,-1.8
2026-04-27,123010,1592.0,0.0,0.0,,-0.1
2026-04-28,123010,1571.0,0.0,-0.2,,0.1
2026-04-29,123010,1500.0,0.0,-0.1,,-0.2
2026-04-30,123010,1541.0,0.0,0.6,,-0.6
2026-05-04,123010,1593.0,0.0,-0.8,0.0,1.8
2026-05-06,123010,1680.0,0.0,-0.1,0.0,3.3
2026-05-07,123010,1687.0,0.0,-1.6,-0.0,2.2
2026-05-08,123010,1717.0,0.0,1.8,-0.0,-0.6
2026-05-11,123010,1910.0,0.0,3.1,0.0,0.3
2026-05-12,123010,2005.0,0.0,3.6,-0.0,-3.8
2026-05-13,123010,2605.0,0.0,-2.4,0.0,2.9
2026-05-14,123010,2550.0,0.0,10.1,-0.0,-10.8
2026-05-15,123010,2365.0,0.0,2.4,-0.0,-4.3
2026-05-18,123010,2330.0,0.0,-0.5,0.0,0.2
2026-05-19,123010,2065.0,0.0,1.2,0.3,-1.7
2026-05-20,123010,2435.0,0.0,-8.6,-0.3,8.6
2026-05-21,123010,2620.0,0.0,6.5,0.0,-6.4
2026-05-22,123010,2650.0,0.0,-7.1,-0.0,7.6
2026-05-26,123010,2350.0,0.0,-2.8,,2.5
2026-05-27,123010,2555.0,0.0,-5.2,0.0,5.4
2026-05-28,123010,2780.0,0.0,1.2,-0.0,-1.3
2026-05-29,123010,2785.0,0.0,-9.4,-0.0,9.4
2026-06-01,123010,2420.0,0.0,-3.9,0.0,3.9
2026-06-02,123010,2450.0,0.0,-0.0,-0.0,-0.5
2026-06-04,123010,2575.0,0.0,-0.6,-0.0,0.6
2026-06-05,123010,2720.0,0.0,2.9,-0.0,-4.0
2026-06-08,123010,2655.0,0.0,-2.6,-0.0,1.6
2026-06-09,123010,2650.0,0.0,-0.6,0.0,0.9
2026-06-10,123010,2450.0,0.0,0.5,-0.0,-0.7
2026-06-11,123010,2250.0,0.0,-0.6,0.0,1.6
2026-06-12,123010,2240.0,0.0,-1.6,-0.0,1.6
2026-06-15,123010,2170.0,0.0,1.0,-0.0,-0.2
2026-06-16,123010,2135.0,0.0,1.5,0.0,-1.9
2026-06-17,123010,2205.0,0.0,-0.9,-0.0,0.5
2026-06-18,123010,2140.0,0.0,-1.1,0.0,1.1
2026-06-19,123010,2055.0,0.0,0.3,0.0,0.2
2026-06-22,123010,1945.0,0.0,0.5,0.0,-0.9
2026-06-23,123010,1835.0,0.0,2.1,-0.0,-2.2
2026-06-24,123010,1748.0,0.0,0.4,0.0,-0.4
2026-06-25,123010,1645.0,0.0,3.7,-0.0,-4.2
2026-06-26,123010,1740.0,0.0,-1.6,0.0,1.4
2026-06-29,123010,1740.0,0.0,-0.5,-0.0,0.5
2026-06-30,123010,1695.0,0.0,0.4,-0.0,-0.3
2026-07-01,123010,1640.0,0.0,0.7,-0.0,-1.8
2026-07-02,123010,1407.0,0.0,2.8,0.0,-2.8
2026-07-03,123010,1554.0,0.0,-1.9,0.0,2.7
2026-07-06,123010,1554.0,0.0,,,
2026-07-07,123010,1554.0,0.0,,,
2026-07-08,123010,1554.0,0.0,,,
2026-07-09,123010,1554.0,0.0,,,
2026-07-10,123010,1554.0,0.0,,,
2026-07-13,123010,1554.0,0.0,,,
2026-07-14,123010,1554.0,0.0,,,
2026-07-15,123010,1554.0,0.0,,,
2026-07-16,123010,1554.0,0.0,,,
2025-07-14,123040,2930.0,1.17,-0.3,-0.0,0.2
2025-07-15,123040,2970.0,1.15,0.1,-0.0,-0.1
2025-07-16,123040,2940.0,1.21,-3.7,-0.0,3.7
2025-07-17,123040,2940.0,1.01,1.6,-0.0,-1.6
2025-07-18,123040,2940.0,1.35,-1.0,-0.0,1.0
2025-07-21,123040,2885.0,1.29,0.4,-0.0,-0.4
2025-07-22,123040,2875.0,1.32,0.0,-0.0,-0.0
2025-07-23,123040,2980.0,1.32,0.7,0.6,-1.2
2025-07-24,123040,2980.0,1.35,-1.2,-0.0,1.1
2025-07-25,123040,2900.0,1.29,-1.8,0.0,1.8
2025-07-28,123040,2870.0,1.19,0.8,-0.0,-0.8
2025-07-29,123040,2800.0,1.24,-0.1,0.1,0.0
2025-07-30,123040,2880.0,1.23,1.2,0.1,-1.4
2025-07-31,123040,2815.0,1.3,-1.7,0.1,1.6
2025-08-01,123040,2725.0,1.23,-0.7,0.1,0.6
2025-08-04,123040,2715.0,1.18,0.1,0.0,-0.2
2025-08-05,123040,2755.0,1.19,-1.4,-0.0,1.5
2025-08-06,123040,2845.0,1.1,1.3,0.0,-1.4
2025-08-07,123040,2880.0,1.17,-1.5,-0.6,2.2
2025-08-08,123040,2880.0,1.09,-1.0,0.0,0.8
2025-08-11,123040,2835.0,1.04,-0.1,0.1,0.0
2025-08-12,123040,2815.0,1.03,0.9,0.0,-0.9
2025-08-13,123040,2820.0,1.08,0.4,-0.0,-0.3
2025-08-14,123040,2795.0,1.1,0.0,0.0,-0.0
2025-08-18,123040,2705.0,1.1,0.3,0.0,-0.4
2025-08-19,123040,2715.0,1.16,0.7,-0.1,-0.6
2025-08-20,123040,2650.0,1.2,1.5,0.0,-1.5
2025-08-21,123040,2650.0,1.27,2.0,-0.0,-2.0
2025-08-22,123040,2640.0,1.38,-0.7,-0.0,0.7
2025-08-25,123040,2580.0,1.34,-0.3,0.0,0.4
2025-08-26,123040,2555.0,1.32,-0.2,-0.0,0.2
2025-08-27,123040,2585.0,1.31,-0.2,-0.0,0.2
2025-08-28,123040,2590.0,1.3,-0.2,-0.0,0.2
2025-08-29,123040,2505.0,1.29,0.2,-0.0,-0.0
2025-09-01,123040,2505.0,1.31,-0.2,-0.0,0.2
2025-09-02,123040,2485.0,1.3,0.3,0.0,-0.3
2025-09-03,123040,2370.0,1.32,0.1,-0.0,-0.1
2025-09-04,123040,2405.0,1.33,1.4,0.0,-1.4
2025-09-05,123040,2400.0,1.43,-0.3,0.0,0.3
2025-09-08,123040,2350.0,1.41,0.4,0.0,-0.4
2025-09-09,123040,2360.0,1.44,0.7,-0.0,-0.7
2025-09-10,123040,2425.0,1.48,0.3,0.0,-0.3
2025-09-11,123040,2440.0,1.5,-0.8,0.0,0.8
2025-09-12,123040,2435.0,1.44,-0.0,-0.0,-0.2
2025-09-15,123040,2435.0,1.44,-0.1,-0.0,0.1
2025-09-16,123040,2390.0,1.44,-0.3,0.0,0.3
2025-09-17,123040,2400.0,1.24,0.1,-0.0,-0.1
2025-09-18,123040,2425.0,1.25,0.2,-0.0,-0.2
2025-09-19,123040,2375.0,1.27,-0.7,-0.0,0.7
2025-09-22,123040,2375.0,1.22,-0.1,0.0,0.1
2025-09-23,123040,2390.0,1.21,-0.0,-0.0,0.0
2025-09-24,123040,2335.0,1.21,-0.4,-0.0,0.4
2025-09-25,123040,2330.0,1.18,0.4,-0.0,-0.4
2025-09-26,123040,2330.0,1.21,-0.7,0.1,0.6
2025-09-29,123040,2355.0,1.14,-0.2,0.0,0.2
2025-09-30,123040,2285.0,1.13,-0.3,0.0,0.6
2025-10-01,123040,2260.0,1.1,-0.1,0.0,0.0
2025-10-02,123040,2315.0,1.11,0.7,0.2,-0.9
2025-10-10,123040,2225.0,1.16,0.3,0.2,-0.5
2025-10-13,123040,2250.0,1.18,0.4,-0.2,-0.2
2025-10-14,123040,2290.0,1.2,0.3,0.1,-0.4
2025-10-15,123040,2320.0,1.23,0.5,-0.1,-0.4
2025-10-16,123040,2385.0,1.26,1.9,0.1,-2.0
2025-10-17,123040,2410.0,1.39,1.1,0.0,-1.1
2025-10-20,123040,2435.0,1.46,0.5,-0.1,-0.4
2025-10-21,123040,2455.0,1.49,0.4,-0.2,-0.2
2025-10-22,123040,2505.0,1.51,0.2,0.1,-0.4
2025-10-23,123040,2435.0,1.48,-0.2,-0.2,0.4
2025-10-24,123040,2460.0,1.47,0.6,-0.1,-0.5
2025-10-27,123040,2455.0,1.51,0.3,-0.1,-0.2
2025-10-28,123040,2415.0,1.52,0.1,0.1,-0.2
2025-10-29,123040,2405.0,1.53,0.0,-0.0,0.0
2025-10-30,123040,2375.0,1.52,-1.6,-0.0,1.6
2025-10-31,123040,2395.0,1.41,-0.2,-0.0,0.3
2025-11-03,123040,2295.0,1.4,-0.4,0.0,0.4
2025-11-04,123040,2270.0,1.37,0.4,0.0,-0.4
2025-11-05,123040,2210.0,1.42,-0.7,0.3,0.4
2025-11-06,123040,2210.0,1.36,0.1,0.1,-0.2
2025-11-07,123040,2140.0,1.37,-0.9,-0.3,1.3
2025-11-10,123040,2220.0,1.3,0.5,0.2,-0.7
2025-11-11,123040,2205.0,1.33,-0.1,-0.2,0.3
2025-11-12,123040,2200.0,1.32,0.2,0.1,-0.2
2025-11-13,123040,2210.0,1.34,0.0,0.1,-0.1
2025-11-14,123040,2190.0,1.34,-0.5,0.2,0.3
2025-11-17,123040,2135.0,1.3,-0.9,-0.3,1.2
2025-11-18,123040,2100.0,1.24,-0.6,-0.1,0.7
2025-11-19,123040,2060.0,1.19,-0.1,0.2,-0.1
2025-11-20,123040,2125.0,1.19,0.4,0.0,-0.4
2025-11-21,123040,2080.0,1.21,0.0,0.0,-0.0
2025-11-24,123040,2025.0,1.21,0.0,-0.9,0.8
2025-11-25,123040,2025.0,1.22,0.2,0.0,-0.2
2025-11-26,123040,2080.0,1.24,0.4,0.0,-0.4
2025-11-27,123040,2115.0,1.27,0.2,-0.0,-0.2
2025-11-28,123040,2150.0,1.28,0.2,-0.0,-0.2
2025-12-01,123040,2155.0,1.3,-0.0,-0.1,0.1
2025-12-02,123040,2170.0,1.33,0.2,0.1,-0.3
2025-12-03,123040,2210.0,1.34,0.6,-0.1,-0.3
2025-12-04,123040,2190.0,1.4,-0.1,-0.0,0.1
2025-12-05,123040,2240.0,1.4,0.6,0.1,-0.7
2025-12-08,123040,2255.0,1.42,0.2,-0.1,-0.0
2025-12-09,123040,2215.0,1.43,-0.2,-0.1,0.2
2025-12-10,123040,2205.0,1.42,0.1,0.1,-0.2
2025-12-11,123040,2215.0,1.43,0.2,0.0,-0.2
2025-12-12,123040,2225.0,1.45,0.3,0.0,-0.4
2025-12-15,123040,2175.0,1.47,0.1,-0.0,-0.0
2025-12-16,123040,2180.0,1.47,-0.2,-0.3,0.5
2025-12-17,123040,2170.0,1.64,-0.2,0.1,0.1
2025-12-18,123040,2150.0,1.34,-0.1,0.1,-0.0
2025-12-19,123040,2150.0,1.33,0.3,0.0,-0.3
2025-12-22,123040,2195.0,1.35,0.5,0.1,-0.6
2025-12-23,123040,2155.0,1.39,-0.4,-0.1,0.5
2025-12-24,123040,2140.0,1.36,-0.4,-0.0,0.5
2025-12-26,123040,2145.0,1.25,-0.1,0.1,0.0
2025-12-29,123040,2105.0,1.24,-0.2,-0.0,-0.0
2025-12-30,123040,2105.0,1.2,0.0,0.1,-0.1
2026-01-02,123040,2225.0,1.15,0.5,-0.0,-0.5
2026-01-05,123040,2150.0,1.19,-0.4,-0.1,0.8
2026-01-06,123040,2150.0,1.39,-0.4,0.0,0.3
2026-01-07,123040,2130.0,1.67,-0.3,0.0,0.3
2026-01-08,123040,2055.0,1.62,-0.9,-0.2,1.1
2026-01-09,123040,2175.0,1.56,1.2,0.4,-1.6
2026-01-12,123040,2170.0,1.64,0.5,0.3,-0.8
2026-01-13,123040,2335.0,1.68,-1.7,0.1,1.1
2026-01-14,123040,2385.0,1.58,-0.9,-0.3,1.2
2026-01-15,123040,2370.0,1.52,0.5,-0.2,-0.1
2026-01-16,123040,2395.0,1.53,-2.3,0.0,2.3
2026-01-19,123040,2435.0,1.38,0.9,-0.2,-0.6
2026-01-20,123040,2425.0,1.43,2.8,0.3,-3.0
2026-01-21,123040,2405.0,1.63,0.9,0.3,-1.2
2026-01-22,123040,2405.0,1.69,-0.6,-0.7,1.6
2026-01-23,123040,2360.0,1.64,0.2,0.1,-0.3
2026-01-26,123040,2335.0,1.65,0.8,0.1,-0.9
2026-01-27,123040,2315.0,1.71,0.0,-0.1,0.1
2026-01-28,123040,2310.0,1.71,0.1,0.1,-0.2
2026-01-29,123040,2320.0,1.72,0.6,0.1,-0.8
2026-01-30,123040,2245.0,1.76,-0.4,-0.0,0.4
2026-02-02,123040,2140.0,1.73,-0.4,-0.2,0.7
2026-02-03,123040,2215.0,1.7,-0.1,0.0,0.0
2026-02-04,123040,2260.0,1.7,0.4,0.8,-1.2
2026-02-05,123040,2235.0,1.72,-0.2,-0.1,0.3
2026-02-06,123040,2225.0,1.71,-0.2,-0.2,0.4
2026-02-09,123040,2275.0,1.69,0.5,-0.3,-0.3
2026-02-10,123040,2295.0,1.73,0.8,-0.2,-0.7
2026-02-11,123040,2335.0,1.79,0.3,0.0,-0.3
2026-02-12,123040,2315.0,1.81,0.5,-0.0,-0.4
2026-02-13,123040,2270.0,1.84,-0.4,-0.2,0.6
2026-02-19,123040,2305.0,1.81,1.4,0.2,-1.6
2026-02-20,123040,2305.0,1.91,0.5,-0.1,-0.4
2026-02-23,123040,2335.0,1.95,0.1,-0.0,-0.1
2026-02-24,123040,2300.0,1.85,-0.2,0.1,0.1
2026-02-25,123040,2990.0,1.83,-3.6,-0.2,3.8
2026-02-26,123040,2825.0,1.62,-3.1,2.1,-0.0
2026-02-27,123040,2985.0,1.45,-1.3,-0.2,-1.2
2026-03-03,123040,2675.0,1.5,-4.1,-1.2,4.5
2026-03-04,123040,2300.0,1.28,5.4,2.9,-8.5
2026-03-05,123040,2520.0,1.72,1.7,-0.5,-1.1
2026-03-06,123040,2590.0,1.83,0.6,-0.5,0.4
2026-03-09,123040,2430.0,1.87,-0.1,-1.0,1.0
2026-03-10,123040,2520.0,1.93,0.8,-0.3,-0.5
2026-03-11,123040,2560.0,2.02,-5.2,-1.5,6.3
2026-03-12,123040,2650.0,1.4,-1.1,0.0,0.9
2026-03-13,123040,2645.0,1.33,-2.0,-0.1,2.0
2026-03-16,123040,2555.0,1.21,-0.6,0.0,0.5
2026-03-17,123040,2570.0,1.19,-0.4,0.1,0.3
2026-03-18,123040,2590.0,1.26,-0.7,-0.1,0.9
2026-03-19,123040,2485.0,1.18,-0.5,0.1,0.3
2026-03-20,123040,2500.0,1.15,0.6,0.3,-1.0
2026-03-23,123040,2400.0,1.19,-0.1,-0.2,0.3
2026-03-24,123040,2225.0,1.19,0.2,-0.2,-0.2
2026-03-25,123040,2190.0,1.22,-0.8,-0.0,1.9
2026-03-26,123040,2230.0,1.17,-0.2,0.0,0.4
2026-03-27,123040,2195.0,1.16,-0.5,0.1,0.4
2026-03-30,123040,2250.0,1.13,-2.2,0.1,2.1
2026-03-31,123040,2240.0,0.99,-0.3,-0.1,0.3
2026-04-01,123040,2290.0,0.99,-0.8,-0.0,0.8
2026-04-02,123040,2210.0,0.94,0.2,0.0,-0.2
2026-04-03,123040,2250.0,0.95,-0.2,-0.1,0.3
2026-04-06,123040,2200.0,0.94,0.3,0.0,-0.3
2026-04-07,123040,2170.0,0.96,-0.0,0.0,0.0
2026-04-08,123040,2275.0,0.96,1.8,0.2,-1.9
2026-04-09,123040,2210.0,1.08,-0.7,-0.0,0.7
2026-04-10,123040,2270.0,1.03,0.4,0.0,-0.5
2026-04-13,123040,2250.0,1.06,0.4,-0.0,-0.2
2026-04-14,123040,2310.0,1.09,1.3,-0.1,-1.2
2026-04-15,123040,2275.0,1.22,-0.4,-0.0,1.0
2026-04-16,123040,2355.0,1.19,0.7,0.1,-0.9
2026-04-17,123040,2360.0,1.24,-0.4,-0.0,2.4
2026-04-20,123040,2375.0,1.21,-1.5,-0.0,1.6
2026-04-21,123040,2380.0,1.11,-0.4,-0.1,0.4
2026-04-22,123040,2460.0,1.08,-0.8,-0.1,0.8
2026-04-23,123040,2520.0,1.04,-1.7,0.0,1.8
2026-04-24,123040,2445.0,0.94,-0.7,0.0,0.7
2026-04-27,123040,2600.0,0.94,-0.4,0.5,-0.2
2026-04-28,123040,2540.0,0.91,0.5,-0.2,-0.3
2026-04-29,123040,2510.0,0.95,1.1,0.0,-1.1
2026-04-30,123040,2450.0,1.02,-0.1,-0.1,0.3
2026-05-04,123040,2435.0,1.01,1.3,-0.1,-1.1
2026-05-06,123040,2390.0,1.1,0.5,-0.1,-0.6
2026-05-07,123040,2345.0,1.14,0.5,0.1,-0.5
2026-05-08,123040,2400.0,1.17,-0.1,0.1,0.1
2026-05-11,123040,2330.0,1.17,1.1,-0.1,-0.9
2026-05-12,123040,2270.0,1.39,0.5,0.2,-0.7
2026-05-13,123040,2330.0,1.45,0.7,-0.1,-0.6
2026-05-14,123040,2275.0,1.32,0.1,0.1,-0.3
2026-05-15,123040,2155.0,1.33,-1.0,-0.1,1.1
2026-05-18,123040,2175.0,1.13,-0.0,0.0,0.1
2026-05-19,123040,2130.0,1.17,-0.3,-0.1,0.4
2026-05-20,123040,2070.0,1.13,-1.3,-0.0,1.3
2026-05-21,123040,2155.0,1.02,0.1,0.0,-0.2
2026-05-22,123040,2175.0,1.03,0.5,0.0,-0.5
2026-05-26,123040,2090.0,1.07,-0.3,-0.1,0.3
2026-05-27,123040,2050.0,1.05,-0.1,0.0,0.1
2026-05-28,123040,1998.0,1.04,-0.6,-0.0,0.6
2026-05-29,123040,1972.0,0.99,-0.1,0.1,-0.0
2026-06-01,123040,1933.0,0.99,0.1,-0.1,-0.3
2026-06-02,123040,1927.0,1.0,0.7,0.0,-0.6
2026-06-04,123040,1954.0,1.05,0.2,0.0,-0.0
2026-06-05,123040,1913.0,1.07,-0.2,0.0,0.2
2026-06-08,123040,1825.0,1.26,-0.3,0.1,0.3
2026-06-09,123040,1845.0,1.1,0.0,0.1,-0.1
2026-06-10,123040,1800.0,1.12,-0.2,-0.0,0.3
2026-06-11,123040,1845.0,1.1,0.2,-0.2,-0.1
2026-06-12,123040,1909.0,1.12,0.5,0.5,-0.9
2026-06-15,123040,1911.0,1.16,-0.0,-0.1,0.1
2026-06-16,123040,1926.0,1.17,0.7,0.3,-1.0
2026-06-17,123040,1919.0,1.23,0.1,0.0,-0.1
2026-06-18,123040,1913.0,1.21,-0.8,0.4,0.4
2026-06-19,123040,1846.0,1.14,-1.4,-0.7,2.1
2026-06-22,123040,1793.0,1.02,-0.1,0.4,-0.3
2026-06-23,123040,1614.0,1.02,-0.2,-0.3,0.4
2026-06-24,123040,1627.0,1.0,-0.5,0.3,0.2
2026-06-25,123040,1600.0,0.94,0.3,0.0,-0.4
2026-06-26,123040,1458.0,1.0,-0.3,0.4,-0.0
2026-06-29,123040,1600.0,1.01,1.5,-1.0,-0.5
2026-06-30,123040,1645.0,1.18,-0.3,0.3,0.0
2026-07-01,123040,1622.0,1.14,-0.1,-0.2,0.3
2026-07-02,123040,1560.0,1.14,-0.0,-0.1,0.0
2026-07-03,123040,1609.0,1.09,0.1,0.1,-0.2
2026-07-06,123040,1644.0,1.15,0.3,-0.1,-0.2
2026-07-07,123040,1629.0,1.17,-0.3,0.0,0.3
2026-07-08,123040,1574.0,1.14,0.0,-0.0,-0.0
2026-07-09,123040,1536.0,1.14,-0.1,0.0,0.1
2026-07-10,123040,1642.0,1.14,0.6,-0.0,-0.6
2026-07-13,123040,1580.0,1.19,-0.3,0.0,0.3
2026-07-14,123040,1484.0,1.33,-0.7,0.1,0.6
2026-07-15,123040,1555.0,1.26,0.4,-0.1,-0.3
2026-07-16,123040,1580.0,1.16,0.1,0.1,-0.2
2025-07-14,123330,40000.0,7.37,-9.2,7.9,1.6
2025-07-15,123330,40400.0,7.04,0.0,4.1,-4.6
2025-07-16,123330,39200.0,7.03,-4.7,0.7,4.1
2025-07-17,123330,38750.0,6.86,-2.3,4.8,-3.1
2025-07-18,123330,37600.0,6.77,-1.0,2.0,-1.0
2025-07-21,123330,38250.0,6.75,-2.5,4.1,-2.1
2025-07-22,123330,37700.0,6.66,-12.7,15.8,-3.7
2025-07-23,123330,37700.0,6.2,-4.2,5.1,-1.4
2025-07-24,123330,36100.0,6.06,-5.5,3.5,2.9
2025-07-25,123330,35400.0,5.81,-1.7,3.5,-3.0
2025-07-28,123330,35150.0,5.76,-2.3,2.1,-0.2
2025-07-29,123330,35600.0,5.63,-4.7,-1.2,5.6
2025-07-30,123330,36000.0,5.46,-7.2,8.0,-0.4
2025-07-31,123330,37350.0,5.31,-7.6,2.8,1.3
2025-08-01,123330,34850.0,5.1,-7.5,4.8,2.1
2025-08-04,123330,35100.0,4.81,-0.8,0.5,0.0
2025-08-05,123330,37300.0,4.79,0.5,-0.2,-3.6
2025-08-06,123330,38300.0,4.76,-10.1,2.8,3.7
2025-08-07,123330,38400.0,4.37,-2.9,-0.9,3.9
2025-08-08,123330,39650.0,4.35,11.8,1.9,-16.3
2025-08-11,123330,33500.0,4.91,-17.1,-14.7,28.8
2025-08-12,123330,31250.0,4.22,7.6,-14.8,6.0
2025-08-13,123330,31550.0,4.69,-0.6,-1.5,0.6
2025-08-14,123330,31550.0,4.66,0.9,-0.4,0.8
2025-08-18,123330,29250.0,4.64,4.6,0.3,-4.0
2025-08-19,123330,30050.0,4.81,-3.5,4.7,-1.2
2025-08-20,123330,29450.0,4.59,-0.3,-3.6,3.7
2025-08-21,123330,30500.0,4.53,-3.9,1.6,-8.0
2025-08-22,123330,29050.0,4.37,-3.6,1.4,1.3
2025-08-25,123330,29100.0,4.2,5.7,-2.0,-3.4
2025-08-26,123330,28750.0,4.52,1.6,-1.5,0.1
2025-08-27,123330,28550.0,4.59,0.7,-0.5,0.3
2025-08-28,123330,29150.0,4.64,6.7,-8.2,1.2
2025-08-29,123330,28750.0,4.96,1.0,-3.4,2.0
2025-09-01,123330,29100.0,5.01,8.8,2.7,-11.1
2025-09-02,123330,28300.0,5.42,-1.9,-8.7,9.2
2025-09-03,123330,28000.0,5.21,-1.5,8.5,-6.4
2025-09-04,123330,29000.0,5.24,-3.6,5.1,-1.4
2025-09-05,123330,28050.0,5.08,-5.0,0.2,4.4
2025-09-08,123330,28450.0,4.83,-0.1,-0.3,0.3
2025-09-09,123330,28800.0,4.83,-0.0,-0.2,0.7
2025-09-10,123330,27600.0,4.79,-5.8,-0.2,5.3
2025-09-11,123330,27950.0,4.48,-0.0,0.7,-1.0
2025-09-12,123330,27200.0,4.48,6.5,-1.3,-5.1
2025-09-15,123330,26550.0,4.79,6.9,-4.7,-1.1
2025-09-16,123330,27300.0,5.18,-0.2,-3.3,2.1
2025-09-17,123330,26600.0,5.11,0.7,-4.1,4.8
2025-09-18,123330,27200.0,5.14,-5.0,7.0,-2.4
2025-09-19,123330,26300.0,4.93,2.2,-1.9,0.4
2025-09-22,123330,28250.0,5.03,-0.4,-5.5,3.2
2025-09-23,123330,28000.0,5.03,-5.4,0.5,4.4
2025-09-24,123330,27050.0,4.75,-2.2,-0.6,3.0
2025-09-25,123330,26200.0,4.67,3.4,-2.6,-0.3
2025-09-26,123330,25600.0,4.79,-4.7,4.7,0.6
2025-09-29,123330,25600.0,4.54,3.0,-3.3,0.4
2025-09-30,123330,24650.0,4.7,-0.5,-0.9,1.4
2025-10-01,123330,24350.0,4.61,1.6,-1.1,0.3
2025-10-02,123330,25800.0,4.77,3.6,1.0,-4.8
2025-10-10,123330,23250.0,5.03,-10.8,-5.0,15.7
2025-10-13,123330,22550.0,4.31,-1.2,2.0,-0.5
2025-10-14,123330,21200.0,4.25,3.1,-1.1,-1.8
2025-10-15,123330,21700.0,4.46,4.0,-0.8,-2.9
2025-10-16,123330,21550.0,4.76,0.2,0.0,-0.2
2025-10-17,123330,20650.0,4.81,2.9,1.7,-3.9
2025-10-20,123330,21400.0,5.01,-2.6,1.2,1.2
2025-10-21,123330,20700.0,4.82,4.9,-0.7,-3.7
2025-10-22,123330,21150.0,5.11,7.9,1.6,-9.1
2025-10-23,123330,21100.0,5.6,0.6,5.1,-5.1
2025-10-24,123330,20200.0,5.61,8.9,0.2,-1.7
2025-10-27,123330,19810.0,6.24,-3.6,0.7,3.8
2025-10-28,123330,20100.0,5.95,-5.2,1.9,3.2
2025-10-29,123330,19440.0,5.61,-4.0,0.4,3.5
2025-10-30,123330,19290.0,5.32,-0.8,-0.4,1.0
2025-10-31,123330,21500.0,5.26,-2.2,3.4,-1.4
2025-11-03,123330,23000.0,5.2,-5.0,-3.1,7.9
2025-11-04,123330,22650.0,4.83,-2.1,0.2,2.0
2025-11-05,123330,22550.0,4.72,-10.3,0.7,9.4
2025-11-06,123330,21150.0,4.1,-5.5,0.8,3.9
2025-11-07,123330,21750.0,3.77,-2.4,1.1,1.3
2025-11-10,123330,21000.0,3.64,-2.6,0.4,2.1
2025-11-11,123330,19960.0,3.51,-2.8,-2.1,5.3
2025-11-12,123330,20150.0,3.32,0.2,-1.4,1.4
2025-11-13,123330,21300.0,3.33,0.3,0.2,-2.0
2025-11-14,123330,22350.0,3.42,3.3,6.2,-10.8
2025-11-17,123330,18850.0,3.88,-15.7,0.8,14.7
2025-11-18,123330,17260.0,2.75,-1.5,-1.0,2.6
2025-11-19,123330,17950.0,2.67,6.2,-3.0,-3.2
2025-11-20,123330,18310.0,3.22,4.2,-4.1,-0.2
2025-11-21,123330,17900.0,3.59,-0.5,1.7,-1.1
2025-11-24,123330,17620.0,3.54,0.5,0.0,-0.5
2025-11-25,123330,17610.0,3.54,0.6,-0.8,0.3
2025-11-26,123330,17750.0,3.56,1.7,-1.5,-0.3
2025-11-27,123330,18290.0,3.81,1.0,0.0,-1.0
2025-11-28,123330,18800.0,3.89,1.1,0.1,-1.3
2025-12-01,123330,18540.0,3.99,-0.6,1.2,-0.5
2025-12-02,123330,18470.0,3.93,0.5,-0.8,0.3
2025-12-03,123330,18680.0,3.97,0.1,0.1,-0.2
2025-12-04,123330,20400.0,3.97,3.3,-1.1,-2.0
2025-12-05,123330,19660.0,4.21,-3.5,2.2,1.3
2025-12-08,123330,19870.0,3.95,-0.7,0.1,0.6
2025-12-09,123330,19410.0,3.91,-1.3,0.1,1.2
2025-12-10,123330,18970.0,3.8,-0.4,-0.1,0.5
2025-12-11,123330,18500.0,3.77,7.2,-0.2,-5.8
2025-12-12,123330,18220.0,4.3,-1.1,-0.5,1.6
2025-12-15,123330,17960.0,4.19,0.3,-0.2,0.1
2025-12-16,123330,17950.0,4.22,1.3,-0.8,-0.5
2025-12-17,123330,17560.0,4.35,-0.7,-0.1,0.7
2025-12-18,123330,17650.0,4.29,0.6,0.2,-0.7
2025-12-19,123330,17150.0,4.3,-1.0,-1.6,2.5
2025-12-22,123330,18300.0,4.2,1.8,0.1,-1.8
2025-12-23,123330,17610.0,4.35,-0.8,-0.6,1.2
2025-12-24,123330,17550.0,4.29,0.2,-0.2,0.1
2025-12-26,123330,16800.0,4.29,-1.0,-3.8,4.8
2025-12-29,123330,16530.0,4.16,1.4,-0.8,-0.6
2025-12-30,123330,16520.0,4.26,0.8,-2.0,1.4
2026-01-02,123330,18500.0,4.32,9.8,-3.7,-6.3
2026-01-05,123330,17310.0,5.0,-2.1,-1.5,3.5
2026-01-06,123330,16940.0,4.85,-1.9,-0.6,2.6
2026-01-07,123330,16500.0,4.87,-1.7,0.3,1.3
2026-01-08,123330,17180.0,4.74,0.1,2.6,-2.7
2026-01-09,123330,17220.0,4.75,0.8,-1.1,-0.2
2026-01-12,123330,16740.0,4.81,-1.8,-1.0,2.8
2026-01-13,123330,16140.0,4.64,-2.8,-2.4,5.2
2026-01-14,123330,16250.0,4.43,2.2,-0.5,-1.7
2026-01-15,123330,15920.0,4.6,0.1,-0.9,0.9
2026-01-16,123330,16520.0,4.61,0.9,0.6,-1.5
2026-01-19,123330,16240.0,4.68,0.8,-1.0,0.2
2026-01-20,123330,16950.0,4.75,6.6,-1.4,-5.0
2026-01-21,123330,16570.0,5.24,-1.3,0.2,1.1
2026-01-22,123330,18980.0,5.16,8.4,1.0,-10.4
2026-01-23,123330,19160.0,5.74,-2.5,0.0,2.6
2026-01-26,123330,19560.0,5.58,-3.9,1.1,2.9
2026-01-27,123330,19100.0,5.33,-1.4,-1.8,3.2
2026-01-28,123330,19320.0,5.24,2.8,-2.2,-0.6
2026-01-29,123330,17290.0,5.42,-13.8,-4.3,21.8
2026-01-30,123330,16360.0,4.49,-4.1,-8.8,15.1
2026-02-02,123330,21250.0,4.18,28.1,-7.3,-23.2
2026-02-03,123330,22600.0,6.07,2.7,10.6,-13.0
2026-02-04,123330,22000.0,6.21,-3.8,-5.8,9.9
2026-02-05,123330,21800.0,6.04,-10.2,6.4,3.4
2026-02-06,123330,23350.0,5.49,-15.7,13.6,-0.4
2026-02-09,123330,25700.0,4.62,-15.9,38.4,-26.3
2026-02-10,123330,24600.0,3.84,-14.8,1.7,11.5
2026-02-11,123330,23200.0,3.16,6.5,0.2,-4.2
2026-02-12,123330,22550.0,3.53,3.1,-5.1,2.8
2026-02-13,123330,21200.0,3.7,1.7,-5.7,4.1
2026-02-19,123330,21400.0,3.81,-0.7,-6.8,7.0
2026-02-20,123330,20500.0,3.78,3.8,-7.6,4.0
2026-02-23,123330,22050.0,4.01,0.7,6.6,-7.6
2026-02-24,123330,21150.0,4.11,-6.4,-0.8,10.6
2026-02-25,123330,21600.0,3.74,-5.3,0.7,4.1
2026-02-26,123330,21050.0,3.44,-5.6,-1.1,6.6
2026-02-27,123330,20300.0,3.12,3.3,-5.3,1.3
2026-03-03,123330,19400.0,3.32,4.0,3.0,-6.4
2026-03-04,123330,16570.0,3.58,9.4,-6.7,-2.8
2026-03-05,123330,18900.0,4.26,-3.7,9.2,-4.4
2026-03-06,123330,22900.0,4.01,7.5,33.2,-39.0
2026-03-09,123330,22350.0,4.46,-7.7,13.6,-5.4
2026-03-10,123330,24450.0,4.03,-5.7,9.0,-3.4
2026-03-11,123330,24450.0,3.74,0.3,6.8,-7.1
2026-03-12,123330,25950.0,3.75,1.9,1.9,-5.9
2026-03-13,123330,26350.0,3.83,-15.1,22.0,-6.1
2026-03-16,123330,27500.0,3.12,-6.0,4.8,0.6
2026-03-17,123330,26500.0,2.75,-4.7,9.4,-4.5
2026-03-18,123330,24600.0,2.53,4.7,-7.9,3.4
2026-03-19,123330,23550.0,2.59,12.3,-15.6,4.1
2026-03-20,123330,24950.0,3.24,-3.4,9.8,-5.6
2026-03-23,123330,23600.0,3.08,-1.3,5.8,-4.0
2026-03-24,123330,27350.0,3.02,-0.4,26.9,-28.3
2026-03-25,123330,26500.0,3.07,0.3,-10.5,8.6
2026-03-26,123330,28750.0,3.11,-14.1,47.3,-33.5
2026-03-27,123330,32600.0,2.51,11.8,79.3,-87.0
2026-03-30,123330,30450.0,2.95,-9.2,9.5,1.1
2026-03-31,123330,31250.0,2.61,-4.2,8.8,-4.4
2026-04-01,123330,31050.0,2.51,0.4,-12.9,11.3
2026-04-02,123330,32400.0,2.58,-8.1,4.7,1.2
2026-04-03,123330,28400.0,2.27,-13.8,-10.7,22.4
2026-04-06,123330,27700.0,1.79,-0.8,3.1,-2.7
2026-04-07,123330,27150.0,1.88,0.2,-2.8,2.7
2026-04-08,123330,28000.0,1.92,-2.8,-7.0,8.9
2026-04-09,123330,31000.0,1.79,1.8,10.0,-11.8
2026-04-10,123330,30300.0,1.85,-5.2,3.3,2.1
2026-04-13,123330,29250.0,1.96,-4.0,-14.0,18.0
2026-04-14,123330,29400.0,1.79,1.8,-12.2,8.9
2026-04-15,123330,29650.0,1.86,-6.1,-8.0,13.9
2026-04-16,123330,30500.0,1.59,-1.7,-3.6,4.5
2026-04-17,123330,32000.0,1.55,18.2,-12.4,-6.3
2026-04-20,123330,31350.0,2.27,-11.9,-5.4,17.0
2026-04-21,123330,30100.0,1.78,-7.6,-22.0,28.7
2026-04-22,123330,29150.0,1.47,-0.7,-12.9,13.7
2026-04-23,123330,28750.0,1.47,3.5,-9.3,5.4
2026-04-24,123330,30800.0,1.67,13.4,-8.5,-8.2
2026-04-27,123330,28900.0,2.27,-12.6,-16.8,28.9
2026-04-28,123330,28300.0,1.76,3.4,-3.9,1.3
2026-04-29,123330,29450.0,1.93,2.6,8.2,-10.9
2026-04-30,123330,28150.0,2.0,-8.0,-5.5,13.8
2026-05-04,123330,27950.0,1.67,2.1,-6.9,3.7
2026-05-06,123330,26700.0,1.78,10.6,-10.1,-1.3
2026-05-07,123330,24300.0,2.28,10.7,-36.2,24.1
2026-05-08,123330,24150.0,2.85,17.1,-31.6,15.1
2026-05-11,123330,23250.0,3.75,11.6,-16.8,4.9
2026-05-12,123330,22650.0,4.38,-1.3,-5.6,6.5
2026-05-13,123330,23250.0,4.32,-5.3,-0.3,5.9
2026-05-14,123330,24450.0,4.03,-3.4,7.4,-3.5
2026-05-15,123330,22300.0,3.78,-2.0,0.6,4.6
2026-05-18,123330,21650.0,3.66,3.4,1.0,-4.4
2026-05-19,123330,21350.0,4.02,-0.2,0.5,-0.1
2026-05-20,123330,20500.0,4.03,2.9,-4.8,2.1
2026-05-21,123330,20250.0,4.21,10.2,-6.3,-4.4
2026-05-22,123330,19550.0,4.9,7.3,-4.7,2.7
2026-05-26,123330,19730.0,5.34,3.8,-5.5,1.0
2026-05-27,123330,19500.0,5.55,-3.1,7.2,-3.8
2026-05-28,123330,22950.0,5.35,2.0,2.8,-8.7
2026-05-29,123330,22750.0,5.48,-11.8,4.0,6.5
2026-06-01,123330,22900.0,4.82,1.1,0.3,-0.2
2026-06-02,123330,22550.0,4.89,1.5,-0.6,-0.9
2026-06-04,123330,23450.0,4.97,-3.7,2.5,0.7
2026-06-05,123330,23050.0,4.81,-5.2,2.7,2.9
2026-06-08,123330,20750.0,4.54,-0.9,-0.2,1.3
2026-06-09,123330,22300.0,4.48,-3.0,4.7,-1.6
2026-06-10,123330,22450.0,4.33,-4.2,3.1,1.4
2026-06-11,123330,22300.0,4.12,1.8,-2.0,1.6
2026-06-12,123330,22250.0,4.6,0.5,-0.9,0.5
2026-06-15,123330,21950.0,4.63,-1.4,-0.3,2.2
2026-06-16,123330,21250.0,4.48,-2.4,0.0,2.4
2026-06-17,123330,21050.0,4.37,0.6,-3.9,3.3
2026-06-18,123330,20150.0,4.45,2.0,-1.2,-0.1
2026-06-19,123330,19090.0,4.57,-1.5,0.9,0.9
2026-06-22,123330,18520.0,4.54,-0.3,-2.0,2.0
2026-06-23,123330,17860.0,4.52,2.8,-2.3,-1.4
2026-06-24,123330,20100.0,4.68,4.7,2.5,-6.3
2026-06-25,123330,21150.0,4.97,-0.2,8.6,-8.0
2026-06-26,123330,23000.0,4.99,4.7,29.6,-29.8
2026-06-29,123330,24700.0,5.12,-4.4,21.8,-13.2
2026-06-30,123330,22500.0,4.9,0.3,-1.0,2.6
2026-07-01,123330,25450.0,4.69,-4.0,8.2,-3.4
2026-07-02,123330,26350.0,4.4,4.1,5.0,-12.3
2026-07-03,123330,25750.0,4.59,-11.4,2.2,4.0
2026-07-06,123330,25150.0,4.02,-5.5,4.1,1.4
2026-07-07,123330,26800.0,3.89,-17.0,-0.2,13.3
2026-07-08,123330,27400.0,3.12,-10.4,23.5,-9.8
2026-07-09,123330,27900.0,2.66,-12.5,10.5,1.7
2026-07-10,123330,25950.0,2.12,-9.9,-0.2,10.4
2026-07-13,123330,25800.0,1.62,4.8,1.9,-7.0
2026-07-14,123330,23900.0,1.84,4.6,-9.1,2.5
2026-07-15,123330,23950.0,2.09,-2.7,8.8,-4.7
2026-07-16,123330,25200.0,1.95,-3.4,5.6,-1.9
2025-07-14,123410,5450.0,39.97,12.0,0.1,-11.9
2025-07-15,123410,5310.0,40.78,-5.4,2.8,2.4
2025-07-16,123410,5200.0,40.41,-0.4,1.1,-1.0
2025-07-17,123410,5270.0,40.38,-4.9,0.0,5.2
2025-07-18,123410,5290.0,40.06,-3.6,1.5,2.5
2025-07-21,123410,5180.0,39.84,-2.4,-0.0,1.6
2025-07-22,123410,5120.0,39.66,-0.9,-0.3,1.3
2025-07-23,123410,5310.0,39.62,0.7,-0.3,-0.3
2025-07-24,123410,5140.0,39.66,-6.0,-0.0,5.9
2025-07-25,123410,5060.0,39.25,2.4,-0.9,-1.1
2025-07-28,123410,5020.0,39.41,-5.5,-0.0,6.1
2025-07-29,123410,4990.0,39.03,0.2,-0.3,0.0
2025-07-30,123410,5230.0,39.03,5.4,1.9,-7.0
2025-07-31,123410,4880.0,39.41,-11.8,-0.0,11.6
2025-08-01,123410,4680.0,38.56,-0.3,-0.4,0.5
2025-08-04,123410,4695.0,38.53,-1.2,,1.2
2025-08-05,123410,4715.0,38.44,-1.2,-0.5,1.7
2025-08-06,123410,4760.0,38.38,0.7,0.0,-0.7
2025-08-07,123410,5030.0,38.41,9.7,1.8,-11.4
2025-08-08,123410,5270.0,39.09,21.5,-2.1,-19.6
2025-08-11,123410,5200.0,40.53,-1.0,1.0,-0.6
2025-08-12,123410,5180.0,40.44,0.9,2.1,-3.1
2025-08-13,123410,5270.0,40.53,-2.5,-0.5,2.8
2025-08-14,123410,5370.0,40.34,14.2,0.3,-14.8
2025-08-18,123410,5240.0,41.25,-2.2,-0.0,1.7
2025-08-19,123410,5640.0,41.09,9.8,5.6,-15.3
2025-08-20,123410,5890.0,41.72,-4.1,5.5,-1.6
2025-08-21,123410,5850.0,41.47,-8.5,6.5,1.9
2025-08-22,123410,5770.0,40.97,-1.5,3.2,-1.8
2025-08-25,123410,5800.0,40.88,0.9,3.4,-3.9
2025-08-26,123410,5720.0,40.94,-1.6,2.1,-0.5
2025-08-27,123410,6020.0,40.84,-1.0,1.6,-0.7
2025-08-28,123410,6080.0,40.75,-17.0,9.7,6.1
2025-08-29,123410,6230.0,39.75,-5.7,9.4,-5.1
2025-09-01,123410,6430.0,39.44,6.9,2.3,-7.4
2025-09-02,123410,6520.0,39.81,-10.9,0.8,8.8
2025-09-03,123410,6570.0,39.19,-3.8,5.1,-2.7
2025-09-04,123410,6490.0,39.0,3.0,-0.6,-2.6
2025-09-05,123410,6710.0,39.16,7.5,8.4,-18.4
2025-09-08,123410,6870.0,39.56,-5.6,5.2,-0.6
2025-09-09,123410,7130.0,39.28,15.8,-12.1,-4.9
2025-09-10,123410,7030.0,39.84,1.9,0.7,-4.6
2025-09-11,123410,7000.0,39.94,9.4,-6.0,-1.2
2025-09-12,123410,6970.0,40.44,0.6,-2.2,1.6
2025-09-15,123410,7030.0,40.47,0.8,-0.5,-0.0
2025-09-16,123410,6780.0,40.53,20.4,-13.4,-6.9
2025-09-17,123410,6800.0,41.62,0.6,-2.8,2.2
2025-09-18,123410,7050.0,41.62,5.1,-2.0,-3.0
2025-09-19,123410,6400.0,41.91,-15.3,-6.4,4.1
2025-09-22,123410,6350.0,41.09,7.1,-0.1,-7.1
2025-09-23,123410,6360.0,41.5,5.0,-1.9,-3.2
2025-09-24,123410,6280.0,41.78,5.0,0.1,-5.1
2025-09-25,123410,6230.0,42.06,3.7,-1.1,-2.6
2025-09-26,123410,6090.0,42.28,2.8,0.5,-3.1
2025-09-29,123410,6080.0,42.44,-0.2,1.1,-1.0
2025-09-30,123410,5980.0,42.44,1.4,1.2,-3.1
2025-10-01,123410,5920.0,42.53,-0.4,-0.2,1.1
2025-10-02,123410,6000.0,42.5,-2.8,-0.1,2.9
2025-10-10,123410,6040.0,42.34,2.0,-3.1,5.5
2025-10-13,123410,5870.0,42.44,-4.9,-0.0,4.5
2025-10-14,123410,6060.0,42.16,-5.1,-0.0,5.1
2025-10-15,123410,6220.0,41.84,-7.9,3.4,5.8
2025-10-16,123410,6290.0,41.38,-16.4,4.5,11.6
2025-10-17,123410,6100.0,40.47,2.4,-3.7,1.0
2025-10-20,123410,6250.0,40.62,-6.6,0.1,6.9
2025-10-21,123410,6250.0,40.25,-2.2,0.2,4.1
2025-10-22,123410,6200.0,40.12,6.3,-4.5,-1.6
2025-10-23,123410,6050.0,40.47,0.7,4.5,-5.3
2025-10-24,123410,6070.0,40.53,2.3,-0.5,-1.9
2025-10-27,123410,6120.0,40.66,3.8,-3.2,-0.3
2025-10-28,123410,6250.0,40.88,0.9,-0.1,-0.9
2025-10-29,123410,6370.0,40.94,0.5,1.1,-1.7
2025-10-30,123410,6040.0,40.97,-25.7,-9.6,50.1
2025-10-31,123410,6000.0,39.5,-0.2,-5.3,5.4
2025-11-03,123410,5790.0,39.5,6.5,-4.9,-1.4
2025-11-04,123410,5730.0,39.91,4.6,-1.2,-3.4
2025-11-05,123410,5590.0,40.19,-4.7,-1.0,5.6
2025-11-06,123410,5670.0,39.88,-0.5,1.0,-0.4
2025-11-07,123410,5580.0,39.88,-1.1,-0.0,1.0
2025-11-10,123410,5760.0,39.78,2.2,-0.2,-2.0
2025-11-11,123410,5820.0,39.91,2.0,0.9,-3.8
2025-11-12,123410,5920.0,40.06,1.1,2.0,-3.0
2025-11-13,123410,6170.0,40.12,5.8,4.1,-9.7
2025-11-14,123410,6400.0,40.47,32.3,1.8,-33.2
2025-11-17,123410,6230.0,42.25,-4.2,2.0,2.6
2025-11-18,123410,6140.0,42.03,-2.1,2.7,-0.3
2025-11-19,123410,6320.0,41.91,4.1,2.0,-6.0
2025-11-20,123410,6390.0,42.12,0.5,1.3,-1.6
2025-11-21,123410,6290.0,42.16,0.8,1.1,-1.4
2025-11-24,123410,6400.0,42.22,1.0,3.1,-3.9
2025-11-25,123410,6460.0,42.28,7.0,2.0,-9.0
2025-11-26,123410,7170.0,42.66,57.8,12.1,-70.1
2025-11-27,123410,6980.0,45.66,3.7,1.0,-5.7
2025-11-28,123410,7470.0,45.84,24.0,-0.3,-23.0
2025-12-01,123410,7620.0,47.0,3.0,1.4,-3.1
2025-12-02,123410,8130.0,47.16,23.8,4.1,-28.7
2025-12-03,123410,8770.0,48.22,28.2,-7.7,-21.3
2025-12-04,123410,8530.0,49.38,-1.4,0.3,0.9
2025-12-05,123410,8390.0,49.31,9.5,-4.3,-5.3
2025-12-08,123410,8420.0,49.72,2.1,2.1,-3.3
2025-12-09,123410,8340.0,49.81,16.0,-12.3,-3.3
2025-12-10,123410,8280.0,50.5,0.1,0.9,-0.9
2025-12-11,123410,8150.0,50.5,4.1,-0.1,-3.1
2025-12-12,123410,8250.0,50.69,-0.4,0.0,0.5
2025-12-15,123410,8500.0,50.69,-32.1,11.1,20.4
2025-12-16,123410,8450.0,49.31,-7.5,0.6,7.7
2025-12-17,123410,8300.0,49.0,-6.2,0.0,6.1
2025-12-18,123410,8320.0,48.75,4.4,0.1,-4.7
2025-12-19,123410,8630.0,48.94,3.1,0.8,-3.8
2025-12-22,123410,8660.0,49.06,-1.3,0.7,0.8
2025-12-23,123410,8340.0,49.0,-6.2,4.5,1.6
2025-12-24,123410,8220.0,48.75,-1.0,-0.8,1.7
2025-12-26,123410,8240.0,48.72,5.3,1.2,-6.6
2025-12-29,123410,8200.0,48.94,7.0,-4.3,-2.7
2025-12-30,123410,8230.0,49.25,0.3,2.4,-2.7
2026-01-02,123410,8170.0,49.25,1.9,-1.2,-0.6
2026-01-05,123410,8140.0,49.34,5.0,0.8,-5.7
2026-01-06,123410,8000.0,49.56,-7.6,0.2,7.4
2026-01-07,123410,8440.0,49.31,12.6,-1.8,-10.2
2026-01-08,123410,8030.0,49.88,-11.3,3.2,8.1
2026-01-09,123410,8490.0,49.38,18.0,-0.9,-17.3
2026-01-12,123410,8210.0,50.12,-14.0,1.9,12.4
2026-01-13,123410,8340.0,49.53,-2.2,3.9,-1.7
2026-01-14,123410,8330.0,49.44,7.3,-0.4,-6.8
2026-01-15,123410,8240.0,49.75,-0.4,-4.4,4.9
2026-01-16,123410,8220.0,49.72,-4.6,-9.4,13.8
2026-01-19,123410,8240.0,49.53,-1.1,-4.5,5.3
2026-01-20,123410,8400.0,49.5,21.0,0.7,-21.7
2026-01-21,123410,9120.0,50.38,-1.8,-2.6,5.2
2026-01-22,123410,8300.0,50.34,-39.6,0.4,37.7
2026-01-23,123410,8330.0,48.69,4.6,0.1,-4.6
2026-01-26,123410,8210.0,48.88,2.7,-3.0,0.7
2026-01-27,123410,8090.0,49.0,9.1,-2.3,-7.1
2026-01-28,123410,7880.0,49.41,-3.0,-5.3,6.8
2026-01-29,123410,8030.0,49.28,2.3,-6.7,4.4
2026-01-30,123410,7840.0,49.38,0.1,5.1,-5.2
2026-02-02,123410,7530.0,49.38,5.5,-1.8,-3.8
2026-02-03,123410,7670.0,49.62,-0.1,0.0,-0.9
2026-02-04,123410,7730.0,49.62,0.4,0.2,-0.5
2026-02-05,123410,7820.0,49.66,-0.5,2.7,-2.1
2026-02-06,123410,7600.0,49.62,-2.1,5.0,-3.2
2026-02-09,123410,7940.0,49.53,3.2,4.0,-7.2
2026-02-10,123410,7840.0,49.66,-2.7,0.1,2.6
2026-02-11,123410,7940.0,49.53,1.1,-0.1,-1.1
2026-02-12,123410,7940.0,49.59,0.6,0.0,-0.5
2026-02-13,123410,8260.0,49.62,1.8,11.6,-13.3
2026-02-19,123410,8740.0,49.69,23.2,-0.6,-21.8
2026-02-20,123410,9250.0,50.66,28.6,1.6,-30.0
2026-02-23,123410,8610.0,51.78,-7.4,1.2,6.2
2026-02-24,123410,8390.0,51.47,-4.8,8.1,-3.2
2026-02-25,123410,8830.0,51.25,8.1,1.8,-10.0
2026-02-26,123410,8710.0,51.59,-2.3,-0.4,2.9
2026-02-27,123410,8610.0,51.5,4.0,0.8,-4.6
2026-03-03,123410,8130.0,51.69,-3.1,6.9,-3.8
2026-03-04,123410,6850.0,51.56,-5.8,4.1,-0.6
2026-03-05,123410,7410.0,51.28,-1.3,-0.0,1.3
2026-03-06,123410,7600.0,51.19,-3.5,3.9,-0.4
2026-03-09,123410,7200.0,51.03,-6.4,5.8,0.4
2026-03-10,123410,7570.0,50.72,-2.2,1.5,0.6
2026-03-11,123410,7600.0,50.53,-5.5,-2.6,8.1
2026-03-12,123410,7600.0,50.28,-0.6,0.0,-0.2
2026-03-13,123410,7470.0,50.25,-0.6,0.9,-1.0
2026-03-16,123410,7360.0,50.22,0.2,0.4,-1.1
2026-03-17,123410,7380.0,50.22,1.9,-4.9,2.5
2026-03-18,123410,7450.0,50.31,1.4,-2.8,1.9
2026-03-19,123410,7330.0,50.38,-1.9,2.2,-1.0
2026-03-20,123410,7250.0,50.28,-2.0,-0.6,0.9
2026-03-23,123410,6960.0,50.19,-2.5,2.9,-0.8
2026-03-24,123410,7190.0,50.06,0.7,1.2,-1.9
2026-03-25,123410,7310.0,50.09,-1.6,-0.0,1.7
2026-03-26,123410,7090.0,50.0,-1.6,1.3,-0.1
2026-03-27,123410,7170.0,49.94,-0.3,0.1,0.4
2026-03-30,123410,7000.0,49.91,-1.9,1.2,0.5
2026-03-31,123410,6740.0,49.81,-2.0,-0.1,1.3
2026-04-01,123410,7000.0,49.72,-0.5,0.1,0.3
2026-04-02,123410,6580.0,49.72,-6.1,2.6,2.7
2026-04-03,123410,6730.0,49.38,-0.4,0.0,0.1
2026-04-06,123410,6900.0,49.38,-0.8,0.0,0.4
2026-04-07,123410,6810.0,49.34,-0.6,-0.2,0.4
2026-04-08,123410,7170.0,49.31,1.6,0.3,-2.1
2026-04-09,123410,6860.0,49.38,-4.0,-0.0,3.2
2026-04-10,123410,7150.0,49.16,0.6,1.5,-2.2
2026-04-13,123410,7010.0,49.19,-1.2,-0.0,1.2
2026-04-14,123410,7150.0,49.12,-0.1,-0.0,0.1
2026-04-15,123410,7150.0,49.12,-1.5,-0.6,1.9
2026-04-16,123410,7230.0,49.06,-1.4,-0.5,0.8
2026-04-17,123410,7160.0,49.0,-1.6,-0.7,2.2
2026-04-20,123410,7050.0,48.91,-0.1,-0.1,0.2
2026-04-21,123410,7040.0,48.91,0.4,-0.1,-0.6
2026-04-22,123410,7040.0,48.94,1.4,-6.0,4.1
2026-04-23,123410,7000.0,49.0,-0.7,0.6,-0.3
2026-04-24,123410,7010.0,48.97,-1.1,-0.2,0.7
2026-04-27,123410,7060.0,48.91,-0.9,-1.9,2.9
2026-04-28,123410,7090.0,48.88,-3.2,-0.0,2.8
2026-04-29,123410,7110.0,48.69,-0.7,-0.0,0.2
2026-04-30,123410,6980.0,48.66,-4.7,-0.0,4.5
2026-05-04,123410,7150.0,48.41,1.0,-0.0,-2.0
2026-05-06,123410,6990.0,48.47,-2.3,-0.0,1.6
2026-05-07,123410,6920.0,48.34,-1.1,-0.1,0.5
2026-05-08,123410,7020.0,48.28,0.1,-0.4,0.1
2026-05-11,123410,6950.0,48.28,-0.5,-0.3,0.2
2026-05-12,123410,6680.0,48.28,-0.9,-0.3,0.7
2026-05-13,123410,6810.0,48.22,3.2,-0.7,-3.2
2026-05-14,123410,6860.0,48.38,-1.0,1.0,-0.5
2026-05-15,123410,6570.0,48.34,-2.6,-0.0,2.3
2026-05-18,123410,6430.0,48.03,0.5,1.3,-2.3
2026-05-19,123410,6170.0,48.06,0.2,-1.1,0.3
2026-05-20,123410,5960.0,48.09,-0.3,-2.4,2.0
2026-05-21,123410,6670.0,48.06,8.2,-6.2,-3.1
2026-05-22,123410,7120.0,48.53,3.9,5.3,-9.1
2026-05-26,123410,7060.0,48.72,2.2,3.3,-5.8
2026-05-27,123410,6940.0,48.81,-2.3,2.9,-1.2
2026-05-28,123410,6950.0,48.69,0.1,3.4,-3.7
2026-05-29,123410,6860.0,48.72,-2.0,4.0,-2.0
2026-06-01,123410,6800.0,48.59,-2.6,5.1,-3.0
2026-06-02,123410,6500.0,48.47,1.2,-3.8,1.8
2026-06-04,123410,6540.0,48.53,-1.9,3.4,-2.1
2026-06-05,123410,6290.0,48.41,1.9,-3.6,0.1
2026-06-08,123410,5810.0,48.53,-3.3,-1.3,2.9
2026-06-09,123410,6160.0,48.31,2.5,-1.7,-1.4
2026-06-10,123410,6040.0,48.47,-2.8,1.3,0.9
2026-06-11,123410,6060.0,48.28,-2.7,1.6,0.6
2026-06-12,123410,6290.0,48.12,0.4,-0.9,-0.1
2026-06-15,123410,6380.0,48.16,1.8,-0.9,-1.2
2026-06-16,123410,6160.0,48.25,-1.0,-2.1,2.5
2026-06-17,123410,6270.0,48.19,1.0,0.6,-1.8
2026-06-18,123410,5970.0,48.25,-4.0,0.6,2.9
2026-06-19,123410,5660.0,48.0,1.8,-7.3,4.9
2026-06-22,123410,5530.0,48.12,-0.5,-0.2,-0.2
2026-06-23,123410,5100.0,48.09,-1.7,0.7,-0.2
2026-06-24,123410,5120.0,47.97,0.6,0.3,-0.9
2026-06-25,123410,5040.0,48.0,-0.1,-0.5,0.5
2026-06-26,123410,4950.0,48.0,-0.4,2.5,-2.6
2026-06-29,123410,5460.0,47.97,3.2,1.6,-4.8
2026-06-30,123410,5310.0,48.19,-1.2,1.0,-0.0
2026-07-01,123410,5420.0,48.12,-1.1,1.5,-0.4
2026-07-02,123410,5260.0,48.03,-0.8,1.2,-0.4
2026-07-03,123410,5450.0,47.97,-1.0,1.3,-0.3
2026-07-06,123410,5610.0,47.91,-3.1,1.1,1.7
2026-07-07,123410,5650.0,47.69,-1.4,1.7,-0.8
2026-07-08,123410,5400.0,47.62,-0.9,1.8,-0.9
2026-07-09,123410,5270.0,47.56,-2.2,2.1,-0.2
2026-07-10,123410,5580.0,47.41,0.3,1.3,-1.6
2026-07-13,123410,5280.0,47.41,-2.0,1.0,0.9
2026-07-14,123410,5120.0,47.28,-1.2,0.9,0.1
2026-07-15,123410,5440.0,47.19,-0.3,1.1,-0.8
2026-07-16,123410,5300.0,47.19,-0.8,1.0,-0.2
2025-07-14,123420,10270.0,1.46,3.2,0.1,-3.6
2025-07-15,123420,10490.0,4.0,-3.1,0.2,3.0
2025-07-16,123420,10930.0,3.35,11.3,0.0,-13.5
2025-07-17,123420,10600.0,4.27,-7.6,0.0,7.6
2025-07-18,123420,10380.0,3.65,-1.0,-0.0,1.5
2025-07-21,123420,10450.0,2.2,0.3,0.0,-0.3
2025-07-22,123420,10460.0,2.22,0.6,0.0,-0.6
2025-07-23,123420,10720.0,2.27,-4.7,0.0,4.9
2025-07-24,123420,10300.0,1.96,-1.5,0.1,1.5
2025-07-25,123420,11130.0,1.82,24.0,0.0,-23.9
2025-07-28,123420,10750.0,3.71,-9.0,-0.0,9.0
2025-07-29,123420,10360.0,3.0,-8.0,-0.0,8.4
2025-07-30,123420,10210.0,2.34,-3.9,0.0,3.8
2025-07-31,123420,10500.0,2.01,1.2,0.1,-0.0
2025-08-01,123420,9880.0,2.12,-3.2,-0.1,3.3
2025-08-04,123420,10490.0,1.85,15.8,0.1,-15.6
2025-08-05,123420,10460.0,3.17,-0.2,0.1,0.2
2025-08-06,123420,10430.0,3.15,0.1,-0.0,-0.0
2025-08-07,123420,10830.0,3.16,5.6,-4.3,-1.2
2025-08-08,123420,10630.0,3.62,-1.0,-0.2,1.2
2025-08-11,123420,10770.0,3.54,0.7,-0.0,-0.7
2025-08-12,123420,10640.0,3.6,-0.0,0.0,0.0
2025-08-13,123420,10520.0,3.6,3.7,-0.0,-3.8
2025-08-14,123420,10510.0,3.91,1.0,0.0,-1.0
2025-08-18,123420,10640.0,3.99,5.6,-0.0,-5.6
2025-08-19,123420,10580.0,4.46,-0.0,0.0,0.1
2025-08-20,123420,10330.0,4.46,1.0,-0.0,-0.9
2025-08-21,123420,10350.0,4.54,0.5,0.0,-0.5
2025-08-22,123420,10460.0,4.59,0.7,-0.0,-0.7
2025-08-25,123420,10540.0,4.65,1.8,0.0,-1.8
2025-08-26,123420,10260.0,4.8,-0.4,0.0,0.4
2025-08-27,123420,10250.0,4.77,-1.4,0.0,1.4
2025-08-28,123420,10150.0,4.65,-0.5,0.0,0.5
2025-08-29,123420,9910.0,4.61,2.4,0.0,-2.5
2025-09-01,123420,9930.0,4.82,1.5,0.0,-1.4
2025-09-02,123420,9770.0,4.95,0.5,0.0,-0.5
2025-09-03,123420,9800.0,5.0,3.0,-0.0,-3.0
2025-09-04,123420,9980.0,5.27,1.0,0.0,-1.0
2025-09-05,123420,9980.0,4.62,-0.6,0.0,0.6
2025-09-08,123420,9920.0,4.57,-0.1,0.0,0.1
2025-09-09,123420,9910.0,4.56,0.2,0.0,-0.2
2025-09-10,123420,9950.0,4.46,0.8,0.0,-0.9
2025-09-11,123420,9870.0,4.53,0.9,0.0,-0.8
2025-09-12,123420,9980.0,4.61,0.7,0.0,-0.7
2025-09-15,123420,9980.0,4.67,-0.6,0.0,0.6
2025-09-16,123420,10040.0,4.62,-1.0,2.1,-1.0
2025-09-17,123420,9960.0,4.53,-1.2,-0.0,1.2
2025-09-18,123420,10300.0,4.43,4.1,-1.3,-2.8
2025-09-19,123420,10430.0,4.77,-4.0,-0.0,4.0
2025-09-22,123420,10120.0,4.5,0.3,-0.0,-0.3
2025-09-23,123420,9680.0,4.53,-1.6,0.0,1.6
2025-09-24,123420,9460.0,4.39,-0.2,0.0,0.2
2025-09-25,123420,9500.0,4.07,0.4,0.0,-0.0
2025-09-26,123420,9120.0,4.13,1.5,0.0,-1.5
2025-09-29,123420,9340.0,4.28,0.5,0.0,-0.5
2025-09-30,123420,9230.0,4.32,0.3,0.0,-0.3
2025-10-01,123420,9100.0,4.35,-0.4,-0.0,0.4
2025-10-02,123420,9120.0,4.31,0.7,-0.0,-0.7
2025-10-10,123420,9160.0,4.38,0.5,0.0,-0.5
2025-10-13,123420,8990.0,4.43,0.1,0.0,-0.1
2025-10-14,123420,8850.0,4.44,1.0,-0.0,-0.9
2025-10-15,123420,9390.0,4.53,1.1,-0.0,-1.1
2025-10-16,123420,9390.0,4.64,-0.9,0.0,0.9
2025-10-17,123420,9200.0,4.55,-0.6,0.0,0.6
2025-10-20,123420,9160.0,4.5,1.2,0.0,-1.0
2025-10-21,123420,9030.0,4.62,0.8,0.0,-0.2
2025-10-22,123420,9430.0,4.69,-2.0,0.0,1.6
2025-10-23,123420,9250.0,4.52,0.0,-0.0,0.1
2025-10-24,123420,9330.0,4.52,-0.2,0.0,0.4
2025-10-27,123420,9260.0,4.51,-0.0,0.0,0.0
2025-10-28,123420,9240.0,4.5,0.5,0.1,-0.7
2025-10-29,123420,9000.0,4.55,-1.6,0.1,1.3
2025-10-30,123420,8520.0,4.39,-0.3,0.0,0.3
2025-10-31,123420,8590.0,4.37,0.7,0.0,-0.7
2025-11-03,123420,8620.0,4.43,0.6,0.1,-0.7
2025-11-04,123420,8600.0,4.49,0.6,0.0,-0.6
2025-11-05,123420,8490.0,4.55,-0.2,0.0,0.2
2025-11-06,123420,8390.0,4.52,0.2,0.0,-0.3
2025-11-07,123420,8310.0,4.54,0.4,-0.0,-0.4
2025-11-10,123420,8780.0,4.59,-0.5,-0.0,0.3
2025-11-11,123420,8640.0,4.44,1.7,0.0,-1.6
2025-11-12,123420,9170.0,4.61,2.6,-0.0,-2.8
2025-11-13,123420,9070.0,5.28,-0.4,-0.0,0.7
2025-11-14,123420,8820.0,5.24,-0.5,-0.0,0.5
2025-11-17,123420,8610.0,5.19,-0.2,0.0,0.2
2025-11-18,123420,8200.0,5.17,-0.0,0.0,-0.0
2025-11-19,123420,8060.0,5.17,0.4,0.0,-0.4
2025-11-20,123420,8180.0,5.22,0.1,0.0,-0.4
2025-11-21,123420,8060.0,5.23,0.6,0.0,-0.4
2025-11-24,123420,7970.0,5.3,0.7,0.0,-0.7
2025-11-25,123420,8000.0,5.38,0.1,-0.0,-0.1
2025-11-26,123420,8180.0,5.39,0.1,-0.0,-0.1
2025-11-27,123420,8110.0,5.41,-0.3,-0.0,0.3
2025-11-28,123420,8370.0,5.37,0.4,-0.0,-0.4
2025-12-01,123420,8550.0,5.42,-0.6,-0.0,0.2
2025-12-02,123420,8590.0,5.37,0.3,-0.0,-0.2
2025-12-03,123420,8580.0,5.41,-0.1,0.0,0.0
2025-12-04,123420,8530.0,5.4,0.2,0.0,-0.2
2025-12-05,123420,8490.0,5.43,0.6,-0.0,-0.6
2025-12-08,123420,8430.0,5.49,0.3,0.0,-0.3
2025-12-09,123420,8380.0,5.52,0.1,0.0,-0.1
2025-12-10,123420,8260.0,5.54,0.2,0.0,-0.2
2025-12-11,123420,8250.0,5.56,0.1,0.0,-0.1
2025-12-12,123420,8190.0,5.57,0.8,0.0,-0.8
2025-12-15,123420,8100.0,5.66,0.1,-0.0,-0.1
2025-12-16,123420,7660.0,5.68,1.1,-1.7,0.5
2025-12-17,123420,7700.0,5.95,0.5,-0.0,-0.5
2025-12-18,123420,7680.0,6.02,0.2,0.0,-0.2
2025-12-19,123420,7880.0,6.05,0.5,0.0,-0.5
2025-12-22,123420,7830.0,6.11,0.4,0.0,-0.4
2025-12-23,123420,7680.0,6.16,0.1,0.0,-0.1
2025-12-24,123420,7610.0,6.17,-0.2,0.0,0.2
2025-12-26,123420,7510.0,6.16,0.1,0.0,0.3
2025-12-29,123420,7650.0,6.18,0.4,-0.0,-0.4
2025-12-30,123420,7580.0,6.23,-0.1,-0.0,0.1
2026-01-02,123420,7890.0,6.22,0.6,0.0,-0.4
2026-01-05,123420,7870.0,6.3,-0.0,0.0,0.0
2026-01-06,123420,7870.0,6.3,0.1,0.0,-0.1
2026-01-07,123420,7720.0,6.31,-1.1,0.0,1.2
2026-01-08,123420,7580.0,6.17,-0.6,-0.5,1.1
2026-01-09,123420,7740.0,6.1,-0.2,,0.1
2026-01-12,123420,7880.0,6.08,0.5,-0.0,-0.4
2026-01-13,123420,8010.0,6.17,0.2,-0.0,-0.2
2026-01-14,123420,7950.0,6.19,-0.0,-0.0,0.0
2026-01-15,123420,7710.0,6.19,-0.7,0.0,0.7
2026-01-16,123420,7730.0,6.11,-0.4,0.0,0.4
2026-01-19,123420,7690.0,6.06,0.3,0.0,-0.3
2026-01-20,123420,7740.0,6.09,0.9,-0.0,-0.9
2026-01-21,123420,7530.0,6.2,-0.7,0.0,0.7
2026-01-22,123420,7510.0,6.11,0.9,-0.2,-0.7
2026-01-23,123420,7820.0,6.22,0.3,0.0,-0.3
2026-01-26,123420,8350.0,6.27,0.5,0.0,-0.5
2026-01-27,123420,8600.0,6.31,-2.0,0.0,1.8
2026-01-28,123420,8660.0,6.08,-3.4,-0.0,3.4
2026-01-29,123420,8690.0,5.72,1.8,0.0,-1.8
2026-01-30,123420,8360.0,5.92,0.7,0.0,-0.6
2026-02-02,123420,8000.0,6.0,-0.3,,0.3
2026-02-03,123420,7790.0,5.96,-2.5,-0.0,2.5
2026-02-04,123420,7860.0,5.66,0.2,0.0,-0.2
2026-02-05,123420,7880.0,5.68,-0.3,,0.3
2026-02-06,123420,7880.0,5.64,-1.5,-0.0,1.5
2026-02-09,123420,8200.0,5.46,0.4,-0.0,-0.4
2026-02-10,123420,8150.0,5.5,0.3,0.0,-0.3
2026-02-11,123420,8170.0,5.54,0.0,-0.0,-0.0
2026-02-12,123420,8080.0,5.54,-0.2,,0.2
2026-02-13,123420,8010.0,5.52,0.1,0.0,-0.1
2026-02-19,123420,8160.0,5.53,0.6,0.0,-0.6
2026-02-20,123420,8090.0,5.6,0.7,0.0,-0.6
2026-02-23,123420,8070.0,5.67,0.6,0.0,-0.7
2026-02-24,123420,7990.0,5.62,-0.8,-0.0,0.7
2026-02-25,123420,7870.0,5.53,0.2,0.0,-0.2
2026-02-26,123420,7690.0,5.55,-0.8,-0.0,0.7
2026-02-27,123420,7550.0,5.45,-1.0,,1.1
2026-03-03,123420,7230.0,5.32,0.6,0.0,-0.5
2026-03-04,123420,6260.0,5.4,0.5,0.0,-0.6
2026-03-05,123420,6830.0,5.47,0.0,-0.0,-0.0
2026-03-06,123420,6930.0,5.47,-1.0,0.0,1.0
2026-03-09,123420,6600.0,5.34,-1.7,0.0,1.8
2026-03-10,123420,6600.0,5.09,-1.1,0.0,1.1
2026-03-11,123420,6550.0,4.93,-1.2,0.0,1.1
2026-03-12,123420,6720.0,4.77,-0.2,0.0,0.2
2026-03-13,123420,6840.0,4.74,0.1,,-0.1
2026-03-16,123420,6840.0,4.75,-0.6,,0.6
2026-03-17,123420,6960.0,4.67,0.0,0.0,-0.0
2026-03-18,123420,6870.0,4.67,-0.6,0.0,0.6
2026-03-19,123420,6720.0,4.58,-0.3,0.0,0.3
2026-03-20,123420,6750.0,4.53,2.9,0.0,-3.0
2026-03-23,123420,6570.0,4.93,0.2,0.0,-0.2
2026-03-24,123420,6670.0,4.96,0.4,0.0,-0.4
2026-03-25,123420,6940.0,5.02,0.3,-0.0,-0.3
2026-03-26,123420,6750.0,5.06,-0.8,0.0,0.8
2026-03-27,123420,6920.0,4.94,0.2,,-0.2
2026-03-30,123420,6900.0,4.97,0.1,0.0,-0.1
2026-03-31,123420,6810.0,4.98,-0.1,0.0,0.1
2026-04-01,123420,7000.0,4.97,0.5,0.0,-0.5
2026-04-02,123420,6830.0,5.05,-0.6,,0.6
2026-04-03,123420,6840.0,4.96,0.1,,-0.1
2026-04-06,123420,6790.0,4.97,0.1,-0.0,-0.1
2026-04-07,123420,6670.0,4.99,0.3,-0.0,-0.3
2026-04-08,123420,6930.0,5.03,0.8,0.0,-0.8
2026-04-09,123420,6840.0,5.13,0.2,0.0,-0.2
2026-04-10,123420,7100.0,5.17,0.7,0.0,-0.7
2026-04-13,123420,7170.0,5.26,0.0,0.0,-0.0
2026-04-14,123420,7450.0,5.27,0.6,0.0,-0.6
2026-04-15,123420,7540.0,5.34,0.3,0.0,-0.3
2026-04-16,123420,7770.0,5.38,1.0,-0.0,-1.1
2026-04-17,123420,7760.0,5.51,-0.4,-0.0,0.4
2026-04-20,123420,8670.0,5.46,-11.9,0.0,12.0
2026-04-21,123420,7870.0,4.21,-1.2,0.0,1.2
2026-04-22,123420,7930.0,3.92,0.4,0.0,-0.3
2026-04-23,123420,7830.0,3.96,0.4,0.0,-0.4
2026-04-24,123420,7940.0,4.01,0.2,0.0,-0.2
2026-04-27,123420,7800.0,4.04,0.3,0.0,-0.4
2026-04-28,123420,7890.0,4.08,1.1,0.0,-1.0
2026-04-29,123420,8010.0,4.21,0.4,-0.0,-0.4
2026-04-30,123420,8000.0,4.27,-1.1,-0.0,1.1
2026-05-04,123420,7900.0,4.14,-0.7,0.0,0.7
2026-05-06,123420,7700.0,4.06,0.1,-0.0,-0.1
2026-05-07,123420,7420.0,4.07,-0.2,0.0,0.2
2026-05-08,123420,7430.0,4.04,0.1,,-0.1
2026-05-11,123420,7240.0,4.06,0.1,0.0,-0.1
2026-05-12,123420,7330.0,4.08,-0.5,0.0,0.5
2026-05-13,123420,7280.0,4.02,-2.7,0.0,2.7
2026-05-14,123420,7420.0,3.67,-0.4,-0.0,0.4
2026-05-15,123420,7330.0,3.62,-0.6,-0.0,0.6
2026-05-18,123420,6990.0,3.55,-0.3,-0.0,0.3
2026-05-19,123420,7030.0,3.51,0.3,-0.0,-0.3
2026-05-20,123420,6940.0,3.55,-0.3,0.0,0.4
2026-05-21,123420,6910.0,3.51,-0.9,0.0,0.9
2026-05-22,123420,7140.0,3.39,0.5,-0.0,-0.6
2026-05-26,123420,6890.0,3.46,-0.7,0.0,0.8
2026-05-27,123420,6780.0,3.37,0.7,-0.0,-0.7
2026-05-28,123420,6800.0,3.46,-0.0,-0.0,-0.0
2026-05-29,123420,6680.0,3.46,-0.2,0.0,0.1
2026-06-01,123420,6540.0,3.44,0.3,-0.0,-0.3
2026-06-02,123420,6530.0,3.48,0.2,-0.0,-0.2
2026-06-04,123420,6440.0,3.51,-0.2,-0.0,0.2
2026-06-05,123420,6280.0,3.48,0.1,-0.0,-0.1
2026-06-08,123420,5860.0,3.54,0.5,0.0,-0.5
2026-06-09,123420,6080.0,3.63,0.7,-0.0,-0.7
2026-06-10,123420,5960.0,3.74,-0.0,-0.0,-0.1
2026-06-11,123420,6090.0,3.74,0.4,-0.0,-0.4
2026-06-12,123420,6300.0,3.81,0.5,0.0,-0.5
2026-06-15,123420,6310.0,3.89,-0.4,-0.0,0.4
2026-06-16,123420,6340.0,3.75,-0.6,-0.0,0.7
2026-06-17,123420,6400.0,3.73,0.0,0.0,-0.0
2026-06-18,123420,6240.0,3.73,-0.0,0.0,0.1
2026-06-19,123420,6030.0,3.72,-0.1,0.0,0.0
2026-06-22,123420,6030.0,3.71,0.2,-0.0,-0.2
2026-06-23,123420,5620.0,3.74,-0.3,-0.0,0.3
2026-06-24,123420,5600.0,3.79,-0.1,-0.0,0.1
2026-06-25,123420,5700.0,3.68,0.1,-0.0,-0.1
2026-06-26,123420,5360.0,3.7,-0.0,0.0,0.0
2026-06-29,123420,5850.0,3.69,0.5,-0.0,-0.5
2026-06-30,123420,6040.0,3.78,-0.1,-0.0,0.1
2026-07-01,123420,7850.0,3.76,-0.0,0.0,-0.1
2026-07-02,123420,6810.0,3.76,-6.9,-0.0,6.9
2026-07-03,123420,6310.0,2.98,1.8,-0.0,-1.9
2026-07-06,123420,6260.0,3.25,-2.0,-0.0,2.1
2026-07-07,123420,6230.0,3.41,-0.0,0.0,0.0
2026-07-08,123420,6020.0,3.21,-0.2,0.0,0.2
2026-07-09,123420,6050.0,3.17,-0.7,-0.0,0.7
2026-07-10,123420,6420.0,3.1,1.6,0.0,-1.6
2026-07-13,123420,6210.0,3.38,0.1,-0.0,-0.0
2026-07-14,123420,6050.0,3.42,0.4,0.0,-0.4
2026-07-15,123420,6140.0,3.46,0.4,-0.0,-0.4
2026-07-16,123420,6050.0,3.52,0.0,-0.0,-0.0
2025-07-14,123570,2475.0,27.22,0.0,,-0.0
2025-07-15,123570,2480.0,27.22,-0.0,,0.0
2025-07-16,123570,2470.0,27.2,-0.1,,0.1
2025-07-17,123570,2450.0,27.2,0.1,,-0.1
2025-07-18,123570,2430.0,27.23,-0.1,,0.1
2025-07-21,123570,2465.0,27.2,0.0,,-0.0
2025-07-22,123570,2450.0,27.2,-0.1,,0.1
2025-07-23,123570,2435.0,27.19,-0.1,,0.1
2025-07-24,123570,2400.0,27.17,-0.1,,0.0
2025-07-25,123570,2375.0,27.16,-0.1,,0.1
2025-07-28,123570,2365.0,27.14,-0.0,,0.0
2025-07-29,123570,2410.0,27.12,-0.0,,0.1
2025-07-30,123570,2390.0,27.12,-0.0,,0.0
2025-07-31,123570,2350.0,27.12,-0.0,,0.0
2025-08-01,123570,2275.0,27.12,-0.1,,0.1
2025-08-04,123570,2315.0,27.09,-0.0,,0.0
2025-08-05,123570,2375.0,27.09,0.1,,-0.0
2025-08-06,123570,2395.0,27.11,0.0,,-0.0
2025-08-07,123570,2385.0,27.12,-0.0,,0.0
2025-08-08,123570,2400.0,27.11,-0.0,,0.0
2025-08-11,123570,2385.0,27.11,-0.0,,0.0
2025-08-12,123570,2370.0,27.09,-0.0,,-0.0
2025-08-13,123570,2385.0,27.09,-0.0,,0.1
2025-08-14,123570,2395.0,27.09,0.1,,-0.1
2025-08-18,123570,2345.0,27.09,-0.0,,0.0
2025-08-19,123570,2290.0,27.09,-0.0,,0.0
2025-08-20,123570,2280.0,27.09,-0.0,,0.0
2025-08-21,123570,2290.0,27.08,-0.0,,0.0
2025-08-22,123570,2290.0,27.08,-0.0,,0.0
2025-08-25,123570,2290.0,27.08,0.0,,-0.0
2025-08-26,123570,2240.0,27.08,-0.1,,0.0
2025-08-27,123570,2260.0,27.06,-0.0,,0.0
2025-08-28,123570,2245.0,27.06,-0.1,,0.1
2025-08-29,123570,2270.0,27.06,0.0,,-0.0
2025-09-01,123570,2270.0,27.06,-0.0,,0.0
2025-09-02,123570,2270.0,27.06,-0.0,,0.0
2025-09-03,123570,2290.0,27.05,-0.1,,0.1
2025-09-04,123570,2250.0,27.05,0.0,,-0.0
2025-09-05,123570,2255.0,27.05,-0.0,,0.0
2025-09-08,123570,2280.0,27.05,-0.0,,0.0
2025-09-09,123570,2280.0,27.05,-0.0,,0.0
2025-09-10,123570,2290.0,27.03,-0.0,,0.0
2025-09-11,123570,2300.0,27.03,-0.0,,0.0
2025-09-12,123570,2300.0,27.03,-0.0,,0.0
2025-09-15,123570,2290.0,27.03,-0.1,,0.1
2025-09-16,123570,2300.0,27.02,-0.1,,0.1
2025-09-17,123570,2325.0,27.02,0.3,,-0.3
2025-09-18,123570,2340.0,27.06,-0.0,,0.0
2025-09-19,123570,2330.0,27.06,0.2,,-0.2
2025-09-22,123570,2335.0,27.09,-0.0,,0.0
2025-09-23,123570,2305.0,27.09,-0.1,,0.1
2025-09-24,123570,2280.0,27.08,-0.1,,0.1
2025-09-25,123570,2240.0,27.06,-0.0,,0.0
2025-09-26,123570,2230.0,27.05,-0.1,,0.1
2025-09-29,123570,2235.0,27.05,-0.1,,0.1
2025-09-30,123570,2220.0,27.03,-0.1,,0.1
2025-10-01,123570,2185.0,27.02,-0.0,,0.0
2025-10-02,123570,2165.0,27.0,-0.1,,0.1
2025-10-10,123570,2145.0,26.98,-0.0,,0.0
2025-10-13,123570,2155.0,26.98,0.0,,-0.0
2025-10-14,123570,2135.0,26.98,-0.1,,0.0
2025-10-15,123570,2130.0,26.98,-0.1,,0.1
2025-10-16,123570,2135.0,26.97,-0.1,,0.1
2025-10-17,123570,2100.0,26.95,-0.2,,0.2
2025-10-20,123570,2085.0,26.91,-0.0,,0.1
2025-10-21,123570,2070.0,26.91,0.0,,-0.1
2025-10-22,123570,2085.0,26.91,0.0,,-0.0
2025-10-23,123570,2070.0,26.91,0.1,,-0.1
2025-10-24,123570,2070.0,26.94,-0.0,,0.0
2025-10-27,123570,2075.0,26.94,-0.1,,0.1
2025-10-28,123570,2070.0,26.91,-0.1,,0.1
2025-10-29,123570,2035.0,26.91,-0.0,,0.0
2025-10-30,123570,2020.0,26.89,-0.2,,0.2
2025-10-31,123570,1997.0,26.84,-0.0,,0.0
2025-11-03,123570,2045.0,26.83,-0.0,,0.0
2025-11-04,123570,2040.0,26.81,0.2,,-0.2
2025-11-05,123570,1984.0,26.88,0.0,,-0.1
2025-11-06,123570,1997.0,26.88,0.0,,-0.0
2025-11-07,123570,1998.0,26.88,-0.0,,0.0
2025-11-10,123570,2000.0,26.88,0.1,-0.1,-0.0
2025-11-11,123570,2015.0,26.91,-0.0,,0.0
2025-11-12,123570,2015.0,26.91,0.0,,-0.0
2025-11-13,123570,2030.0,26.91,0.0,,-0.0
2025-11-14,123570,1980.0,26.91,-0.0,,-0.0
2025-11-17,123570,1980.0,26.91,-0.0,,0.0
2025-11-18,123570,1950.0,26.89,-0.0,,0.0
2025-11-19,123570,1955.0,26.94,-0.0,,-0.0
2025-11-20,123570,1979.0,26.98,0.0,,0.0
2025-11-21,123570,1980.0,26.98,0.0,,-0.0
2025-11-24,123570,1944.0,26.98,0.0,,-0.0
2025-11-25,123570,1940.0,26.98,0.0,,-0.0
2025-11-26,123570,1937.0,26.98,-0.0,,0.0
2025-11-27,123570,1944.0,26.98,-0.0,,-0.0
2025-11-28,123570,1944.0,26.98,-0.0,,-0.0
2025-12-01,123570,1941.0,26.98,0.0,,0.0
2025-12-02,123570,1946.0,26.98,-0.3,,0.3
2025-12-03,123570,1951.0,26.91,-0.0,,0.0
2025-12-04,123570,1939.0,26.91,-0.0,,0.0
2025-12-05,123570,1960.0,26.91,0.0,,-0.0
2025-12-08,123570,1962.0,26.91,0.0,,0.0
2025-12-09,123570,1975.0,26.91,0.0,,-0.0
2025-12-10,123570,2045.0,26.91,-0.1,,0.1
2025-12-11,123570,2030.0,26.89,0.0,,-0.0
2025-12-12,123570,2030.0,26.89,-0.0,,0.0
2025-12-15,123570,1997.0,26.89,-0.0,,0.1
2025-12-16,123570,1998.0,26.88,-0.0,,0.0
2025-12-17,123570,1990.0,27.09,0.0,,-0.0
2025-12-18,123570,1978.0,27.09,0.0,,0.0
2025-12-19,123570,1987.0,27.09,0.0,,0.1
2025-12-22,123570,1994.0,27.11,-0.0,,0.1
2025-12-23,123570,1994.0,27.11,-0.0,,0.0
2025-12-24,123570,1985.0,27.09,-0.0,,0.1
2025-12-26,123570,1989.0,27.09,-0.0,,-0.0
2025-12-29,123570,1975.0,26.91,0.1,,-0.0
2025-12-30,123570,1942.0,26.91,0.0,,-0.0
2026-01-02,123570,1935.0,26.92,0.0,,-0.0
2026-01-05,123570,1937.0,26.92,-0.0,,0.0
2026-01-06,123570,1920.0,26.92,-0.0,,0.0
2026-01-07,123570,1905.0,26.91,-0.0,,0.0
2026-01-08,123570,1898.0,26.91,-0.0,,-0.0
2026-01-09,123570,1881.0,26.91,0.0,,-0.0
2026-01-12,123570,1876.0,26.91,0.0,,0.0
2026-01-13,123570,1874.0,26.92,0.0,,-0.0
2026-01-14,123570,1888.0,26.92,-0.0,,-0.0
2026-01-15,123570,1924.0,26.92,0.0,,-0.0
2026-01-16,123570,1947.0,26.92,0.0,,0.0
2026-01-19,123570,1905.0,26.92,0.0,,-0.0
2026-01-20,123570,1907.0,26.92,0.0,,-0.1
2026-01-21,123570,1916.0,26.94,-0.0,,0.0
2026-01-22,123570,1908.0,26.94,-0.0,,-0.0
2026-01-23,123570,1899.0,26.94,0.0,,-0.0
2026-01-26,123570,1930.0,26.94,0.0,,-0.0
2026-01-27,123570,1938.0,26.94,0.0,,-0.0
2026-01-28,123570,1935.0,26.94,0.0,,-0.0
2026-01-29,123570,1909.0,26.94,0.0,,-0.1
2026-01-30,123570,1910.0,26.94,0.0,,-0.0
2026-02-02,123570,1870.0,26.95,-0.0,,-0.0
2026-02-03,123570,1883.0,26.95,-0.0,0.0,-0.0
2026-02-04,123570,1905.0,26.94,-0.0,0.1,-0.1
2026-02-05,123570,1905.0,26.94,-0.0,0.1,-0.1
2026-02-06,123570,1907.0,26.94,-0.2,0.0,0.2
2026-02-09,123570,1908.0,26.89,-0.0,0.1,-0.1
2026-02-10,123570,1926.0,26.89,0.0,0.4,-0.4
2026-02-11,123570,1935.0,26.89,0.0,0.2,-0.1
2026-02-12,123570,1946.0,26.89,0.0,0.0,-0.0
2026-02-13,123570,1949.0,26.89,-0.0,0.1,0.1
2026-02-19,123570,2005.0,26.89,0.0,0.1,0.0
2026-02-20,123570,2005.0,26.89,0.0,0.0,-0.1
2026-02-23,123570,2015.0,26.91,-0.0,0.3,-0.3
2026-02-24,123570,2035.0,26.89,0.0,0.2,-0.2
2026-02-25,123570,2040.0,26.89,0.0,0.1,-0.0
2026-02-26,123570,2030.0,26.89,-0.0,0.3,-0.3
2026-02-27,123570,2020.0,26.89,0.0,0.1,-0.1
2026-03-03,123570,1975.0,26.89,-0.0,0.2,-0.2
2026-03-04,123570,1819.0,26.89,-0.0,0.4,-0.5
2026-03-05,123570,1896.0,26.89,-0.0,0.1,-0.1
2026-03-06,123570,1926.0,26.89,0.0,0.1,-0.1
2026-03-09,123570,1904.0,26.89,-0.0,0.2,-0.2
2026-03-10,123570,1932.0,26.89,-0.0,0.1,-0.1
2026-03-11,123570,1956.0,26.89,0.0,,-0.0
2026-03-12,123570,1960.0,26.91,0.0,0.0,0.0
2026-03-13,123570,1972.0,26.89,0.2,-0.1,-0.1
2026-03-16,123570,1979.0,26.94,-0.0,0.1,-0.1
2026-03-17,123570,1990.0,26.94,-0.0,,0.0
2026-03-18,123570,1965.0,26.94,0.0,,-0.0
2026-03-19,123570,1975.0,26.94,0.0,,-0.0
2026-03-20,123570,1990.0,26.94,-0.0,,0.0
2026-03-23,123570,1999.0,26.94,-0.0,0.1,-0.1
2026-03-24,123570,1967.0,26.94,0.0,0.1,-0.1
2026-03-25,123570,1952.0,26.95,0.0,0.1,-0.1
2026-03-26,123570,1963.0,26.95,-0.0,0.0,0.0
2026-03-27,123570,1965.0,26.94,-0.0,0.0,0.0
2026-03-30,123570,1945.0,26.94,0.1,,-0.1
2026-03-31,123570,1940.0,26.95,-0.0,,0.0
2026-04-01,123570,1927.0,26.95,0.0,,-0.0
2026-04-02,123570,1855.0,26.95,-0.0,0.0,-0.0
2026-04-03,123570,1873.0,26.95,0.1,0.0,-0.1
2026-04-06,123570,1883.0,26.97,-0.1,,0.1
2026-04-07,123570,1868.0,26.95,0.0,,0.0
2026-04-08,123570,1881.0,26.95,-0.0,,0.0
2026-04-09,123570,1884.0,26.95,-0.0,0.1,-0.1
2026-04-10,123570,1892.0,26.95,0.0,,-0.0
2026-04-13,123570,1917.0,26.95,0.0,,-0.0
2026-04-14,123570,1917.0,26.95,0.0,,-0.0
2026-04-15,123570,1959.0,26.97,0.1,,-0.1
2026-04-16,123570,2000.0,26.98,0.2,0.3,-0.5
2026-04-17,123570,2025.0,27.03,0.1,,-0.1
2026-04-20,123570,2005.0,27.05,-0.0,,0.0
2026-04-21,123570,2040.0,27.05,-0.0,,0.0
2026-04-22,123570,2035.0,27.05,0.0,,-0.0
2026-04-23,123570,2045.0,27.05,-0.0,0.4,-0.4
2026-04-24,123570,2020.0,27.05,0.0,0.0,-0.0
2026-04-27,123570,2030.0,27.05,0.0,0.1,-0.1
2026-04-28,123570,2045.0,27.05,-0.0,,0.0
2026-04-29,123570,2015.0,27.05,0.0,0.0,-0.0
2026-04-30,123570,2020.0,27.05,0.0,0.0,-0.0
2026-05-04,123570,2005.0,27.05,0.0,,-0.0
2026-05-06,123570,2015.0,27.05,0.0,,-0.0
2026-05-07,123570,2015.0,27.06,0.0,,-0.0
2026-05-08,123570,1980.0,27.06,0.0,,-0.0
2026-05-11,123570,1958.0,27.06,-0.0,0.0,0.0
2026-05-12,123570,1948.0,27.06,0.0,0.0,-0.0
2026-05-13,123570,1945.0,27.06,0.0,-0.0,-0.0
2026-05-14,123570,1943.0,27.06,-0.0,,0.0
2026-05-15,123570,1846.0,27.06,0.0,1.1,-1.2
2026-05-18,123570,1877.0,27.06,-0.0,0.0,-0.0
2026-05-19,123570,1875.0,27.05,-0.1,0.3,-0.3
2026-05-20,123570,1858.0,27.05,0.0,0.0,-0.0
2026-05-21,123570,1862.0,27.08,0.0,-0.0,0.0
2026-05-22,123570,1904.0,27.09,0.0,0.0,-0.0
2026-05-26,123570,1899.0,27.09,-0.0,-0.0,0.0
2026-05-27,123570,1827.0,27.09,-0.1,0.6,-0.4
2026-05-28,123570,1815.0,27.05,-0.0,0.0,0.0
2026-05-29,123570,1753.0,27.05,0.1,0.5,-0.6
2026-06-01,123570,1699.0,27.06,-0.1,0.0,0.1
2026-06-02,123570,1697.0,27.02,0.0,0.2,-0.2
2026-06-04,123570,1691.0,27.03,-0.0,-0.0,0.0
2026-06-05,123570,1696.0,27.03,-0.1,0.0,0.1
2026-06-08,123570,1631.0,27.02,-0.1,0.1,-0.1
2026-06-09,123570,1775.0,27.0,0.0,0.0,-0.1
2026-06-10,123570,1741.0,27.02,-0.0,0.1,-0.0
2026-06-11,123570,1769.0,27.0,-0.0,0.1,-0.1
2026-06-12,123570,1771.0,26.98,0.0,0.0,-0.1
2026-06-15,123570,1849.0,27.0,-0.1,0.5,-0.4
2026-06-16,123570,1863.0,26.98,0.0,0.1,-0.1
2026-06-17,123570,1859.0,26.98,-0.0,0.0,-0.0
2026-06-18,123570,1853.0,26.98,0.0,0.0,-0.0
2026-06-19,123570,1827.0,26.98,-0.0,0.0,0.0
2026-06-22,123570,1805.0,26.98,-0.1,0.2,-0.0
2026-06-23,123570,1725.0,27.33,0.1,0.1,-0.2
2026-06-24,123570,1705.0,27.34,0.0,0.1,-0.1
2026-06-25,123570,1664.0,27.34,-0.0,0.1,-0.0
2026-06-26,123570,1649.0,27.34,-0.1,0.0,0.1
2026-06-29,123570,1724.0,27.33,0.0,0.0,-0.0
2026-06-30,123570,1751.0,27.33,-0.0,0.0,0.0
2026-07-01,123570,1790.0,27.33,-0.0,0.0,-0.0
2026-07-02,123570,1810.0,27.69,-0.2,0.5,-0.3
2026-07-03,123570,1793.0,27.64,0.0,0.1,-0.1
2026-07-06,123570,1792.0,27.64,0.0,,0.0
2026-07-07,123570,1800.0,27.7,0.0,0.0,0.0
2026-07-08,123570,1738.0,27.7,0.0,0.0,-0.0
2026-07-09,123570,1699.0,27.7,-0.0,-0.0,0.0
2026-07-10,123570,1709.0,27.7,0.0,0.0,-0.0
2026-07-13,123570,1694.0,27.7,0.0,0.0,-0.0
2026-07-14,123570,1700.0,27.7,-0.0,-0.0,0.0
2026-07-15,123570,1698.0,27.7,0.0,0.0,-0.0
2026-07-16,123570,1682.0,27.7,0.0,0.0,-0.1
2025-07-14,123690,10980.0,1.4,-13.6,-1.1,12.4
2025-07-15,123690,10400.0,0.72,7.2,0.2,-8.2
2025-07-16,123690,11330.0,1.22,-1.9,-1.0,0.2
2025-07-17,123690,11660.0,1.27,-4.7,0.0,4.5
2025-07-18,123690,11280.0,1.05,0.0,0.9,-0.9
2025-07-21,123690,10860.0,1.1,-0.7,-0.0,0.8
2025-07-22,123690,11050.0,1.12,-7.4,0.0,6.8
2025-07-23,123690,11100.0,0.65,-1.4,-0.0,1.3
2025-07-24,123690,10950.0,0.6,0.1,0.0,-0.3
2025-07-25,123690,10650.0,0.68,4.6,0.0,-4.6
2025-07-28,123690,10290.0,0.95,9.0,-0.0,-9.1
2025-07-29,123690,10340.0,1.56,-1.5,-0.0,1.4
2025-07-30,123690,10260.0,1.46,-11.1,-0.1,10.9
2025-07-31,123690,10740.0,0.73,1.5,0.0,-1.8
2025-08-01,123690,10240.0,0.84,-2.4,-0.2,1.9
2025-08-04,123690,10300.0,0.72,2.1,0.0,-1.8
2025-08-05,123690,10370.0,0.93,-0.4,-0.6,0.9
2025-08-06,123690,11400.0,0.86,2.2,-0.0,-3.8
2025-08-07,123690,11260.0,0.87,7.0,-0.0,-7.5
2025-08-08,123690,10870.0,1.34,-3.2,0.7,2.2
2025-08-11,123690,10460.0,1.17,-3.8,-0.1,3.9
2025-08-12,123690,10180.0,0.9,-2.3,0.1,2.3
2025-08-13,123690,10220.0,0.79,0.5,0.0,-0.5
2025-08-14,123690,10260.0,0.83,0.6,0.3,-0.7
2025-08-18,123690,10020.0,0.93,1.1,0.1,-1.2
2025-08-19,123690,10030.0,0.98,1.3,0.1,-1.5
2025-08-20,123690,9940.0,1.06,1.2,0.0,-1.2
2025-08-21,123690,9860.0,1.25,-0.6,0.1,0.5
2025-08-22,123690,9840.0,1.16,0.8,-0.0,-0.8
2025-08-25,123690,9920.0,1.23,1.3,-0.0,-1.3
2025-08-26,123690,9880.0,1.35,-1.7,-0.0,1.7
2025-08-27,123690,9660.0,1.21,-1.1,0.5,0.9
2025-08-28,123690,9700.0,1.11,0.4,-0.0,-0.4
2025-08-29,123690,10000.0,1.14,-1.2,-0.0,1.1
2025-09-01,123690,9650.0,1.05,-1.0,0.0,1.0
2025-09-02,123690,9330.0,0.97,2.0,-0.5,-1.5
2025-09-03,123690,9270.0,1.15,1.7,-0.0,-1.7
2025-09-04,123690,9360.0,1.28,1.6,-0.0,-1.6
2025-09-05,123690,9450.0,1.42,-1.6,-0.0,1.5
2025-09-08,123690,9650.0,1.25,0.2,-0.0,-0.2
2025-09-09,123690,9960.0,1.23,1.0,-0.0,-1.2
2025-09-10,123690,9970.0,1.34,0.0,-0.0,-0.0
2025-09-11,123690,9900.0,1.34,1.6,0.0,-1.8
2025-09-12,123690,10130.0,1.49,0.1,0.0,-0.1
2025-09-15,123690,9980.0,1.56,-0.3,-0.0,0.3
2025-09-16,123690,9900.0,1.52,-1.8,-0.0,1.8
2025-09-17,123690,10150.0,1.35,-1.7,-0.0,1.7
2025-09-18,123690,10770.0,1.22,-7.0,-0.2,7.2
2025-09-19,123690,11050.0,0.82,3.5,-0.0,-3.5
2025-09-22,123690,11010.0,1.07,1.9,-0.0,-1.8
2025-09-23,123690,10570.0,1.16,-1.5,-0.0,1.5
2025-09-24,123690,10920.0,1.05,-5.0,0.5,4.5
2025-09-25,123690,10960.0,0.8,0.9,-0.0,-0.9
2025-09-26,123690,11060.0,0.84,-0.7,0.0,0.6
2025-09-29,123690,10970.0,0.78,-0.6,-0.0,0.6
2025-09-30,123690,10800.0,0.78,-0.9,0.0,0.6
2025-10-01,123690,10530.0,0.71,-0.8,0.0,0.8
2025-10-02,123690,10430.0,0.65,0.6,-0.4,-0.2
2025-10-10,123690,10170.0,0.7,1.4,1.0,-2.4
2025-10-13,123690,10000.0,0.82,0.9,-0.2,-0.7
2025-10-14,123690,9640.0,0.83,-0.1,-0.4,0.4
2025-10-15,123690,9790.0,0.97,0.5,-0.4,-0.1
2025-10-16,123690,9750.0,1.05,0.1,-0.1,0.1
2025-10-17,123690,9680.0,1.06,-0.0,-0.0,0.1
2025-10-20,123690,9970.0,1.05,0.7,0.0,-1.3
2025-10-21,123690,9900.0,1.15,-0.5,-0.0,0.5
2025-10-22,123690,10030.0,1.13,1.7,0.0,-2.0
2025-10-23,123690,10070.0,1.23,-6.1,0.0,6.0
2025-10-24,123690,9980.0,0.64,0.5,-0.0,-0.4
2025-10-27,123690,10590.0,0.71,7.1,0.0,-7.6
2025-10-28,123690,10430.0,1.33,-1.2,0.4,1.3
2025-10-29,123690,10220.0,1.11,-2.1,-0.2,2.2
2025-10-30,123690,12750.0,0.97,11.6,-0.4,-13.5
2025-10-31,123690,12210.0,1.61,-2.5,0.6,-1.2
2025-11-03,123690,11260.0,1.48,-14.5,0.1,14.3
2025-11-04,123690,10880.0,0.68,5.2,-0.1,-5.6
2025-11-05,123690,10330.0,1.03,-0.1,-0.3,-0.1
2025-11-06,123690,10050.0,1.13,2.5,-0.1,-2.9
2025-11-07,123690,10160.0,1.27,-5.4,-1.1,6.8
2025-11-10,123690,10400.0,0.94,-1.5,-0.0,1.3
2025-11-11,123690,10430.0,0.81,-3.1,-0.1,2.9
2025-11-12,123690,10440.0,0.61,0.9,-0.0,-0.8
2025-11-13,123690,10240.0,0.83,-1.1,-0.0,0.9
2025-11-14,123690,10040.0,0.79,-0.6,0.0,0.3
2025-11-17,123690,10000.0,0.8,1.9,0.0,-2.1
2025-11-18,123690,9680.0,0.93,3.1,0.0,-3.2
2025-11-19,123690,10170.0,1.24,2.0,0.0,-2.1
2025-11-20,123690,10620.0,1.19,14.3,0.1,-14.9
2025-11-21,123690,11010.0,2.32,-16.7,0.0,16.4
2025-11-24,123690,10500.0,0.91,5.7,0.0,-5.9
2025-11-25,123690,9910.0,1.34,-3.8,-0.1,3.4
2025-11-26,123690,10120.0,1.03,4.9,-0.0,-5.3
2025-11-27,123690,10020.0,1.46,-1.1,-0.0,0.9
2025-11-28,123690,10130.0,1.24,4.9,0.0,-4.6
2025-12-01,123690,10070.0,1.71,1.1,-0.0,-1.1
2025-12-02,123690,10150.0,1.49,3.9,-0.0,-3.9
2025-12-03,123690,10060.0,1.68,0.5,-0.0,-0.5
2025-12-04,123690,10010.0,1.63,-1.3,-0.0,1.2
2025-12-05,123690,9960.0,1.5,0.2,-0.0,-0.2
2025-12-08,123690,9970.0,1.52,0.3,-0.0,-0.3
2025-12-09,123690,9930.0,1.54,-1.1,0.0,1.0
2025-12-10,123690,9900.0,1.43,-0.4,-0.0,0.4
2025-12-11,123690,9900.0,1.4,2.6,0.0,-2.4
2025-12-12,123690,9840.0,1.56,-2.0,-0.0,2.0
2025-12-15,123690,9740.0,1.44,1.1,,-1.1
2025-12-16,123690,9670.0,1.52,-0.1,0.0,0.1
2025-12-17,123690,9490.0,1.58,-0.8,0.0,0.8
2025-12-18,123690,9280.0,1.51,1.8,-0.0,-1.8
2025-12-19,123690,9310.0,1.64,1.7,-0.0,-1.7
2025-12-22,123690,9620.0,1.74,1.5,-0.0,-1.5
2025-12-23,123690,9720.0,1.87,-0.6,-0.0,0.7
2025-12-24,123690,9810.0,1.99,-0.1,-0.0,0.0
2025-12-26,123690,9550.0,1.99,-0.7,0.0,0.7
2025-12-29,123690,9800.0,1.88,3.5,0.0,-3.4
2025-12-30,123690,10040.0,2.17,3.2,0.0,-3.3
2026-01-02,123690,12200.0,2.39,0.6,-0.0,0.9
2026-01-05,123690,11700.0,2.44,-16.6,0.9,17.1
2026-01-06,123690,10420.0,1.6,-4.6,-1.0,4.9
2026-01-07,123690,11290.0,1.41,3.5,-0.1,-3.1
2026-01-08,123690,10750.0,1.67,5.6,0.1,-5.9
2026-01-09,123690,10480.0,2.05,-7.4,-0.1,7.5
2026-01-12,123690,10380.0,1.66,-2.9,-0.1,2.9
2026-01-13,123690,10150.0,1.49,5.2,-0.3,-5.0
2026-01-14,123690,10440.0,1.82,3.3,0.0,-2.1
2026-01-15,123690,10320.0,2.03,-0.2,-0.0,0.3
2026-01-16,123690,10170.0,2.04,-5.4,0.0,5.4
2026-01-19,123690,10150.0,1.59,5.2,-0.0,-5.1
2026-01-20,123690,10450.0,1.91,1.7,0.2,-1.9
2026-01-21,123690,10240.0,2.0,1.6,-0.0,-1.6
2026-01-22,123690,10510.0,2.05,13.2,-0.0,-13.1
2026-01-23,123690,10590.0,2.89,-0.1,-0.0,-0.1
2026-01-26,123690,10490.0,2.88,-3.6,0.0,3.6
2026-01-27,123690,10460.0,2.67,-3.0,-0.0,3.0
2026-01-28,123690,10460.0,2.49,-0.2,0.0,-0.1
2026-01-29,123690,10550.0,2.47,1.8,-0.0,-1.8
2026-01-30,123690,10480.0,2.59,2.4,-0.0,-2.2
2026-02-02,123690,10210.0,2.73,-1.6,0.0,1.6
2026-02-03,123690,10540.0,2.64,9.7,0.2,-9.7
2026-02-04,123690,10810.0,3.11,-0.9,-0.0,0.7
2026-02-05,123690,10370.0,3.04,-5.4,0.0,5.4
2026-02-06,123690,10080.0,2.61,2.4,-0.0,-2.4
2026-02-09,123690,10570.0,2.81,15.7,-0.0,-15.5
2026-02-10,123690,10580.0,3.73,0.1,-0.0,0.1
2026-02-11,123690,10420.0,3.73,-5.0,0.1,5.0
2026-02-12,123690,10440.0,3.44,2.1,0.0,-2.1
2026-02-13,123690,10190.0,3.56,-2.1,-0.0,2.1
2026-02-19,123690,10210.0,3.44,-0.6,-0.0,0.6
2026-02-20,123690,10000.0,3.4,-13.3,-0.0,14.1
2026-02-23,123690,9930.0,2.57,-3.5,0.0,3.3
2026-02-24,123690,9860.0,2.36,-4.0,0.0,4.0
2026-02-25,123690,9730.0,2.13,-7.4,0.0,7.4
2026-02-26,123690,9630.0,1.67,-8.2,0.0,8.1
2026-02-27,123690,9580.0,1.18,0.4,0.0,-0.4
2026-03-03,123690,9100.0,1.2,1.3,-0.0,-1.3
2026-03-04,123690,7800.0,1.29,8.8,-0.0,-8.9
2026-03-05,123690,8680.0,1.98,8.5,0.0,-8.3
2026-03-06,123690,8660.0,2.49,-1.8,0.0,1.8
2026-03-09,123690,8050.0,2.39,0.1,-0.0,-0.1
2026-03-10,123690,8530.0,2.41,2.0,-0.0,-2.0
2026-03-11,123690,8530.0,2.45,-3.3,-0.0,3.4
2026-03-12,123690,8580.0,2.32,-1.1,-0.0,1.1
2026-03-13,123690,8490.0,2.23,-0.3,0.0,0.3
2026-03-16,123690,8480.0,2.21,-0.7,-0.0,0.5
2026-03-17,123690,8550.0,2.16,3.0,-0.0,-2.8
2026-03-18,123690,8540.0,2.38,-1.9,-0.0,1.6
2026-03-19,123690,8340.0,2.24,-2.1,0.0,2.0
2026-03-20,123690,8550.0,2.08,3.0,0.0,-2.6
2026-03-23,123690,8030.0,2.3,-2.3,0.0,2.0
2026-03-24,123690,8230.0,2.12,1.5,0.0,-1.2
2026-03-25,123690,8320.0,2.23,-0.3,-0.0,0.5
2026-03-26,123690,8010.0,2.22,-0.2,0.0,0.1
2026-03-27,123690,8300.0,2.21,-0.2,0.0,0.2
2026-03-30,123690,7910.0,2.2,-0.1,-0.0,-0.3
2026-03-31,123690,7860.0,2.19,2.9,0.0,-2.6
2026-04-01,123690,8080.0,2.42,0.9,-0.0,-1.0
2026-04-02,123690,7780.0,2.5,-2.8,-0.0,2.5
2026-04-03,123690,7830.0,2.28,-0.4,-0.0,0.4
2026-04-06,123690,7860.0,2.25,-0.0,-0.0,0.1
2026-04-07,123690,7750.0,2.24,0.2,-0.2,-0.1
2026-04-08,123690,8060.0,2.26,2.5,-0.2,-2.0
2026-04-09,123690,8070.0,2.4,-1.1,0.0,1.1
2026-04-10,123690,8310.0,2.32,0.7,-0.0,-0.7
2026-04-13,123690,8120.0,2.37,-1.0,0.0,1.1
2026-04-14,123690,8280.0,2.3,0.2,-1.5,1.3
2026-04-15,123690,8390.0,2.33,0.6,-0.0,-0.6
2026-04-16,123690,8460.0,2.37,0.5,-0.0,-0.5
2026-04-17,123690,8480.0,2.4,-0.4,-0.2,0.6
2026-04-20,123690,8400.0,2.37,-0.0,-0.2,0.2
2026-04-21,123690,8360.0,2.37,-1.5,-0.0,1.7
2026-04-22,123690,8370.0,2.23,0.6,-0.0,-0.5
2026-04-23,123690,8380.0,2.27,-0.4,-0.0,0.4
2026-04-24,123690,9000.0,2.24,-21.5,-0.0,21.3
2026-04-27,123690,8940.0,0.88,-1.9,-0.0,1.9
2026-04-28,123690,9040.0,0.83,-1.1,-0.0,1.1
2026-04-29,123690,9150.0,0.74,-2.3,0.0,2.4
2026-04-30,123690,8890.0,0.58,-0.9,0.0,0.8
2026-05-04,123690,8840.0,0.54,0.8,-0.2,-0.7
2026-05-06,123690,8650.0,0.61,-0.2,-0.1,0.2
2026-05-07,123690,8550.0,0.6,-1.4,-0.0,1.4
2026-05-08,123690,8740.0,0.5,-0.8,0.0,0.5
2026-05-11,123690,8710.0,0.49,0.8,-0.0,-0.7
2026-05-12,123690,8390.0,0.55,0.2,-0.0,-0.2
2026-05-13,123690,8440.0,0.58,1.6,0.0,-1.6
2026-05-14,123690,8490.0,0.71,0.8,-0.0,-0.8
2026-05-15,123690,8360.0,0.76,0.4,0.0,-0.1
2026-05-18,123690,8010.0,0.79,-0.4,0.0,0.4
2026-05-19,123690,7920.0,0.84,0.4,-0.0,-0.4
2026-05-20,123690,7640.0,0.91,0.2,-0.0,-0.2
2026-05-21,123690,7680.0,0.94,0.2,-0.0,-0.3
2026-05-22,123690,7960.0,1.01,0.5,-0.0,-0.4
2026-05-26,123690,7910.0,1.03,-0.9,-0.0,0.9
2026-05-27,123690,7690.0,0.96,-0.5,-0.0,0.5
2026-05-28,123690,7390.0,0.92,2.0,0.0,-2.0
2026-05-29,123690,7140.0,1.1,0.6,-0.0,-0.4
2026-06-01,123690,6900.0,1.14,0.7,0.0,-0.7
2026-06-02,123690,6820.0,1.12,2.7,-0.0,-2.7
2026-06-04,123690,6800.0,1.36,1.1,0.0,-1.1
2026-06-05,123690,6670.0,1.46,-0.5,0.0,0.8
2026-06-08,123690,6360.0,1.53,0.5,0.0,-0.5
2026-06-09,123690,6670.0,1.58,1.2,-0.0,-1.2
2026-06-10,123690,6630.0,1.69,0.8,0.0,-0.8
2026-06-11,123690,6710.0,1.77,0.4,-0.2,-0.2
2026-06-12,123690,6980.0,1.81,-0.4,-0.0,0.4
2026-06-15,123690,6990.0,1.77,-0.8,-0.0,0.8
2026-06-16,123690,6980.0,1.71,-0.2,-0.0,0.2
2026-06-17,123690,6990.0,1.69,0.6,-0.4,-0.2
2026-06-18,123690,6760.0,1.75,-0.6,-0.0,0.6
2026-06-19,123690,6540.0,1.7,0.5,-0.0,-0.5
2026-06-22,123690,6340.0,1.75,0.4,-0.0,-0.4
2026-06-23,123690,5930.0,1.7,1.0,0.0,-1.1
2026-06-24,123690,6050.0,1.8,1.9,0.0,-1.9
2026-06-25,123690,6090.0,1.99,0.1,-0.0,-0.1
2026-06-26,123690,5970.0,2.0,0.3,0.0,-0.3
2026-06-29,123690,6540.0,2.03,2.3,0.0,-2.3
2026-06-30,123690,6330.0,2.31,-1.1,-0.0,1.1
2026-07-01,123690,6420.0,2.15,0.3,0.0,-0.4
2026-07-02,123690,6400.0,2.1,-0.9,0.0,0.8
2026-07-03,123690,6730.0,2.01,0.3,-0.0,-0.3
2026-07-06,123690,6530.0,2.04,-0.6,-0.0,0.6
2026-07-07,123690,6490.0,1.99,1.6,0.0,-1.6
2026-07-08,123690,6470.0,2.14,-0.0,0.0,-0.0
2026-07-09,123690,6210.0,2.15,0.5,0.0,-0.8
2026-07-10,123690,6470.0,2.2,1.8,-0.0,-1.6
2026-07-13,123690,6200.0,2.34,0.4,0.0,-0.5
2026-07-14,123690,6170.0,2.4,0.2,0.0,-0.2
2026-07-15,123690,6210.0,2.43,1.1,-0.0,-1.1
2026-07-16,123690,6270.0,2.37,0.0,0.0,-0.0
2025-07-14,123700,3715.0,5.49,0.3,-0.0,-0.3
2025-07-15,123700,3700.0,5.53,-0.6,0.0,0.6
2025-07-16,123700,3665.0,5.44,-0.3,0.0,0.3
2025-07-17,123700,3695.0,5.38,0.3,0.0,-0.3
2025-07-18,123700,3700.0,5.43,-0.5,0.0,0.5
2025-07-21,123700,3665.0,5.34,-0.0,-0.0,0.0
2025-07-22,123700,3635.0,5.34,-0.0,-0.0,0.0
2025-07-23,123700,3650.0,5.34,0.3,-0.0,-0.4
2025-07-24,123700,3615.0,5.4,-0.1,-0.0,0.2
2025-07-25,123700,3580.0,5.38,-0.1,0.0,0.1
2025-07-28,123700,3545.0,5.36,0.0,-0.0,-0.0
2025-07-29,123700,3520.0,5.36,0.3,-0.0,-0.3
2025-07-30,123700,3530.0,5.41,0.2,-0.0,-0.2
2025-07-31,123700,3560.0,5.44,0.2,0.0,-0.2
2025-08-01,123700,3445.0,5.48,-0.1,0.0,0.1
2025-08-04,123700,3490.0,5.47,0.2,0.0,-0.2
2025-08-05,123700,3520.0,5.51,0.1,-0.0,-0.1
2025-08-06,123700,3540.0,5.52,0.1,-0.0,-0.1
2025-08-07,123700,3545.0,5.54,0.4,-0.0,-0.4
2025-08-08,123700,3510.0,5.61,-0.1,0.0,0.1
2025-08-11,123700,3520.0,5.59,0.2,0.2,-0.3
2025-08-12,123700,3495.0,5.62,0.0,0.1,-0.1
2025-08-13,123700,3500.0,5.62,0.1,0.0,-0.2
2025-08-14,123700,3535.0,5.65,0.3,-0.0,-0.2
2025-08-18,123700,3460.0,5.66,0.0,0.1,-0.2
2025-08-19,123700,3405.0,5.67,-0.1,0.1,0.0
2025-08-20,123700,3445.0,5.66,0.3,0.0,-0.3
2025-08-21,123700,3430.0,5.71,0.1,0.0,-0.1
2025-08-22,123700,3450.0,5.73,-0.1,0.0,0.0
2025-08-25,123700,3435.0,5.39,0.1,0.0,-0.1
2025-08-26,123700,3425.0,5.42,-0.0,0.0,0.0
2025-08-27,123700,3415.0,5.42,-0.1,0.0,0.1
2025-08-28,123700,3415.0,5.39,-0.0,0.0,0.0
2025-08-29,123700,3390.0,5.39,-0.1,-0.0,0.1
2025-09-01,123700,3600.0,5.39,1.6,0.0,-1.7
2025-09-02,123700,3545.0,5.66,-0.2,-0.0,0.2
2025-09-03,123700,3480.0,5.64,-0.0,-0.0,0.0
2025-09-04,123700,3555.0,5.63,-0.6,-0.0,0.6
2025-09-05,123700,3505.0,5.53,-0.1,-0.0,0.1
2025-09-08,123700,3580.0,5.51,-0.0,-0.0,0.0
2025-09-09,123700,3580.0,5.5,0.5,-0.0,-0.5
2025-09-10,123700,3595.0,5.58,0.0,-0.0,0.0
2025-09-11,123700,3605.0,5.58,-0.1,0.0,0.1
2025-09-12,123700,3545.0,5.57,0.1,0.1,-0.2
2025-09-15,123700,3625.0,5.58,-1.2,-0.0,1.0
2025-09-16,123700,3610.0,5.39,0.7,-0.0,-0.6
2025-09-17,123700,3550.0,5.51,-0.1,-0.0,0.1
2025-09-18,123700,3570.0,5.49,0.2,0.0,-0.3
2025-09-19,123700,3530.0,5.54,0.5,-0.0,-0.5
2025-09-22,123700,3530.0,5.62,0.4,-0.0,-0.4
2025-09-23,123700,3535.0,5.69,0.0,0.1,-0.4
2025-09-24,123700,3545.0,5.7,0.1,0.1,-0.2
2025-09-25,123700,3575.0,5.72,0.1,0.2,-0.3
2025-09-26,123700,3535.0,5.73,-0.0,0.2,-0.1
2025-09-29,123700,3555.0,5.72,0.2,0.2,-0.4
2025-09-30,123700,3560.0,5.76,-0.0,0.0,-0.0
2025-10-01,123700,3530.0,5.76,0.4,0.2,-0.6
2025-10-02,123700,3565.0,5.82,0.2,0.1,-0.3
2025-10-10,123700,3550.0,5.85,0.1,-0.0,-0.1
2025-10-13,123700,3615.0,5.86,0.5,0.0,-0.5
2025-10-14,123700,3635.0,5.94,0.3,0.0,-0.3
2025-10-15,123700,3670.0,6.0,0.8,-0.0,-0.8
2025-10-16,123700,3760.0,6.14,0.6,-0.0,-0.6
2025-10-17,123700,3665.0,6.25,1.1,0.0,-1.3
2025-10-20,123700,3660.0,6.44,0.1,-0.0,-0.1
2025-10-21,123700,3700.0,6.45,0.1,0.0,-0.1
2025-10-22,123700,3800.0,6.46,0.1,0.0,-0.1
2025-10-23,123700,3745.0,6.49,-0.2,0.0,0.2
2025-10-24,123700,3705.0,6.44,-0.6,-0.0,0.6
2025-10-27,123700,3695.0,6.34,0.6,-0.0,-0.6
2025-10-28,123700,3645.0,6.44,-0.1,-0.0,0.1
2025-10-29,123700,3635.0,6.43,0.3,-0.0,-0.3
2025-10-30,123700,3645.0,6.49,0.3,-0.1,-0.2
2025-10-31,123700,3645.0,6.55,0.1,-0.2,0.0
2025-11-03,123700,3655.0,6.57,-0.2,-0.3,0.5
2025-11-04,123700,3605.0,6.54,-0.2,-0.0,0.2
2025-11-05,123700,3520.0,6.51,-0.4,-0.0,0.4
2025-11-06,123700,3580.0,6.43,0.7,0.0,-0.7
2025-11-07,123700,3585.0,6.51,1.2,-1.3,0.1
2025-11-10,123700,3725.0,6.72,0.3,-0.0,-0.3
2025-11-11,123700,3740.0,6.43,0.5,-0.0,-0.5
2025-11-12,123700,3785.0,6.53,0.3,-0.0,-0.3
2025-11-13,123700,3755.0,6.58,-0.2,-0.0,0.2
2025-11-14,123700,3750.0,6.54,0.0,0.0,-0.0
2025-11-17,123700,3700.0,6.55,0.3,0.0,-0.3
2025-11-18,123700,3610.0,6.59,0.1,0.0,-0.1
2025-11-19,123700,3660.0,6.61,0.5,0.0,-0.5
2025-11-20,123700,3695.0,6.69,0.4,-0.0,-0.4
2025-11-21,123700,3680.0,6.76,0.7,0.0,-0.8
2025-11-24,123700,3640.0,6.89,-0.1,0.0,0.1
2025-11-25,123700,3630.0,6.88,0.1,-0.0,-0.1
2025-11-26,123700,3640.0,6.89,-0.2,-0.0,0.2
2025-11-27,123700,3665.0,6.85,0.0,-0.0,-0.0
2025-11-28,123700,3710.0,6.85,0.2,0.0,-0.3
2025-12-01,123700,3705.0,6.9,-0.9,-0.0,0.9
2025-12-02,123700,3760.0,6.74,0.4,-0.0,-0.4
2025-12-03,123700,3760.0,6.81,0.0,-0.0,-0.0
2025-12-04,123700,3775.0,6.81,0.2,-0.0,-0.2
2025-12-05,123700,3785.0,6.84,-0.1,-0.0,0.1
2025-12-08,123700,3750.0,6.82,-0.1,-0.0,0.1
2025-12-09,123700,3740.0,6.8,0.1,0.0,-0.1
2025-12-10,123700,3725.0,6.82,-0.0,-0.0,0.1
2025-12-11,123700,3755.0,6.81,-0.0,-0.0,0.0
2025-12-12,123700,3790.0,6.81,0.2,-0.0,-0.2
2025-12-15,123700,3820.0,6.84,0.1,0.0,-0.1
2025-12-16,123700,3750.0,6.85,-0.2,-0.1,0.3
2025-12-17,123700,3765.0,7.06,-0.0,0.0,0.0
2025-12-18,123700,3770.0,6.75,-0.1,0.0,0.0
2025-12-19,123700,3820.0,6.74,0.1,0.0,-0.2
2025-12-22,123700,4000.0,6.75,0.7,-0.0,-0.7
2025-12-23,123700,3920.0,6.86,-0.1,-0.0,-0.1
2025-12-24,123700,3945.0,6.84,-0.1,-0.0,-0.4
2025-12-26,123700,3940.0,6.84,-0.0,0.0,-0.5
2025-12-29,123700,3745.0,6.6,-0.4,0.0,0.3
2025-12-30,123700,3755.0,6.52,-0.2,-0.0,0.2
2026-01-02,123700,3700.0,6.49,-0.2,0.0,0.2
2026-01-05,123700,3720.0,6.46,0.1,0.0,-0.1
2026-01-06,123700,3660.0,6.47,-0.1,-0.0,0.1
2026-01-07,123700,3700.0,6.71,0.4,-0.1,-0.3
2026-01-08,123700,3620.0,6.79,0.1,-0.4,0.3
2026-01-09,123700,3650.0,6.8,0.2,-0.2,-0.0
2026-01-12,123700,3625.0,6.84,0.4,-0.1,-0.3
2026-01-13,123700,3720.0,6.91,0.6,-0.2,0.3
2026-01-14,123700,3845.0,7.12,-1.3,-0.0,1.5
2026-01-15,123700,3760.0,6.96,0.0,-0.1,0.2
2026-01-16,123700,3945.0,6.97,1.8,-0.1,-1.6
2026-01-19,123700,3930.0,7.26,-1.0,-0.0,1.0
2026-01-20,123700,3900.0,7.1,0.0,0.0,-0.0
2026-01-21,123700,3925.0,7.11,0.5,-0.1,-0.4
2026-01-22,123700,3830.0,7.19,-0.3,-0.0,0.3
2026-01-23,123700,3845.0,7.13,0.2,0.0,-0.2
2026-01-26,123700,3870.0,7.17,0.6,-0.0,-0.7
2026-01-27,123700,3780.0,7.28,0.5,-0.0,-0.6
2026-01-28,123700,3750.0,7.37,-0.5,0.0,0.4
2026-01-29,123700,3705.0,7.29,-0.1,0.0,0.1
2026-01-30,123700,3660.0,7.28,-1.3,-0.0,1.2
2026-02-02,123700,3630.0,7.06,-0.4,0.0,0.4
2026-02-03,123700,3735.0,6.99,-0.2,-0.0,0.2
2026-02-04,123700,3765.0,6.95,0.1,-0.0,-0.2
2026-02-05,123700,3780.0,6.97,0.6,0.0,-0.6
2026-02-06,123700,3695.0,7.07,-0.1,0.0,0.2
2026-02-09,123700,3675.0,7.06,0.1,0.0,-0.2
2026-02-10,123700,3720.0,7.08,0.3,-0.0,-0.3
2026-02-11,123700,3740.0,7.14,0.5,-0.0,-0.7
2026-02-12,123700,3785.0,7.21,0.9,-0.0,-0.5
2026-02-13,123700,3735.0,7.37,-0.4,0.0,0.4
2026-02-19,123700,3820.0,7.29,1.0,-0.0,-1.0
2026-02-20,123700,3840.0,7.45,-0.2,0.0,0.1
2026-02-23,123700,3915.0,7.42,0.2,0.0,-0.2
2026-02-24,123700,3920.0,7.45,-1.4,0.0,1.4
2026-02-25,123700,3920.0,7.21,0.8,0.1,-0.8
2026-02-26,123700,3885.0,7.34,-0.5,-0.0,0.5
2026-02-27,123700,3890.0,7.27,-0.1,-0.0,0.1
2026-03-03,123700,3800.0,7.25,1.5,0.7,-2.3
2026-03-04,123700,3405.0,7.51,-0.5,-0.0,0.5
2026-03-05,123700,3600.0,7.41,0.1,-0.1,-0.0
2026-03-06,123700,3590.0,7.42,0.1,0.0,-0.1
2026-03-09,123700,3440.0,7.45,0.7,-0.9,0.3
2026-03-10,123700,3540.0,7.58,0.3,-0.0,-0.3
2026-03-11,123700,3600.0,7.66,0.6,0.1,-0.7
2026-03-12,123700,3595.0,7.77,-0.2,0.0,0.1
2026-03-13,123700,3600.0,7.74,0.1,-0.1,-0.1
2026-03-16,123700,3595.0,7.76,-0.2,-0.0,0.3
2026-03-17,123700,3580.0,7.72,0.2,0.0,-0.2
2026-03-18,123700,3590.0,7.75,-0.0,-0.0,0.0
2026-03-19,123700,3565.0,7.75,-0.2,0.0,0.2
2026-03-20,123700,3645.0,7.71,0.1,-0.0,-0.1
2026-03-23,123700,3555.0,7.73,-0.0,0.0,-0.0
2026-03-24,123700,3540.0,7.73,0.1,0.0,-0.1
2026-03-25,123700,3630.0,7.74,0.1,-0.0,-0.1
2026-03-26,123700,3585.0,7.76,-0.0,-0.0,0.0
2026-03-27,123700,3620.0,7.75,-0.1,0.0,0.1
2026-03-30,123700,3505.0,7.72,-0.7,-0.0,0.7
2026-03-31,123700,3490.0,7.59,-0.5,0.0,0.5
2026-04-01,123700,3620.0,7.51,0.4,-0.6,0.2
2026-04-02,123700,3520.0,7.58,-0.6,-0.0,0.6
2026-04-03,123700,3575.0,7.47,0.2,0.0,-0.3
2026-04-06,123700,3550.0,7.51,-0.1,0.0,0.0
2026-04-07,123700,3525.0,7.5,-0.2,0.0,0.1
2026-04-08,123700,3605.0,7.47,0.1,-0.1,0.1
2026-04-09,123700,3590.0,7.48,0.2,-0.0,-0.2
2026-04-10,123700,3635.0,7.51,0.1,-0.0,-0.1
2026-04-13,123700,3660.0,7.53,-0.1,-0.0,0.1
2026-04-14,123700,3670.0,7.5,0.3,-0.2,0.0
2026-04-15,123700,3715.0,7.56,0.0,-0.0,0.0
2026-04-16,123700,3710.0,7.57,0.1,-0.0,-0.0
2026-04-17,123700,3730.0,7.57,0.0,-0.0,-0.0
2026-04-20,123700,3705.0,7.58,-0.2,0.0,0.1
2026-04-21,123700,3715.0,7.55,-0.3,-0.0,0.3
2026-04-22,123700,3725.0,7.51,-0.0,-0.0,0.0
2026-04-23,123700,3695.0,7.5,-0.1,-0.2,0.3
2026-04-24,123700,3800.0,7.49,-0.0,-0.0,0.0
2026-04-27,123700,3895.0,7.48,-1.2,-0.0,1.4
2026-04-28,123700,3905.0,7.29,-0.2,0.0,0.1
2026-04-29,123700,3900.0,7.26,-0.2,-0.0,0.2
2026-04-30,123700,3835.0,7.23,0.1,-0.0,-0.1
2026-05-04,123700,3830.0,7.25,-0.1,-0.0,0.1
2026-05-06,123700,3830.0,7.24,-0.1,-0.0,0.2
2026-05-07,123700,3750.0,7.21,-0.1,-0.0,0.1
2026-05-08,123700,3785.0,7.19,0.8,0.0,-0.8
2026-05-11,123700,3790.0,7.33,0.5,0.0,-0.5
2026-05-12,123700,3715.0,7.4,-0.0,-0.0,0.0
2026-05-13,123700,3665.0,7.4,0.1,-0.0,-0.1
2026-05-14,123700,3740.0,7.42,1.7,-0.0,-1.7
2026-05-15,123700,3715.0,7.71,0.3,-0.0,-0.3
2026-05-18,123700,3700.0,7.49,0.1,-0.0,-0.1
2026-05-19,123700,3700.0,7.51,-0.1,-0.1,0.2
2026-05-20,123700,3610.0,7.49,-0.6,-0.0,0.6
2026-05-21,123700,3625.0,7.43,-0.2,-0.1,0.3
2026-05-22,123700,3685.0,7.38,0.0,0.0,-0.1
2026-05-26,123700,3700.0,7.39,0.7,-0.0,-0.7
2026-05-27,123700,3570.0,7.52,-0.6,-0.0,0.6
2026-05-28,123700,3595.0,7.42,0.1,-0.0,-0.1
2026-05-29,123700,3505.0,7.44,-0.0,0.0,-0.0
2026-06-01,123700,3400.0,7.44,-0.3,-0.0,0.4
2026-06-02,123700,3310.0,7.38,0.1,0.0,-0.1
2026-06-04,123700,3350.0,7.4,-0.0,0.0,-0.0
2026-06-05,123700,3190.0,7.39,-0.2,-0.0,0.2
2026-06-08,123700,3140.0,7.36,-0.2,0.0,0.1
2026-06-09,123700,3250.0,7.33,-0.1,-0.0,0.1
2026-06-10,123700,3220.0,7.31,-0.1,-0.0,0.2
2026-06-11,123700,3245.0,7.28,0.1,0.0,-0.1
2026-06-12,123700,3255.0,7.3,0.3,-0.0,-0.3
2026-06-15,123700,3350.0,7.35,0.2,0.0,-0.2
2026-06-16,123700,3365.0,7.39,-0.1,-0.0,0.1
2026-06-17,123700,3390.0,7.37,-0.0,0.0,0.0
2026-06-18,123700,3345.0,7.37,-0.1,-0.0,0.1
2026-06-19,123700,3285.0,7.35,-0.1,-0.0,0.1
2026-06-22,123700,3240.0,7.34,-0.1,-0.0,0.1
2026-06-23,123700,3120.0,7.32,-0.2,0.0,0.2
2026-06-24,123700,3050.0,7.28,0.2,-0.0,-0.2
2026-06-25,123700,3085.0,7.32,-0.0,0.0,0.0
2026-06-26,123700,3005.0,7.31,0.2,0.1,-0.3
2026-06-29,123700,3165.0,7.36,0.2,-0.2,-0.0
2026-06-30,123700,3165.0,7.41,-0.0,-0.0,0.0
2026-07-01,123700,3220.0,7.41,0.0,-0.0,-0.2
2026-07-02,123700,3215.0,7.41,-0.2,0.0,0.2
2026-07-03,123700,3280.0,7.38,0.2,0.0,-0.2
2026-07-06,123700,3300.0,7.42,0.3,-0.0,-0.3
2026-07-07,123700,3300.0,7.48,-0.0,-0.0,0.0
2026-07-08,123700,3285.0,7.47,0.1,0.1,-0.2
2026-07-09,123700,3285.0,7.49,-0.1,-0.1,0.2
2026-07-10,123700,3345.0,7.48,-0.0,-0.0,0.0
2026-07-13,123700,3280.0,7.47,-0.1,0.0,0.1
2026-07-14,123700,3295.0,7.46,-0.0,-0.0,0.1
2026-07-15,123700,3380.0,7.46,-0.1,0.0,0.0
2026-07-16,123700,3380.0,7.45,0.1,-0.0,-0.1
2025-07-14,123750,1535.0,0.65,0.0,-0.0,0.0
2025-07-15,123750,1545.0,0.65,-0.0,,0.0
2025-07-16,123750,1545.0,0.65,-0.0,,0.0
2025-07-17,123750,1546.0,0.65,0.0,-0.0,0.0
2025-07-18,123750,1549.0,0.65,-0.0,-0.0,-0.0
2025-07-21,123750,1538.0,0.65,0.0,-0.0,0.0
2025-07-22,123750,1540.0,0.65,0.1,-0.0,-0.0
2025-07-23,123750,1519.0,0.69,0.1,,-1.2
2025-07-24,123750,1487.0,0.72,-0.0,,-0.0
2025-07-25,123750,1460.0,0.71,-0.0,,0.0
2025-07-28,123750,1440.0,0.71,-0.0,,0.0
2025-07-29,123750,1430.0,0.69,-0.0,,0.1
2025-07-30,123750,1431.0,0.68,-0.1,,0.1
2025-07-31,123750,1451.0,0.65,-0.0,,0.1
2025-08-01,123750,1444.0,0.65,0.0,,-0.0
2025-08-04,123750,1486.0,0.65,-0.0,,-0.0
2025-08-05,123750,1466.0,0.65,0.0,,-0.0
2025-08-06,123750,1459.0,0.65,0.0,,-0.0
2025-08-07,123750,1481.0,0.66,-0.0,,0.0
2025-08-08,123750,1470.0,0.66,-0.0,,0.0
2025-08-11,123750,1500.0,0.66,-0.0,,-0.0
2025-08-12,123750,1481.0,0.65,0.0,,-0.0
2025-08-13,123750,1392.0,0.65,0.1,,0.9
2025-08-14,123750,1443.0,0.71,0.0,,-0.2
2025-08-18,123750,1632.0,0.72,0.5,,-0.3
2025-08-19,123750,1605.0,0.96,-0.1,-0.0,0.1
2025-08-20,123750,1557.0,0.9,-0.3,0.0,0.5
2025-08-21,123750,1567.0,0.83,0.1,,-0.1
2025-08-22,123750,1615.0,0.87,-0.3,-0.0,0.5
2025-08-25,123750,1623.0,0.74,0.0,-0.1,0.1
2025-08-26,123750,1615.0,0.77,-0.0,-0.0,0.1
2025-08-27,123750,1626.0,0.77,-0.0,-0.0,0.0
2025-08-28,123750,1637.0,0.76,-0.1,,0.2
2025-08-29,123750,1668.0,0.73,0.1,-0.0,0.0
2025-09-01,123750,1663.0,0.81,-0.1,,0.3
2025-09-02,123750,1673.0,0.73,-0.0,-0.0,0.1
2025-09-03,123750,1654.0,0.71,-0.0,,0.0
2025-09-04,123750,1630.0,0.69,-0.0,,0.0
2025-09-05,123750,1660.0,0.69,-0.0,,0.4
2025-09-08,123750,1659.0,0.68,0.0,,0.1
2025-09-09,123750,1668.0,0.69,0.0,,0.2
2025-09-10,123750,1668.0,0.69,-0.0,,0.2
2025-09-11,123750,1690.0,0.68,0.0,,0.1
2025-09-12,123750,1684.0,0.71,-0.0,,0.1
2025-09-15,123750,1665.0,0.69,-0.0,,0.2
2025-09-16,123750,1677.0,0.68,-0.0,,0.0
2025-09-17,123750,1666.0,0.67,-0.0,,0.0
2025-09-18,123750,1639.0,0.67,0.0,,-0.1
2025-09-19,123750,1666.0,0.68,-0.0,,0.0
2025-09-22,123750,1646.0,0.67,-0.0,,0.0
2025-09-23,123750,1668.0,0.65,-0.0,0.1,-0.1
2025-09-24,123750,1651.0,0.64,0.0,0.1,-0.1
2025-09-25,123750,1670.0,0.65,0.2,0.2,0.3
2025-09-26,123750,1762.0,0.75,0.5,0.1,-0.6
2025-09-29,123750,1734.0,1.0,0.3,0.1,-0.4
2025-09-30,123750,1735.0,1.1,0.2,0.2,-0.4
2025-10-01,123750,1750.0,1.18,-0.0,0.1,-0.1
2025-10-02,123750,1768.0,1.17,0.1,0.2,-0.2
2025-10-10,123750,1781.0,1.2,0.6,0.1,-0.7
2025-10-13,123750,1745.0,1.45,-0.0,,0.1
2025-10-14,123750,1700.0,1.43,0.0,-0.0,0.0
2025-10-15,123750,1737.0,1.45,-0.0,,0.0
2025-10-16,123750,1676.0,1.43,-0.0,,0.0
2025-10-17,123750,1600.0,1.43,0.0,,-0.0
2025-10-20,123750,1616.0,1.44,-0.0,,0.0
2025-10-21,123750,1605.0,1.43,-0.1,,0.1
2025-10-22,123750,1602.0,1.4,0.1,,-0.1
2025-10-23,123750,1593.0,1.47,-0.0,,0.0
2025-10-24,123750,1590.0,1.45,-0.1,,0.1
2025-10-27,123750,1528.0,1.42,-0.1,,-0.1
2025-10-28,123750,1535.0,1.38,0.4,,-0.3
2025-10-29,123750,1518.0,1.56,-0.1,,0.1
2025-10-30,123750,1497.0,1.49,-0.1,,0.0
2025-10-31,123750,1482.0,1.44,-0.0,,0.0
2025-11-03,123750,1475.0,1.42,-0.2,,0.2
2025-11-04,123750,1453.0,1.33,-0.2,,0.2
2025-11-05,123750,1459.0,1.22,0.1,,-0.2
2025-11-06,123750,1442.0,1.3,-0.1,,0.1
2025-11-07,123750,1422.0,1.27,0.0,,-0.0
2025-11-10,123750,1430.0,1.27,0.5,-0.5,-0.1
2025-11-11,123750,1426.0,1.49,0.2,,-0.2
2025-11-12,123750,1444.0,1.59,-0.0,,0.0
2025-11-13,123750,1447.0,1.58,0.1,,-0.1
2025-11-14,123750,1430.0,1.63,0.0,,0.0
2025-11-17,123750,1310.0,1.64,0.2,0.1,-0.2
2025-11-18,123750,1325.0,1.77,0.0,0.1,-0.0
2025-11-19,123750,1346.0,1.79,0.0,,-0.0
2025-11-20,123750,1349.0,1.8,0.1,,-0.1
2025-11-21,123750,1367.0,1.83,-0.1,,0.0
2025-11-24,123750,1311.0,1.8,-0.1,,0.1
2025-11-25,123750,1306.0,1.74,-0.0,-0.0,0.0
2025-11-26,123750,1322.0,1.71,0.0,,-0.0
2025-11-27,123750,1345.0,1.74,0.0,,-0.0
2025-11-28,123750,1340.0,1.75,0.0,,0.0
2025-12-01,123750,1350.0,1.75,0.0,0.0,-0.1
2025-12-02,123750,1359.0,1.77,0.0,,-0.0
2025-12-03,123750,1370.0,1.79,-0.0,,0.0
2025-12-04,123750,1359.0,1.78,-0.0,,0.0
2025-12-05,123750,1344.0,1.76,-0.0,,0.0
2025-12-08,123750,1348.0,1.75,-0.0,,0.0
2025-12-09,123750,1324.0,1.75,-0.1,,0.1
2025-12-10,123750,1306.0,1.69,-0.1,0.0,0.1
2025-12-11,123750,1309.0,1.6,0.0,-0.0,0.0
2025-12-12,123750,1310.0,1.62,-0.1,,0.1
2025-12-15,123750,1310.0,1.57,-0.0,,0.0
2025-12-16,123750,1303.0,1.55,-0.1,,0.1
2025-12-17,123750,1308.0,1.98,-0.0,,0.0
2025-12-18,123750,1301.0,1.97,-0.0,0.0,0.0
2025-12-19,123750,1305.0,1.94,-0.0,,0.0
2025-12-22,123750,1298.0,1.93,-0.3,,0.3
2025-12-23,123750,1297.0,1.74,-0.0,,0.0
2025-12-24,123750,1297.0,1.71,-0.0,,0.0
2025-12-26,123750,1290.0,1.71,-0.1,,0.1
2025-12-29,123750,1298.0,1.62,-0.0,,0.0
2025-12-30,123750,1299.0,1.61,-0.0,,0.0
2026-01-02,123750,1311.0,1.6,-0.0,,0.0
2026-01-05,123750,1312.0,1.59,-0.1,,0.1
2026-01-06,123750,1329.0,1.56,-0.1,,0.1
2026-01-07,123750,1315.0,1.52,-0.1,,0.1
2026-01-08,123750,1433.0,1.47,-0.1,,0.1
2026-01-09,123750,1439.0,1.44,-0.3,-0.0,0.6
2026-01-12,123750,1467.0,1.3,-0.1,-0.1,0.3
2026-01-13,123750,1467.0,1.27,-0.0,,0.1
2026-01-14,123750,1543.0,1.25,0.2,0.1,-0.3
2026-01-15,123750,1647.0,1.37,0.1,0.0,-0.2
2026-01-16,123750,1747.0,1.43,0.1,,-0.1
2026-01-19,123750,2065.0,1.48,0.6,-0.1,-0.4
2026-01-20,123750,1974.0,1.77,-0.4,0.0,0.4
2026-01-21,123750,2270.0,1.6,3.4,-0.1,-3.2
2026-01-22,123750,2110.0,2.84,-0.1,-0.2,0.5
2026-01-23,123750,1922.0,2.81,-0.4,-0.1,0.5
2026-01-26,123750,1928.0,2.66,0.8,-0.1,-0.8
2026-01-27,123750,2055.0,3.0,0.3,-0.1,-0.3
2026-01-28,123750,1977.0,3.14,-0.7,-0.1,0.8
2026-01-29,123750,1936.0,2.85,-0.1,-0.1,0.2
2026-01-30,123750,1875.0,2.81,-0.3,-0.0,0.3
2026-02-02,123750,1945.0,2.7,0.7,-0.1,-0.6
2026-02-03,123750,2060.0,3.01,0.5,-0.0,-0.5
2026-02-04,123750,2675.0,3.2,-4.6,0.1,4.4
2026-02-05,123750,2665.0,1.79,3.0,0.5,-3.4
2026-02-06,123750,2735.0,2.69,0.3,,-0.6
2026-02-09,123750,3145.0,2.72,-1.9,0.0,1.9
2026-02-10,123750,3125.0,2.38,0.3,-0.2,-0.0
2026-02-11,123750,3075.0,2.45,0.8,0.0,-0.8
2026-02-12,123750,2970.0,2.65,0.7,-0.0,-0.5
2026-02-13,123750,2970.0,2.82,-0.2,-0.0,0.2
2026-02-19,123750,2850.0,2.77,1.0,-0.1,-1.0
2026-02-20,123750,2815.0,2.82,1.3,,-1.3
2026-02-23,123750,2710.0,3.17,0.4,,-0.4
2026-02-24,123750,2690.0,2.92,-0.4,-0.0,0.5
2026-02-25,123750,2680.0,2.87,-0.3,,0.3
2026-02-26,123750,2620.0,2.81,0.3,-0.1,-0.1
2026-02-27,123750,2530.0,2.88,-0.1,0.0,0.1
2026-03-03,123750,2420.0,2.87,1.3,,-1.3
2026-03-04,123750,1983.0,3.3,1.7,,-1.7
2026-03-05,123750,2070.0,3.85,2.3,,-2.3
2026-03-06,123750,2100.0,4.63,-0.1,,0.0
2026-03-09,123750,2340.0,4.61,-3.6,,3.7
2026-03-10,123750,2260.0,3.51,-0.2,,0.2
2026-03-11,123750,2320.0,3.62,-0.4,-0.0,0.4
2026-03-12,123750,2405.0,3.5,-0.7,,0.7
2026-03-13,123750,2310.0,3.3,-0.2,,0.2
2026-03-16,123750,2350.0,3.23,0.2,0.0,-0.2
2026-03-17,123750,2330.0,3.29,-0.1,,0.1
2026-03-18,123750,2320.0,3.26,0.2,,-0.2
2026-03-19,123750,2290.0,3.33,0.1,,-0.1
2026-03-20,123750,2250.0,3.35,0.1,,-0.1
2026-03-23,123750,2265.0,3.38,0.1,,-0.1
2026-03-24,123750,2420.0,3.42,0.2,-0.0,-0.1
2026-03-25,123750,2325.0,3.48,-0.9,-0.2,1.1
2026-03-26,123750,2360.0,3.2,-0.2,-0.0,0.2
2026-03-27,123750,2500.0,3.14,-1.4,-0.0,1.4
2026-03-30,123750,2790.0,2.74,-2.2,-0.1,2.2
2026-03-31,123750,2530.0,2.2,2.2,0.2,-2.5
2026-04-01,123750,2395.0,2.83,1.0,0.0,-1.0
2026-04-02,123750,2815.0,3.12,-6.6,-0.4,6.8
2026-04-03,123750,2635.0,1.37,2.1,0.2,-2.1
2026-04-06,123750,2550.0,1.99,-1.2,,1.3
2026-04-07,123750,2540.0,1.71,0.7,,-0.7
2026-04-08,123750,2280.0,1.97,0.0,0.0,-0.1
2026-04-09,123750,2245.0,2.0,-0.1,,0.1
2026-04-10,123750,2240.0,1.96,0.4,,-0.4
2026-04-13,123750,2210.0,2.09,-0.3,,0.3
2026-04-14,123750,2205.0,1.98,0.3,-0.1,-0.2
2026-04-15,123750,2185.0,2.07,-1.0,,1.0
2026-04-16,123750,2190.0,1.73,0.6,,-0.6
2026-04-17,123750,2155.0,1.96,-1.8,,1.8
2026-04-20,123750,2240.0,1.37,-1.2,,1.0
2026-04-21,123750,2150.0,1.0,-1.1,,1.2
2026-04-22,123750,2120.0,0.66,0.1,,-0.0
2026-04-23,123750,2040.0,0.71,-0.2,,0.1
2026-04-24,123750,2095.0,0.67,-0.2,,0.1
2026-04-27,123750,2170.0,0.62,-0.2,,0.1
2026-04-28,123750,2130.0,0.69,-0.2,,0.3
2026-04-29,123750,2080.0,0.56,0.4,0.0,-0.5
2026-04-30,123750,2065.0,0.7,-0.1,-0.0,0.2
2026-05-04,123750,2055.0,0.66,-0.1,0.0,0.1
2026-05-06,123750,2020.0,0.62,-0.1,0.0,0.0
2026-05-07,123750,2010.0,0.57,-0.1,0.0,0.1
2026-05-08,123750,2120.0,0.52,0.4,-0.0,-0.4
2026-05-11,123750,2045.0,0.65,0.3,0.0,-0.3
2026-05-12,123750,2050.0,0.77,0.2,0.0,-0.2
2026-05-13,123750,2020.0,0.86,0.1,-0.0,-0.1
2026-05-14,123750,1987.0,0.87,0.1,0.0,-0.1
2026-05-15,123750,1960.0,0.81,-0.1,-0.0,0.1
2026-05-18,123750,1907.0,0.78,0.2,0.0,-0.2
2026-05-19,123750,1872.0,0.84,0.1,-0.0,-0.1
2026-05-20,123750,1852.0,0.88,-0.0,-0.0,0.0
2026-05-21,123750,1812.0,0.88,-0.1,0.0,0.0
2026-05-22,123750,1810.0,0.82,0.4,-0.0,-0.4
2026-05-26,123750,1756.0,0.96,0.4,0.0,-0.5
2026-05-27,123750,1673.0,1.14,-0.1,0.0,0.1
2026-05-28,123750,1721.0,1.1,0.6,-0.0,-0.6
2026-05-29,123750,1718.0,1.34,0.0,0.0,-0.0
2026-06-01,123750,1627.0,1.36,-0.3,-0.0,0.3
2026-06-02,123750,1639.0,1.24,0.2,-0.0,-0.2
2026-06-04,123750,1606.0,1.35,-0.0,-0.0,0.0
2026-06-05,123750,1638.0,1.27,0.1,-0.0,-0.1
2026-06-08,123750,1605.0,1.32,-0.1,0.0,0.1
2026-06-09,123750,1565.0,1.41,-0.1,-0.0,0.1
2026-06-10,123750,1514.0,1.36,-0.0,0.0,0.0
2026-06-11,123750,1631.0,1.33,0.2,0.0,-0.2
2026-06-12,123750,1650.0,1.42,0.0,-0.0,-0.0
2026-06-15,123750,1638.0,1.44,-0.1,0.0,0.1
2026-06-16,123750,1653.0,1.39,0.0,0.0,0.0
2026-06-17,123750,1720.0,1.4,-0.1,-0.0,0.1
2026-06-18,123750,1720.0,1.34,0.1,0.0,-0.1
2026-06-19,123750,1746.0,1.4,-0.1,-0.0,0.1
2026-06-22,123750,1801.0,1.35,0.1,-0.0,-0.1
2026-06-23,123750,1725.0,1.4,-0.1,-0.0,0.1
2026-06-24,123750,1673.0,1.34,-0.1,0.0,0.1
2026-06-25,123750,1739.0,1.28,0.0,0.0,-0.0
2026-06-26,123750,1659.0,1.3,-0.1,-0.0,0.1
2026-06-29,123750,1740.0,1.26,0.1,-0.0,-0.1
2026-06-30,123750,1885.0,1.3,0.0,0.0,-0.0
2026-07-01,123750,2140.0,1.3,-0.9,-0.0,-1.9
2026-07-02,123750,2100.0,0.99,-0.2,,-0.1
2026-07-03,123750,2230.0,0.93,-0.3,-0.0,-0.4
2026-07-06,123750,2250.0,0.85,0.0,-0.1,-0.3
2026-07-07,123750,2175.0,0.9,0.0,-0.0,-0.4
2026-07-08,123750,2215.0,0.91,0.2,-0.0,-0.9
2026-07-09,123750,2250.0,0.99,-0.1,-0.0,-0.9
2026-07-10,123750,2245.0,0.97,-0.2,-0.1,-0.4
2026-07-13,123750,2215.0,0.82,0.2,-0.0,-1.5
2026-07-14,123750,2180.0,0.95,0.1,-0.0,-0.5
2026-07-15,123750,2230.0,1.01,-0.5,-0.0,-2.4
2026-07-16,123750,2190.0,0.79,-0.2,-0.0,-2.3
2025-07-14,123840,1231.0,0.47,0.6,-0.1,-0.3
2025-07-15,123840,1245.0,0.59,-0.2,-0.0,0.2
2025-07-16,123840,1223.0,0.55,-0.1,,0.1
2025-07-17,123840,1212.0,0.54,-0.1,,0.1
2025-07-18,123840,1225.0,0.53,-0.0,,0.0
2025-07-21,123840,1262.0,0.52,-0.1,-0.2,1.0
2025-07-22,123840,1233.0,0.51,-0.1,,0.1
2025-07-23,123840,1243.0,0.48,0.0,,-0.1
2025-07-24,123840,1217.0,0.49,-0.1,,0.1
2025-07-25,123840,1165.0,0.47,0.2,,-0.2
2025-07-28,123840,1160.0,0.51,-0.0,,0.0
2025-07-29,123840,1210.0,0.5,0.1,,-0.1
2025-07-30,123840,1220.0,0.52,0.0,,-0.0
2025-07-31,123840,1182.0,0.52,-0.0,,0.0
2025-08-01,123840,1182.0,0.52,0.1,,-0.1
2025-08-04,123840,1203.0,0.53,0.0,,-0.0
2025-08-05,123840,1219.0,0.53,-0.0,,0.0
2025-08-06,123840,1219.0,0.53,0.1,,-0.1
2025-08-07,123840,1175.0,0.56,-0.1,,0.1
2025-08-08,123840,1215.0,0.53,-0.0,,0.0
2025-08-11,123840,1218.0,0.53,-0.0,,0.0
2025-08-12,123840,1186.0,0.52,-0.0,,0.0
2025-08-13,123840,1200.0,0.52,-0.0,,0.0
2025-08-14,123840,1179.0,0.52,0.0,,-0.0
2025-08-18,123840,1164.0,0.52,-0.0,,0.0
2025-08-19,123840,1141.0,0.51,-0.0,,0.0
2025-08-20,123840,1082.0,0.5,-0.0,,0.0
2025-08-21,123840,1131.0,0.5,-0.0,,0.0
2025-08-22,123840,1134.0,0.49,0.1,,-0.1
2025-08-25,123840,1182.0,0.52,0.1,,-0.1
2025-08-26,123840,1171.0,0.54,0.0,,-0.0
2025-08-27,123840,1179.0,0.54,-0.0,,0.0
2025-08-28,123840,1144.0,0.54,-0.0,,0.0
2025-08-29,123840,1173.0,0.54,0.0,,0.0
2025-09-01,123840,1126.0,0.54,-0.0,,0.0
2025-09-02,123840,1126.0,0.53,0.0,,-0.0
2025-09-03,123840,1125.0,0.53,0.0,,-0.0
2025-09-04,123840,1136.0,0.53,0.0,,-0.0
2025-09-05,123840,1156.0,0.53,-0.0,,0.0
2025-09-08,123840,1158.0,0.53,-0.0,,0.0
2025-09-09,123840,1163.0,0.53,-0.0,,0.0
2025-09-10,123840,1140.0,0.53,-0.0,,0.0
2025-09-11,123840,1148.0,0.52,-0.0,,0.0
2025-09-12,123840,1160.0,0.52,0.1,,0.0
2025-09-15,123840,1176.0,0.53,-0.0,,0.0
2025-09-16,123840,1152.0,0.53,0.0,,-0.0
2025-09-17,123840,1166.0,0.53,-0.0,,0.0
2025-09-18,123840,1161.0,0.53,-0.0,,0.0
2025-09-19,123840,1143.0,0.53,0.0,,-0.0
2025-09-22,123840,1137.0,0.53,-0.0,,0.0
2025-09-23,123840,1133.0,0.53,-0.0,,0.0
2025-09-24,123840,1140.0,0.52,-0.0,,0.0
2025-09-25,123840,1138.0,0.52,-0.0,,0.0
2025-09-26,123840,1130.0,0.52,-0.0,,0.0
2025-09-29,123840,1138.0,0.52,0.0,,-0.0
2025-09-30,123840,1120.0,0.52,-0.0,,0.0
2025-10-01,123840,1136.0,0.51,-0.0,,-0.0
2025-10-02,123840,1135.0,0.51,-0.0,,0.0
2025-10-10,123840,1129.0,0.51,-0.0,,0.0
2025-10-13,123840,1142.0,0.51,-0.0,,0.0
2025-10-14,123840,1130.0,0.51,-0.1,,0.1
2025-10-15,123840,1129.0,0.49,0.0,,-0.0
2025-10-16,123840,1132.0,0.5,0.0,,-0.0
2025-10-17,123840,1113.0,0.5,-0.0,,0.0
2025-10-20,123840,1085.0,0.5,-0.0,,0.0
2025-10-21,123840,1085.0,0.5,-0.0,,0.0
2025-10-22,123840,1047.0,0.49,0.0,,-0.0
2025-10-23,123840,1048.0,0.49,-0.0,,0.0
2025-10-24,123840,1041.0,0.49,0.0,,-0.0
2025-10-27,123840,1013.0,0.49,-0.0,,0.0
2025-10-28,123840,1068.0,0.49,0.1,,-0.1
2025-10-29,123840,1020.0,0.5,0.1,,-0.1
2025-10-30,123840,1020.0,0.52,0.1,,-0.1
2025-10-31,123840,1066.0,0.55,0.1,,-0.1
2025-11-03,123840,1026.0,0.57,0.0,,-0.0
2025-11-04,123840,1014.0,0.58,0.0,,-0.0
2025-11-05,123840,1016.0,0.59,-0.1,,0.1
2025-11-06,123840,1026.0,0.57,-0.0,,0.0
2025-11-07,123840,1015.0,0.56,-0.0,,0.0
2025-11-10,123840,1016.0,0.55,0.2,-0.2,-0.0
2025-11-11,123840,994.0,0.6,0.0,,-0.0
2025-11-12,123840,991.0,0.6,-0.0,,0.0
2025-11-13,123840,1015.0,0.6,-0.0,,0.0
2025-11-14,123840,1020.0,0.6,-0.0,,0.0
2025-11-17,123840,1010.0,0.6,-0.0,,0.0
2025-11-18,123840,979.0,0.59,-0.0,,0.0
2025-11-19,123840,924.0,0.59,0.0,,-0.0
2025-11-20,123840,975.0,0.6,-0.0,,0.0
2025-11-21,123840,934.0,0.6,-0.0,,0.0
2025-11-24,123840,937.0,0.6,-0.0,,0.0
2025-11-25,123840,920.0,0.59,-0.0,,0.0
2025-11-26,123840,922.0,0.59,-0.0,,0.0
2025-11-27,123840,916.0,0.59,-0.0,,0.0
2025-11-28,123840,903.0,0.59,-0.0,,0.0
2025-12-01,123840,890.0,0.58,0.0,,-0.0
2025-12-02,123840,950.0,0.58,-0.0,,0.0
2025-12-03,123840,950.0,0.58,-0.0,,0.0
2025-12-04,123840,923.0,0.58,0.0,,-0.0
2025-12-05,123840,928.0,0.58,0.0,,-0.0
2025-12-08,123840,887.0,0.58,0.0,,-0.0
2025-12-09,123840,1153.0,0.59,-0.3,-0.2,0.2
2025-12-10,123840,985.0,0.51,0.3,,0.2
2025-12-11,123840,988.0,0.58,-0.2,,0.3
2025-12-12,123840,997.0,0.52,0.2,,-0.2
2025-12-15,123840,990.0,0.57,-0.0,,0.0
2025-12-16,123840,1000.0,0.56,0.6,,-0.6
2025-12-17,123840,1008.0,0.86,0.1,,-0.1
2025-12-18,123840,1011.0,0.89,0.2,,-0.2
2025-12-19,123840,1009.0,0.95,-0.0,,0.0
2025-12-22,123840,1009.0,0.94,0.1,,-0.1
2025-12-23,123840,1000.0,0.97,0.0,,-0.0
2025-12-24,123840,998.0,0.97,0.1,,-0.1
2025-12-26,123840,971.0,1.01,-0.0,,0.0
2025-12-29,123840,980.0,1.01,0.0,,-0.0
2025-12-30,123840,969.0,0.73,-0.0,,-0.0
2026-01-02,123840,960.0,0.72,-0.1,,0.1
2026-01-05,123840,990.0,0.7,0.0,,-0.0
2026-01-06,123840,980.0,0.71,-0.1,,0.1
2026-01-07,123840,971.0,0.87,-0.0,,0.0
2026-01-08,123840,967.0,0.87,-0.1,,0.1
2026-01-09,123840,952.0,0.85,-0.1,,0.1
2026-01-12,123840,961.0,0.83,-0.0,,0.0
2026-01-13,123840,1000.0,0.83,-0.0,,0.0
2026-01-14,123840,1020.0,0.82,-0.1,,0.0
2026-01-15,123840,1009.0,0.81,-0.0,,0.0
2026-01-16,123840,1024.0,0.66,-0.0,,0.0
2026-01-19,123840,995.0,0.65,-0.1,,0.1
2026-01-20,123840,993.0,0.64,-0.0,,0.0
2026-01-21,123840,990.0,0.64,-0.0,,0.1
2026-01-22,123840,961.0,0.64,-0.0,,0.0
2026-01-23,123840,963.0,0.63,-0.0,,0.1
2026-01-26,123840,959.0,0.62,-0.0,,0.0
2026-01-27,123840,939.0,0.62,-0.1,,0.1
2026-01-28,123840,949.0,0.61,-0.0,,0.0
2026-01-29,123840,939.0,0.6,-0.0,,0.0
2026-01-30,123840,920.0,0.6,-0.0,,0.0
2026-02-02,123840,895.0,0.59,-0.0,,0.0
2026-02-03,123840,916.0,0.59,-0.1,,0.1
2026-02-04,123840,952.0,0.57,0.0,,-0.0
2026-02-05,123840,930.0,0.57,-0.0,,0.0
2026-02-06,123840,919.0,0.57,-0.0,,0.0
2026-02-09,123840,932.0,0.57,-0.0,,0.0
2026-02-10,123840,935.0,0.56,0.0,,-0.0
2026-02-11,123840,961.0,0.57,-0.1,,0.1
2026-02-12,123840,941.0,0.56,-0.0,,0.0
2026-02-13,123840,910.0,0.55,-0.0,,0.0
2026-02-19,123840,924.0,0.55,-0.1,,0.1
2026-02-20,123840,855.0,0.54,-0.0,,0.0
2026-02-23,123840,844.0,0.54,-0.0,,0.0
2026-02-24,123840,842.0,0.54,0.0,,-0.0
2026-02-25,123840,805.0,0.55,-0.0,,0.0
2026-02-26,123840,724.0,0.47,0.0,,-0.1
2026-02-27,123840,670.0,0.48,0.0,,-0.0
2026-03-03,123840,664.0,0.49,-0.0,,0.0
2026-03-04,123840,644.0,0.48,-0.0,,0.0
2026-03-05,123840,673.0,0.48,-0.0,,0.1
2026-03-06,123840,699.0,0.47,0.0,,-0.0
2026-03-09,123840,652.0,0.48,-0.0,,-1.5
2026-03-10,123840,672.0,0.47,0.1,,-0.1
2026-03-11,123840,647.0,0.48,-0.0,,0.0
2026-03-12,123840,660.0,0.47,0.0,,-0.0
2026-03-13,123840,687.0,0.48,0.1,-0.1,-0.0
2026-03-16,123840,608.0,0.5,0.2,,-0.1
2026-03-17,123840,610.0,0.54,0.0,,-0.0
2026-03-18,123840,627.0,0.55,0.0,,-0.0
2026-03-19,123840,600.0,0.56,0.0,,-0.0
2026-03-20,123840,616.0,0.57,-0.0,-0.1,0.3
2026-03-23,123840,645.0,0.57,1.6,-0.3,-0.5
2026-03-24,123840,582.0,0.98,-0.1,,0.1
2026-03-25,123840,586.0,0.95,-0.7,,0.7
2026-03-26,123840,551.0,0.78,-0.0,,0.0
2026-03-27,123840,534.0,0.77,0.0,,-0.0
2026-03-30,123840,550.0,0.78,0.2,,-0.2
2026-03-31,123840,502.0,0.84,-0.0,,0.0
2026-04-01,123840,531.0,0.85,0.2,,-0.2
2026-04-02,123840,553.0,0.91,0.1,,-0.1
2026-04-03,123840,562.0,0.93,-0.0,,0.0
2026-04-06,123840,555.0,0.92,-0.1,,0.1
2026-04-07,123840,582.0,0.9,-1.3,,1.3
2026-04-08,123840,558.0,0.61,0.1,,-0.1
2026-04-09,123840,550.0,0.64,0.2,,-0.3
2026-04-10,123840,555.0,0.71,0.6,,-0.6
2026-04-13,123840,555.0,0.87,,,
2026-04-14,123840,555.0,0.87,,,
2026-04-15,123840,555.0,0.87,,,
2026-04-16,123840,555.0,0.87,,,
2026-04-17,123840,555.0,0.87,,,
2026-04-20,123840,555.0,0.87,,,
2026-04-21,123840,555.0,0.87,,,
2026-04-22,123840,555.0,0.87,,,
2026-04-23,123840,555.0,0.87,,,
2026-04-24,123840,555.0,0.87,,,
2026-04-27,123840,555.0,0.87,,,
2026-04-28,123840,555.0,0.87,,,
2026-04-29,123840,555.0,0.87,,,
2026-04-30,123840,555.0,0.87,,,
2026-05-04,123840,555.0,0.87,,,
2026-05-06,123840,555.0,0.87,,,
2026-05-07,123840,555.0,0.87,,,
2026-05-08,123840,5370.0,2.35,-0.2,-0.0,0.2
2026-05-11,123840,4430.0,0.82,-0.4,0.0,0.4
2026-05-12,123840,4415.0,0.69,-0.1,-0.0,0.1
2026-05-13,123840,4530.0,0.68,-0.1,-0.0,0.0
2026-05-14,123840,4660.0,0.66,0.0,0.0,-0.1
2026-05-15,123840,4450.0,0.67,-0.1,0.0,0.1
2026-05-18,123840,4240.0,0.65,0.1,0.0,-0.0
2026-05-19,123840,4240.0,0.67,0.0,-0.0,-0.0
2026-05-20,123840,4035.0,0.74,-0.0,-0.0,0.0
2026-05-21,123840,4085.0,0.73,-0.2,-0.0,0.2
2026-05-22,123840,4200.0,0.64,0.0,0.0,-0.0
2026-05-26,123840,4150.0,0.65,0.4,0.0,-0.6
2026-05-27,123840,4285.0,0.82,0.0,-0.0,-0.0
2026-05-28,123840,4100.0,0.82,-0.2,0.0,0.2
2026-05-29,123840,3935.0,0.76,0.0,-0.0,-0.0
2026-06-01,123840,3400.0,0.76,-0.1,-0.0,0.1
2026-06-02,123840,3560.0,0.73,0.1,-0.0,-0.1
2026-06-04,123840,3520.0,0.76,0.1,-0.0,-0.1
2026-06-05,123840,3590.0,0.79,0.0,0.0,-0.0
2026-06-08,123840,3235.0,0.81,0.0,0.0,-0.0
2026-06-09,123840,3305.0,0.82,-0.0,-0.0,0.0
2026-06-10,123840,3245.0,0.8,-0.0,0.0,0.0
2026-06-11,123840,3330.0,0.79,0.0,,-0.0
2026-06-12,123840,3160.0,0.81,-0.0,-0.0,0.0
2026-06-15,123840,3210.0,0.81,-0.1,0.0,0.1
2026-06-16,123840,3260.0,0.74,-0.1,0.0,0.1
2026-06-17,123840,3235.0,0.73,0.0,,-0.0
2026-06-18,123840,3240.0,0.73,-0.0,,0.0
2026-06-19,123840,3225.0,0.73,-0.0,0.0,0.0
2026-06-22,123840,2995.0,0.73,0.0,-0.0,-0.0
2026-06-23,123840,2705.0,0.74,0.0,0.0,-0.0
2026-06-24,123840,2775.0,0.75,0.0,-0.0,0.0
2026-06-25,123840,2740.0,0.76,0.1,0.0,-0.1
2026-06-26,123840,2195.0,0.82,0.1,0.0,-0.1
2026-06-29,123840,2145.0,0.91,0.0,,-0.0
2026-06-30,123840,2045.0,0.92,0.0,0.0,-0.0
2026-07-01,123840,2070.0,0.93,-0.0,-0.0,0.0
2026-07-02,123840,2055.0,0.92,-0.0,0.0,0.0
2026-07-03,123840,2100.0,0.89,0.1,-0.0,-0.1
2026-07-06,123840,2255.0,0.95,-0.1,-0.0,0.1
2026-07-07,123840,2380.0,0.85,-0.0,0.0,0.0
2026-07-08,123840,2005.0,0.84,0.1,0.0,-0.1
2026-07-09,123840,2200.0,0.94,-0.2,-0.0,0.2
2026-07-10,123840,2150.0,0.84,-0.1,0.0,0.1
2026-07-13,123840,1989.0,0.78,0.1,0.0,-0.2
2026-07-14,123840,1940.0,0.95,-0.1,-0.0,0.1
2026-07-15,123840,2015.0,0.92,0.1,-0.0,-0.1
2026-07-16,123840,2000.0,1.01,-0.1,0.0,0.1
2025-07-14,123860,18000.0,4.3,0.5,-0.1,-0.4
2025-07-15,123860,18080.0,4.32,1.1,0.1,-1.2
2025-07-16,123860,18130.0,4.37,0.4,-0.1,-0.3
2025-07-17,123860,18200.0,4.39,2.9,0.0,-2.9
2025-07-18,123860,18230.0,4.52,0.2,-0.1,-0.2
2025-07-21,123860,18370.0,4.53,2.1,-1.0,-1.1
2025-07-22,123860,18180.0,4.62,-1.7,0.0,1.6
2025-07-23,123860,18280.0,4.55,0.7,-0.1,-0.5
2025-07-24,123860,19340.0,4.58,6.5,-0.0,-6.6
2025-07-25,123860,19210.0,4.86,-0.5,0.1,0.2
2025-07-28,123860,18720.0,4.84,-1.3,-0.0,1.4
2025-07-29,123860,18540.0,4.78,-1.2,0.0,0.2
2025-07-30,123860,18650.0,4.73,1.2,-0.1,-1.1
2025-07-31,123860,18760.0,4.78,0.6,-0.2,-0.3
2025-08-01,123860,18340.0,4.89,-0.4,0.1,0.3
2025-08-04,123860,18200.0,4.87,-0.7,-0.0,0.7
2025-08-05,123860,18520.0,4.84,0.9,-0.1,-0.8
2025-08-06,123860,18390.0,4.88,0.2,0.0,-0.2
2025-08-07,123860,18340.0,4.89,0.1,0.0,-0.2
2025-08-08,123860,18770.0,4.89,1.9,-0.6,-1.2
2025-08-11,123860,18930.0,4.97,1.8,-1.2,-0.5
2025-08-12,123860,19070.0,5.05,0.3,-0.3,0.2
2025-08-13,123860,19400.0,5.06,3.1,-2.8,0.4
2025-08-14,123860,18920.0,5.2,-2.4,0.0,2.3
2025-08-18,123860,18890.0,5.09,-1.1,0.1,1.1
2025-08-19,123860,18490.0,5.04,-1.9,-1.0,3.2
2025-08-20,123860,18080.0,4.96,0.9,0.0,-0.9
2025-08-21,123860,18110.0,5.0,0.4,0.0,-1.4
2025-08-22,123860,17700.0,5.02,-2.4,0.0,1.3
2025-08-25,123860,18040.0,4.9,1.6,-0.1,-1.6
2025-08-26,123860,18150.0,5.04,0.7,-0.0,-1.2
2025-08-27,123860,18090.0,5.13,0.7,0.1,-0.3
2025-08-28,123860,18300.0,5.08,1.9,-0.3,-1.6
2025-08-29,123860,17900.0,5.16,-0.9,-0.9,1.9
2025-09-01,123860,17010.0,5.15,-4.5,-0.1,4.4
2025-09-02,123860,17200.0,4.93,-0.1,-0.0,0.1
2025-09-03,123860,17440.0,4.91,1.0,-0.0,-0.9
2025-09-04,123860,17670.0,4.96,0.5,0.0,-0.5
2025-09-05,123860,19980.0,4.98,18.3,2.5,-20.7
2025-09-08,123860,19300.0,5.77,-0.7,1.2,-0.6
2025-09-09,123860,19370.0,5.74,0.0,0.8,-0.8
2025-09-10,123860,19590.0,5.74,-0.2,0.0,0.2
2025-09-11,123860,20200.0,5.73,3.5,-2.1,-1.4
2025-09-12,123860,19950.0,5.87,1.2,0.1,-0.2
2025-09-15,123860,19850.0,5.92,1.5,-2.3,0.8
2025-09-16,123860,20200.0,5.99,1.1,0.1,-0.9
2025-09-17,123860,20400.0,6.03,1.4,-0.3,-1.2
2025-09-18,123860,20350.0,6.07,-0.1,-0.0,0.1
2025-09-19,123860,19940.0,6.06,-0.9,-0.0,0.9
2025-09-22,123860,19790.0,6.03,1.2,0.0,-1.2
2025-09-23,123860,19750.0,6.08,0.3,0.0,-0.3
2025-09-24,123860,19760.0,6.09,2.2,-1.1,-1.1
2025-09-25,123860,19270.0,6.18,-0.3,0.0,0.3
2025-09-26,123860,18870.0,6.17,-2.1,-0.0,2.1
2025-09-29,123860,18890.0,6.08,0.0,0.0,-0.0
2025-09-30,123860,18870.0,6.08,-0.7,0.0,0.8
2025-10-01,123860,18730.0,6.05,-0.6,-0.0,0.6
2025-10-02,123860,18750.0,6.02,0.1,-0.0,-1.0
2025-10-10,123860,18400.0,6.03,-1.1,-0.7,1.7
2025-10-13,123860,18210.0,5.98,-0.2,0.5,-0.3
2025-10-14,123860,17900.0,5.97,-1.6,-0.4,1.7
2025-10-15,123860,17880.0,5.89,0.1,0.0,-0.4
2025-10-16,123860,17870.0,5.9,1.0,0.3,-1.4
2025-10-17,123860,17710.0,5.94,-0.5,-0.3,0.8
2025-10-20,123860,17920.0,5.92,-0.1,-0.1,0.3
2025-10-21,123860,17650.0,5.93,-1.5,-0.0,1.4
2025-10-22,123860,18300.0,5.86,0.8,0.4,-1.2
2025-10-23,123860,17800.0,5.9,-2.6,-0.3,2.9
2025-10-24,123860,17700.0,5.78,-2.2,-0.0,2.2
2025-10-27,123860,17470.0,5.68,0.3,0.0,-0.2
2025-10-28,123860,17350.0,5.7,-1.1,-0.0,2.1
2025-10-29,123860,17750.0,5.65,1.2,0.2,-1.2
2025-10-30,123860,17460.0,5.7,-1.2,-0.1,1.2
2025-10-31,123860,17640.0,5.65,-0.4,-0.1,0.7
2025-11-03,123860,17340.0,5.63,-0.0,0.2,-0.2
2025-11-04,123860,17340.0,5.63,-0.0,-0.2,0.3
2025-11-05,123860,17170.0,5.63,-2.6,0.4,2.1
2025-11-06,123860,17100.0,5.5,-0.4,0.3,0.1
2025-11-07,123860,17200.0,5.48,-1.8,-0.5,2.4
2025-11-10,123860,17210.0,5.39,0.4,0.3,-0.1
2025-11-11,123860,17070.0,5.45,-0.6,-0.4,1.0
2025-11-12,123860,17300.0,5.35,0.5,0.2,-0.7
2025-11-13,123860,17330.0,5.38,0.1,0.0,-0.2
2025-11-14,123860,17600.0,5.38,8.4,-7.8,-0.9
2025-11-17,123860,17740.0,5.77,-1.7,0.0,1.8
2025-11-18,123860,17350.0,5.69,-5.0,-0.4,5.4
2025-11-19,123860,17150.0,5.46,-0.8,0.1,0.6
2025-11-20,123860,17180.0,5.42,0.4,-0.0,-0.4
2025-11-21,123860,17210.0,5.44,1.8,-0.0,-1.8
2025-11-24,123860,17370.0,5.52,-0.5,-0.0,0.5
2025-11-25,123860,17160.0,5.5,-4.0,0.4,3.5
2025-11-26,123860,16980.0,5.31,-2.0,-0.4,2.5
2025-11-27,123860,16970.0,5.21,0.6,0.0,-0.7
2025-11-28,123860,17350.0,5.24,2.3,-0.2,-1.8
2025-12-01,123860,17900.0,5.35,7.4,-1.9,-5.5
2025-12-02,123860,18090.0,5.85,-0.0,-0.1,0.1
2025-12-03,123860,18050.0,5.85,1.1,-0.3,-0.9
2025-12-04,123860,17910.0,5.9,-1.3,-1.4,2.7
2025-12-05,123860,17910.0,5.84,-0.2,0.1,0.2
2025-12-08,123860,17750.0,5.83,0.2,-0.1,-0.0
2025-12-09,123860,17630.0,5.83,0.1,-0.2,0.1
2025-12-10,123860,17440.0,5.84,0.7,0.0,-0.7
2025-12-11,123860,17300.0,5.87,2.3,0.1,-2.4
2025-12-12,123860,17470.0,5.98,0.4,0.0,-0.4
2025-12-15,123860,17250.0,6.0,-0.5,-0.0,0.5
2025-12-16,123860,17040.0,5.96,-5.0,-0.2,5.1
2025-12-17,123860,17310.0,5.72,1.3,0.2,-1.4
2025-12-18,123860,17230.0,5.78,-0.3,-0.0,0.3
2025-12-19,123860,17280.0,5.77,-0.5,-0.1,0.6
2025-12-22,123860,17330.0,5.74,1.2,0.0,-1.2
2025-12-23,123860,17520.0,5.8,-0.1,-0.2,0.8
2025-12-24,123860,17410.0,5.82,-0.2,1.0,-0.7
2025-12-26,123860,17360.0,5.8,0.2,-0.1,-0.1
2025-12-29,123860,17460.0,5.81,0.8,-0.2,-0.5
2025-12-30,123860,17350.0,5.85,-0.1,-0.8,0.9
2026-01-02,123860,17190.0,5.84,-0.2,-0.0,0.2
2026-01-05,123860,17180.0,5.83,-0.3,-0.0,0.3
2026-01-06,123860,17190.0,5.82,-0.9,-0.0,1.0
2026-01-07,123860,17290.0,5.77,-1.9,-0.0,2.0
2026-01-08,123860,17030.0,5.68,-0.1,-0.0,0.1
2026-01-09,123860,16830.0,5.67,-4.9,-0.0,4.9
2026-01-12,123860,16900.0,5.43,0.3,0.0,-0.3
2026-01-13,123860,16650.0,5.44,-1.5,-0.0,1.4
2026-01-14,123860,16340.0,5.49,-2.4,-0.0,2.4
2026-01-15,123860,16470.0,5.37,-1.0,-0.0,1.0
2026-01-16,123860,16500.0,5.32,-0.9,-0.0,0.9
2026-01-19,123860,16890.0,5.28,1.4,-0.0,-1.4
2026-01-20,123860,16610.0,5.34,0.7,-0.0,-0.5
2026-01-21,123860,16750.0,5.38,-1.6,-0.0,1.4
2026-01-22,123860,16850.0,5.3,0.9,-0.0,-0.9
2026-01-23,123860,16790.0,5.34,0.4,-0.1,-0.3
2026-01-26,123860,16710.0,5.36,1.0,-0.1,-0.9
2026-01-27,123860,16620.0,5.41,-2.1,0.0,2.1
2026-01-28,123860,16750.0,5.3,3.4,-0.0,-3.3
2026-01-29,123860,16940.0,5.47,4.2,-0.1,-2.3
2026-01-30,123860,17710.0,5.68,-1.0,-0.0,1.0
2026-02-02,123860,17080.0,5.63,-2.8,0.0,2.7
2026-02-03,123860,17200.0,5.5,-0.5,-0.0,0.5
2026-02-04,123860,17300.0,5.44,1.3,-0.0,-1.3
2026-02-05,123860,17100.0,5.49,-0.4,-0.0,0.9
2026-02-06,123860,17000.0,5.47,-5.3,-0.0,5.3
2026-02-09,123860,17300.0,5.21,3.3,0.0,-3.1
2026-02-10,123860,17350.0,5.37,1.6,0.0,-1.7
2026-02-11,123860,17530.0,5.48,3.4,-0.0,-1.6
2026-02-12,123860,17140.0,5.65,0.0,-0.0,-0.0
2026-02-13,123860,17410.0,5.66,-0.3,0.0,0.3
2026-02-19,123860,17430.0,5.64,0.9,0.0,1.6
2026-02-20,123860,17400.0,5.68,-2.3,-0.0,2.3
2026-02-23,123860,17300.0,5.57,-0.0,-0.0,0.0
2026-02-24,123860,17590.0,5.57,3.1,-0.0,-3.1
2026-02-25,123860,17410.0,5.72,-0.8,-0.0,0.9
2026-02-26,123860,16980.0,5.68,-4.2,-0.0,4.2
2026-02-27,123860,16640.0,5.47,-7.5,-0.0,8.3
2026-03-03,123860,15850.0,5.09,-3.4,0.0,3.4
2026-03-04,123860,14320.0,4.92,1.5,-0.0,-1.5
2026-03-05,123860,15290.0,4.93,-0.5,-0.0,-0.2
2026-03-06,123860,15640.0,4.9,0.5,-0.1,-0.5
2026-03-09,123860,14710.0,4.93,-0.8,0.0,0.8
2026-03-10,123860,15920.0,4.88,1.0,-0.0,-1.1
2026-03-11,123860,15510.0,4.97,-1.6,-0.0,1.5
2026-03-12,123860,15470.0,4.88,-0.6,-0.0,0.6
2026-03-13,123860,15890.0,4.85,0.7,-0.0,-0.7
2026-03-16,123860,15410.0,4.89,-0.8,0.0,1.4
2026-03-17,123860,15570.0,4.84,0.3,-0.0,-0.4
2026-03-18,123860,15600.0,4.86,0.1,0.0,-0.2
2026-03-19,123860,15770.0,4.87,-0.0,-0.0,-0.0
2026-03-20,123860,15590.0,4.86,-1.5,-0.0,1.5
2026-03-23,123860,14680.0,4.79,-1.5,-0.0,1.5
2026-03-24,123860,14990.0,4.7,-0.4,-0.0,0.5
2026-03-25,123860,16000.0,4.68,1.3,-0.0,-1.3
2026-03-26,123860,15430.0,4.74,-1.2,-0.0,1.2
2026-03-27,123860,17420.0,4.68,7.3,0.4,-7.8
2026-03-30,123860,17210.0,5.03,-1.1,-0.0,-5.9
2026-03-31,123860,16910.0,4.98,-4.4,0.0,-3.3
2026-04-01,123860,17180.0,4.76,-0.3,-0.1,-1.5
2026-04-02,123860,16630.0,4.75,-1.2,-0.1,1.2
2026-04-03,123860,17100.0,4.69,1.9,0.0,-4.6
2026-04-06,123860,17820.0,4.78,15.7,-14.6,-4.4
2026-04-07,123860,17800.0,5.5,-2.2,0.0,1.2
2026-04-08,123860,18000.0,5.4,-1.5,-0.1,-2.9
2026-04-09,123860,17620.0,5.33,-3.5,0.0,0.1
2026-04-10,123860,17780.0,5.17,0.2,-1.3,-2.6
2026-04-13,123860,17700.0,5.18,0.5,0.0,-2.2
2026-04-14,123860,17710.0,5.2,-4.3,-1.3,3.1
2026-04-15,123860,17860.0,5.02,3.7,-0.0,-4.1
2026-04-16,123860,17970.0,5.19,-1.2,-0.0,1.1
2026-04-17,123860,17910.0,5.13,-0.9,0.0,0.7
2026-04-20,123860,17820.0,5.09,-0.6,0.0,0.5
2026-04-21,123860,17570.0,5.06,-1.9,0.0,1.9
2026-04-22,123860,17550.0,4.97,0.9,-0.1,-3.2
2026-04-23,123860,17610.0,5.02,0.6,-0.0,-1.8
2026-04-24,123860,17930.0,5.04,2.7,0.1,-3.3
2026-04-27,123860,17600.0,5.17,-1.8,-0.0,1.8
2026-04-28,123860,17600.0,5.08,-0.4,0.0,0.4
2026-04-29,123860,17530.0,5.06,-1.0,0.0,-0.5
2026-04-30,123860,17500.0,5.02,-0.3,-0.2,-1.2
2026-05-04,123860,17990.0,5.01,7.7,-0.0,-2.0
2026-05-06,123860,17800.0,5.36,-4.9,-0.0,2.8
2026-05-07,123860,17400.0,5.13,-1.6,-0.5,0.2
2026-05-08,123860,17870.0,5.05,3.5,-0.0,-4.1
2026-05-11,123860,17900.0,5.21,1.0,-0.0,-1.0
2026-05-12,123860,17460.0,5.26,-1.2,-0.2,1.3
2026-05-13,123860,17100.0,5.21,-1.3,0.0,1.2
2026-05-14,123860,16980.0,5.14,2.1,-0.0,-3.9
2026-05-15,123860,16640.0,5.22,0.1,0.0,-1.8
2026-05-18,123860,18000.0,5.03,6.6,-2.3,-6.1
2026-05-19,123860,19200.0,5.41,15.7,-0.8,-18.8
2026-05-20,123860,18850.0,6.04,-3.0,-6.0,11.6
2026-05-21,123860,18720.0,5.95,4.0,-4.0,-0.8
2026-05-22,123860,22500.0,6.12,26.3,-0.5,-27.5
2026-05-26,123860,21900.0,7.17,-5.8,2.5,3.6
2026-05-27,123860,19210.0,6.95,-3.3,-1.5,4.7
2026-05-28,123860,18480.0,6.81,1.4,0.3,-1.6
2026-05-29,123860,19030.0,6.87,-7.5,-1.1,7.7
2026-06-01,123860,17840.0,6.56,0.1,0.3,-1.9
2026-06-02,123860,17670.0,6.56,-1.5,-0.3,0.5
2026-06-04,123860,17810.0,6.51,0.1,-0.0,-1.0
2026-06-05,123860,16850.0,6.51,-1.8,0.0,1.8
2026-06-08,123860,14910.0,6.43,-2.1,-0.0,1.7
2026-06-09,123860,15390.0,6.31,-0.2,0.0,-1.4
2026-06-10,123860,14650.0,6.3,-1.0,-0.0,-0.1
2026-06-11,123860,14970.0,6.24,-0.9,0.0,-0.5
2026-06-12,123860,14990.0,6.19,-2.6,0.1,1.9
2026-06-15,123860,16240.0,6.05,0.4,0.0,-0.7
2026-06-16,123860,16240.0,6.07,-1.1,-0.2,1.2
2026-06-17,123860,16500.0,6.02,0.1,0.0,-0.1
2026-06-18,123860,16610.0,5.91,-1.2,0.0,1.5
2026-06-19,123860,16770.0,5.85,-1.0,0.0,1.0
2026-06-22,123860,16380.0,5.8,-1.7,0.0,1.9
2026-06-23,123860,15050.0,5.72,-2.7,0.0,3.0
2026-06-24,123860,15110.0,5.57,-3.2,0.0,3.3
2026-06-25,123860,15250.0,5.39,-1.7,0.0,0.1
2026-06-26,123860,15300.0,5.29,-2.2,0.0,-1.0
2026-06-29,123860,15380.0,5.21,-0.1,0.0,0.0
2026-06-30,123860,15150.0,5.2,-0.7,0.0,0.7
2026-07-01,123860,15170.0,5.17,-0.3,0.0,0.3
2026-07-02,123860,15110.0,5.15,-1.5,0.0,-0.1
2026-07-03,123860,15250.0,5.07,-0.7,-0.0,-1.6
2026-07-06,123860,15100.0,5.03,-1.3,0.0,0.7
2026-07-07,123860,14270.0,4.96,-2.2,0.0,0.8
2026-07-08,123860,13650.0,4.83,-1.6,-0.0,2.7
2026-07-09,123860,13270.0,4.73,0.4,0.0,-0.7
2026-07-10,123860,14270.0,4.76,0.2,-0.0,-0.2
2026-07-13,123860,13960.0,4.77,-0.5,0.0,0.5
2026-07-14,123860,13100.0,4.82,-1.7,-0.0,1.7
2026-07-15,123860,13260.0,4.64,0.6,0.0,-0.7
2026-07-16,123860,13360.0,4.68,-0.0,0.0,0.1
2025-07-14,123890,2690.0,3.97,1.5,0.3,-1.7
2025-07-15,123890,2675.0,4.02,-0.6,0.4,0.2
2025-07-16,123890,2635.0,4.0,-2.9,0.1,2.7
2025-07-17,123890,2620.0,3.91,-1.2,-0.3,1.4
2025-07-18,123890,2585.0,3.87,-1.5,0.1,1.5
2025-07-21,123890,2580.0,3.82,-1.3,-0.0,1.2
2025-07-22,123890,2540.0,3.78,-1.3,-0.0,1.5
2025-07-23,123890,2535.0,3.74,-1.5,0.0,1.1
2025-07-24,123890,2520.0,3.69,-2.3,0.0,2.2
2025-07-25,123890,2545.0,3.62,-0.4,0.0,0.4
2025-07-28,123890,2490.0,3.62,-1.8,-0.2,2.0
2025-07-29,123890,2480.0,3.56,-0.3,-0.0,0.4
2025-07-30,123890,2490.0,3.53,0.2,-0.0,-0.1
2025-07-31,123890,2520.0,3.54,-0.0,0.0,-0.0
2025-08-01,123890,2440.0,3.54,-1.8,-0.1,1.7
2025-08-04,123890,2460.0,3.47,-0.1,-0.1,0.1
2025-08-05,123890,2475.0,3.47,-0.3,0.0,0.3
2025-08-06,123890,2490.0,3.46,0.8,-0.0,-0.7
2025-08-07,123890,2485.0,3.49,-0.6,-0.1,0.6
2025-08-08,123890,2485.0,3.47,-0.7,-0.0,0.7
2025-08-11,123890,2480.0,3.44,-0.6,0.1,0.5
2025-08-12,123890,2475.0,3.42,-0.7,-0.0,0.5
2025-08-13,123890,2445.0,3.4,-1.8,-0.0,1.6
2025-08-14,123890,2415.0,3.34,-2.4,0.0,2.2
2025-08-18,123890,2405.0,3.26,-1.0,0.1,1.0
2025-08-19,123890,2365.0,3.22,-1.8,-0.7,2.4
2025-08-20,123890,2360.0,3.16,-1.0,-0.2,1.2
2025-08-21,123890,2390.0,3.13,-0.6,0.6,-0.1
2025-08-22,123890,2405.0,3.11,-0.8,-0.0,0.8
2025-08-25,123890,2410.0,3.08,-0.2,-0.0,0.2
2025-08-26,123890,2370.0,3.07,-1.6,0.2,1.4
2025-08-27,123890,2360.0,3.07,-1.3,-0.1,1.2
2025-08-28,123890,2390.0,3.04,0.1,-0.1,0.0
2025-08-29,123890,2410.0,3.04,-1.1,1.5,-0.3
2025-09-01,123890,2385.0,3.01,-0.5,0.3,0.3
2025-09-02,123890,2375.0,3.09,-0.3,-0.1,0.4
2025-09-03,123890,2370.0,3.08,-0.1,-0.2,0.3
2025-09-04,123890,2370.0,3.08,0.0,-0.1,0.1
2025-09-05,123890,2370.0,3.08,-0.1,-0.0,0.2
2025-09-08,123890,2440.0,3.07,0.5,-0.1,-0.8
2025-09-09,123890,2445.0,3.09,-0.6,0.1,0.5
2025-09-10,123890,2455.0,3.07,0.9,-1.2,0.3
2025-09-11,123890,2475.0,3.1,0.5,1.3,-1.4
2025-09-12,123890,2450.0,3.12,-1.6,0.0,1.3
2025-09-15,123890,2455.0,3.06,0.0,-0.0,-0.1
2025-09-16,123890,2445.0,3.06,-0.9,0.1,0.8
2025-09-17,123890,2420.0,3.03,1.1,0.0,-1.2
2025-09-18,123890,2410.0,3.07,-0.5,-1.2,1.3
2025-09-19,123890,2350.0,3.06,-6.5,-0.7,7.1
2025-09-22,123890,2350.0,2.8,-1.3,-0.4,2.1
2025-09-23,123890,2335.0,2.76,-3.6,0.0,3.4
2025-09-24,123890,2300.0,2.61,-4.6,-0.0,4.5
2025-09-25,123890,2305.0,2.44,-1.0,0.0,0.9
2025-09-26,123890,2280.0,2.41,-2.8,-0.1,2.9
2025-09-29,123890,2305.0,2.28,0.1,-0.2,-0.0
2025-09-30,123890,2315.0,2.28,-0.3,-0.0,0.4
2025-10-01,123890,2325.0,2.27,-0.9,-0.0,0.9
2025-10-02,123890,2325.0,2.24,-1.2,0.0,1.6
2025-10-10,123890,2270.0,2.2,-2.6,-0.1,3.1
2025-10-13,123890,2235.0,2.1,-1.9,-0.9,3.3
2025-10-14,123890,2235.0,2.03,0.2,-0.5,0.4
2025-10-15,123890,2270.0,2.04,0.1,-0.1,0.2
2025-10-16,123890,2280.0,2.04,-0.0,0.1,-0.1
2025-10-17,123890,2250.0,2.04,-1.7,-1.3,2.9
2025-10-20,123890,2255.0,1.98,0.5,-0.0,-0.5
2025-10-21,123890,2235.0,2.06,-0.1,-0.1,0.2
2025-10-22,123890,2265.0,2.06,-0.2,0.0,0.2
2025-10-23,123890,2265.0,2.05,0.3,-0.0,-0.3
2025-10-24,123890,2275.0,2.06,-0.3,-0.1,0.5
2025-10-27,123890,2285.0,2.05,-0.3,-0.1,0.6
2025-10-28,123890,2270.0,2.04,-0.4,0.1,0.4
2025-10-29,123890,2260.0,2.02,-0.4,-0.1,0.5
2025-10-30,123890,2235.0,2.01,-1.5,-0.0,1.7
2025-10-31,123890,2215.0,1.96,-1.6,-2.7,4.0
2025-11-03,123890,2215.0,1.91,-0.8,-0.1,1.0
2025-11-04,123890,2205.0,1.88,-0.4,-0.3,0.7
2025-11-05,123890,2200.0,1.87,-0.5,0.1,0.5
2025-11-06,123890,2240.0,1.85,0.5,0.1,-0.6
2025-11-07,123890,2245.0,1.82,-0.5,0.1,0.7
2025-11-10,123890,2300.0,1.81,0.9,0.2,-1.5
2025-11-11,123890,2295.0,1.79,0.0,0.0,-0.0
2025-11-12,123890,2340.0,1.79,2.1,0.1,-2.7
2025-11-13,123890,2355.0,1.86,-0.1,0.3,-0.1
2025-11-14,123890,2375.0,1.85,0.3,0.4,-1.4
2025-11-17,123890,2385.0,1.86,0.7,0.2,-1.7
2025-11-18,123890,2340.0,1.97,-0.0,-0.6,0.2
2025-11-19,123890,2365.0,1.96,1.6,0.0,-1.6
2025-11-20,123890,2415.0,2.02,3.2,0.2,-3.8
2025-11-21,123890,2415.0,2.05,1.9,0.1,-2.4
2025-11-24,123890,2405.0,2.12,0.8,-0.3,-0.6
2025-11-25,123890,2390.0,2.14,0.4,0.0,-0.5
2025-11-26,123890,2440.0,2.16,0.7,-0.1,-2.2
2025-11-27,123890,2465.0,2.18,0.4,-0.1,-0.6
2025-11-28,123890,2470.0,2.19,-0.2,0.0,0.2
2025-12-01,123890,2500.0,2.2,1.4,0.0,-2.0
2025-12-02,123890,2555.0,2.25,3.3,2.1,-5.5
2025-12-03,123890,2545.0,2.35,-0.4,-0.3,0.1
2025-12-04,123890,2535.0,2.34,-0.6,0.3,0.3
2025-12-05,123890,2545.0,2.32,0.3,0.6,-0.9
2025-12-08,123890,2530.0,2.32,-0.4,-0.2,0.1
2025-12-09,123890,2525.0,2.3,0.5,-0.0,-1.1
2025-12-10,123890,2530.0,2.32,0.3,-0.1,-1.2
2025-12-11,123890,2510.0,2.33,0.2,-0.4,-0.4
2025-12-12,123890,2545.0,2.34,0.5,0.0,-0.8
2025-12-15,123890,2535.0,2.36,0.5,-0.0,-1.4
2025-12-16,123890,2540.0,2.37,-1.4,2.1,-1.2
2025-12-17,123890,2530.0,2.72,-0.9,0.2,-0.2
2025-12-18,123890,2515.0,2.69,-0.6,-0.2,0.5
2025-12-19,123890,2515.0,2.67,0.7,0.0,-0.7
2025-12-22,123890,2520.0,2.69,0.3,0.0,-0.4
2025-12-23,123890,2485.0,2.71,-0.8,-0.2,0.9
2025-12-24,123890,2495.0,2.68,0.8,0.3,-1.1
2025-12-26,123890,2485.0,2.7,1.0,0.7,-1.3
2025-12-29,123890,2445.0,2.34,0.4,-1.1,0.8
2025-12-30,123890,2430.0,2.35,0.3,-0.3,0.0
2026-01-02,123890,2400.0,2.37,0.2,-1.4,1.5
2026-01-05,123890,2400.0,2.37,-0.2,-0.1,0.4
2026-01-06,123890,2425.0,2.76,0.1,0.0,0.0
2026-01-07,123890,2380.0,3.31,-0.7,0.0,0.2
2026-01-08,123890,2325.0,3.28,3.5,-2.8,-0.4
2026-01-09,123890,2410.0,3.4,-0.1,3.2,-3.1
2026-01-12,123890,2445.0,3.4,-0.0,3.2,-3.1
2026-01-13,123890,2455.0,3.63,-2.5,2.9,-2.0
2026-01-14,123890,2505.0,3.55,1.5,3.0,-4.5
2026-01-15,123890,2480.0,3.6,-2.4,2.2,0.2
2026-01-16,123890,2460.0,3.52,0.2,-0.2,-0.2
2026-01-19,123890,2435.0,3.52,1.1,-0.3,-0.7
2026-01-20,123890,2450.0,3.56,2.6,1.2,-3.8
2026-01-21,123890,2425.0,3.65,-0.5,-0.1,0.6
2026-01-22,123890,2430.0,3.63,0.2,0.9,-1.2
2026-01-23,123890,2450.0,3.64,0.6,1.1,-1.7
2026-01-26,123890,2465.0,3.66,0.0,0.2,-0.3
2026-01-27,123890,2510.0,3.66,-0.1,2.4,-2.3
2026-01-28,123890,2525.0,3.66,-2.1,3.0,-2.5
2026-01-29,123890,2560.0,3.52,5.5,0.1,-6.7
2026-01-30,123890,2605.0,3.7,4.1,2.6,-7.8
2026-02-02,123890,2585.0,3.83,0.5,1.8,-2.9
2026-02-03,123890,2610.0,3.84,0.2,-0.1,-0.7
2026-02-04,123890,2645.0,3.85,1.0,0.0,-2.3
2026-02-05,123890,2660.0,3.2,0.5,0.8,-1.9
2026-02-06,123890,2640.0,3.21,-0.6,0.1,-0.4
2026-02-09,123890,2640.0,3.19,-3.4,-0.2,1.4
2026-02-10,123890,2650.0,3.09,3.8,0.0,-4.9
2026-02-11,123890,2770.0,3.2,8.2,0.8,-10.6
2026-02-12,123890,2785.0,3.45,2.3,2.8,-2.6
2026-02-13,123890,2860.0,3.52,2.2,4.4,-9.2
2026-02-19,123890,2920.0,3.58,-4.5,1.5,2.2
2026-02-20,123890,2975.0,3.46,1.9,0.1,-3.9
2026-02-23,123890,2950.0,3.51,-3.9,0.2,2.6
2026-02-24,123890,2970.0,3.4,-7.6,0.0,12.3
2026-02-25,123890,3025.0,3.23,7.9,0.2,-10.5
2026-02-26,123890,2975.0,3.45,0.7,1.9,-3.1
2026-02-27,123890,2980.0,3.47,-0.0,0.1,-2.4
2026-03-03,123890,2890.0,3.47,5.0,0.7,-5.6
2026-03-04,123890,2610.0,3.61,1.4,-0.6,-2.6
2026-03-05,123890,2800.0,3.65,4.6,0.8,-5.3
2026-03-06,123890,2785.0,3.78,0.3,-0.0,-0.2
2026-03-09,123890,2720.0,3.79,3.8,0.1,-3.9
2026-03-10,123890,2785.0,3.9,1.0,1.4,-2.7
2026-03-11,123890,2835.0,3.56,1.9,-0.1,-2.1
2026-03-12,123890,2880.0,3.61,1.6,-0.0,-2.8
2026-03-13,123890,2850.0,3.66,2.9,-2.0,-1.1
2026-03-16,123890,2845.0,3.74,0.8,0.0,-0.9
2026-03-17,123890,2845.0,3.76,1.1,-0.5,-0.4
2026-03-18,123890,2875.0,3.83,3.0,-0.0,-2.7
2026-03-19,123890,2875.0,3.81,1.5,-0.0,-1.7
2026-03-20,123890,2950.0,3.85,11.3,0.1,-10.6
2026-03-23,123890,2850.0,4.17,-0.2,0.1,0.1
2026-03-24,123890,2850.0,4.16,-2.7,0.0,2.6
2026-03-25,123890,2855.0,4.08,-2.7,-0.1,2.8
2026-03-26,123890,2815.0,4.01,-1.8,1.0,1.2
2026-03-27,123890,2840.0,3.95,0.3,0.2,-0.5
2026-03-30,123890,2615.0,4.03,-5.3,-1.0,5.9
2026-03-31,123890,2570.0,3.75,-3.2,-0.6,4.0
2026-04-01,123890,2585.0,3.65,-1.5,-2.6,4.1
2026-04-02,123890,2555.0,3.6,-1.4,0.5,0.8
2026-04-03,123890,2560.0,3.51,1.0,-1.3,0.3
2026-04-06,123890,2520.0,3.54,0.2,-0.5,0.3
2026-04-07,123890,2515.0,3.55,-0.1,0.0,1.3
2026-04-08,123890,2605.0,3.55,2.2,-0.0,-1.9
2026-04-09,123890,2600.0,3.62,0.1,0.1,-0.2
2026-04-10,123890,2645.0,3.62,2.3,0.1,-2.3
2026-04-13,123890,2640.0,3.69,1.9,1.6,-3.4
2026-04-14,123890,2705.0,3.75,1.7,0.0,-1.7
2026-04-15,123890,2700.0,3.8,0.4,-0.2,-0.0
2026-04-16,123890,2750.0,3.81,-0.3,-0.1,-0.4
2026-04-17,123890,2765.0,3.8,-0.7,1.0,-0.3
2026-04-20,123890,2745.0,3.78,-1.0,-0.1,0.4
2026-04-21,123890,2725.0,3.75,0.2,-1.0,0.9
2026-04-22,123890,2690.0,3.75,0.8,-1.3,0.4
2026-04-23,123890,2690.0,3.78,1.9,-0.2,-1.7
2026-04-24,123890,2710.0,3.84,1.1,-0.8,-0.4
2026-04-27,123890,2685.0,4.46,-1.2,0.1,1.0
2026-04-28,123890,2725.0,4.27,2.5,0.7,-3.7
2026-04-29,123890,2740.0,4.35,-0.9,3.2,-1.6
2026-04-30,123890,2655.0,4.3,-0.7,-0.1,0.8
2026-05-04,123890,2620.0,4.28,-2.1,-0.8,4.4
2026-05-06,123890,2550.0,4.21,-2.9,-0.4,5.4
2026-05-07,123890,2535.0,4.12,2.0,-1.0,0.7
2026-05-08,123890,2530.0,4.18,-1.4,-2.9,4.1
2026-05-11,123890,2450.0,4.14,-2.8,-0.2,2.8
2026-05-12,123890,2370.0,4.05,-0.5,-0.3,2.1
2026-05-13,123890,2375.0,4.03,-0.4,-0.4,0.9
2026-05-14,123890,2405.0,4.01,1.0,-0.1,0.3
2026-05-15,123890,2425.0,4.02,0.2,-0.4,1.3
2026-05-18,123890,2440.0,4.03,-1.7,0.2,1.6
2026-05-19,123890,2430.0,3.97,-0.4,-0.3,0.7
2026-05-20,123890,2375.0,3.96,-1.8,0.7,1.0
2026-05-21,123890,2365.0,3.9,-2.0,0.2,1.8
2026-05-22,123890,2435.0,3.83,1.5,-0.3,-2.1
2026-05-26,123890,2395.0,3.88,-1.8,-0.1,2.2
2026-05-27,123890,2325.0,3.81,-2.2,-0.3,3.1
2026-05-28,123890,2335.0,3.74,1.4,-0.3,0.3
2026-05-29,123890,2300.0,3.79,1.7,-0.1,0.2
2026-06-01,123890,2250.0,3.85,1.0,-0.0,-0.7
2026-06-02,123890,2195.0,3.88,-0.1,-0.4,1.9
2026-06-04,123890,2210.0,3.88,-9.4,-0.5,10.4
2026-06-05,123890,2135.0,3.59,2.9,-0.1,-3.2
2026-06-08,123890,2120.0,3.7,0.5,0.0,-0.3
2026-06-09,123890,2165.0,3.72,1.8,-0.0,-1.2
2026-06-10,123890,2220.0,3.81,1.2,-0.0,-1.2
2026-06-11,123890,2395.0,3.84,-6.5,22.9,-14.5
2026-06-12,123890,2295.0,3.63,-1.7,-1.1,1.8
2026-06-15,123890,2310.0,3.57,-0.2,-0.2,0.1
2026-06-16,123890,2390.0,3.56,0.6,0.7,-1.3
2026-06-17,123890,2355.0,3.59,1.0,-2.1,1.3
2026-06-18,123890,2350.0,3.63,1.1,0.0,-1.0
2026-06-19,123890,2290.0,3.67,0.9,-0.3,0.1
2026-06-22,123890,2265.0,3.7,0.6,0.9,-1.5
2026-06-23,123890,2150.0,3.73,-0.3,-0.0,2.6
2026-06-24,123890,2125.0,3.71,-1.7,-0.0,2.4
2026-06-25,123890,2110.0,3.65,-0.4,0.2,1.8
2026-06-26,123890,2065.0,3.63,1.4,-0.1,1.8
2026-06-29,123890,2200.0,3.75,1.0,-0.0,-1.0
2026-06-30,123890,2140.0,3.78,-0.2,-0.2,0.2
2026-07-01,123890,2185.0,3.77,-0.2,0.1,-0.1
2026-07-02,123890,2190.0,3.76,0.8,-0.1,-0.8
2026-07-03,123890,2220.0,3.88,0.3,0.3,-0.7
2026-07-06,123890,2240.0,3.89,0.7,0.1,-1.0
2026-07-07,123890,2250.0,3.91,0.9,0.2,-1.0
2026-07-08,123890,2275.0,3.95,0.0,3.0,-3.0
2026-07-09,123890,2190.0,3.95,-1.5,-0.4,1.6
2026-07-10,123890,2260.0,3.89,1.7,-0.7,-0.9
2026-07-13,123890,2240.0,3.95,0.5,0.2,-0.7
2026-07-14,123890,2200.0,4.1,1.8,0.4,-2.2
2026-07-15,123890,2205.0,4.09,-1.9,0.4,1.6
2026-07-16,123890,2225.0,4.02,1.2,0.1,-1.3
2025-07-14,124500,19820.0,6.51,35.7,0.2,-35.6
2025-07-15,124500,19900.0,7.37,6.2,-1.1,-5.9
2025-07-16,124500,19640.0,7.55,13.0,-2.7,-10.0
2025-07-17,124500,18000.0,7.85,-31.7,-4.7,35.6
2025-07-18,124500,18130.0,6.98,9.3,-1.9,-7.8
2025-07-21,124500,19260.0,7.36,-16.2,-0.0,13.4
2025-07-22,124500,18420.0,6.91,-5.9,-0.1,3.5
2025-07-23,124500,18200.0,6.78,3.5,-0.0,-4.2
2025-07-24,124500,18200.0,6.86,-2.0,-0.0,1.3
2025-07-25,124500,19330.0,6.84,-6.3,8.0,0.3
2025-07-28,124500,18650.0,6.83,-20.6,-2.8,22.8
2025-07-29,124500,17960.0,6.29,3.4,-3.5,-1.5
2025-07-30,124500,17140.0,6.38,22.2,-3.0,-19.1
2025-07-31,124500,17440.0,7.03,6.0,0.1,-6.6
2025-08-01,124500,16260.0,7.13,25.4,-10.6,-15.4
2025-08-04,124500,16390.0,7.88,5.5,0.0,-5.9
2025-08-05,124500,16830.0,8.0,-2.7,0.2,2.5
2025-08-06,124500,16510.0,7.86,1.9,-0.5,-1.4
2025-08-07,124500,17160.0,7.91,-3.3,-0.1,3.3
2025-08-08,124500,17050.0,7.83,-7.8,-0.6,8.6
2025-08-11,124500,17790.0,7.68,-7.1,1.1,6.5
2025-08-12,124500,18360.0,7.61,-25.4,1.4,21.6
2025-08-13,124500,17560.0,6.9,-20.3,-0.8,18.8
2025-08-14,124500,17940.0,6.4,5.4,-0.6,-4.3
2025-08-18,124500,16750.0,6.62,-7.2,-1.5,10.8
2025-08-19,124500,16390.0,6.36,1.5,-0.4,-2.6
2025-08-20,124500,15390.0,6.39,11.8,-0.6,-11.4
2025-08-21,124500,15200.0,6.79,12.3,-0.2,-12.7
2025-08-22,124500,15370.0,7.05,2.8,-0.1,-2.8
2025-08-25,124500,15790.0,7.13,2.1,-0.2,-1.4
2025-08-26,124500,15140.0,6.93,6.0,-0.3,-6.0
2025-08-27,124500,14990.0,7.16,10.0,-0.4,-9.4
2025-08-28,124500,14900.0,7.51,-2.9,-0.5,3.6
2025-08-29,124500,14500.0,7.37,1.1,-0.5,-1.2
2025-09-01,124500,14240.0,7.36,9.2,0.4,-9.6
2025-09-02,124500,14480.0,7.68,-3.5,0.1,3.1
2025-09-03,124500,16970.0,7.51,-18.9,22.0,-4.3
2025-09-04,124500,17920.0,6.96,-34.7,14.6,18.3
2025-09-05,124500,17380.0,6.28,-24.0,3.8,19.3
2025-09-08,124500,18700.0,5.5,-2.8,11.0,-6.9
2025-09-09,124500,18790.0,5.37,-27.0,-0.4,27.2
2025-09-10,124500,18830.0,4.69,-11.3,10.6,-0.0
2025-09-11,124500,18350.0,4.62,-7.9,1.0,6.9
2025-09-12,124500,18420.0,4.33,4.6,1.3,-6.8
2025-09-15,124500,18510.0,4.42,4.8,0.1,-5.1
2025-09-16,124500,18490.0,4.57,2.2,0.3,-2.0
2025-09-17,124500,17640.0,4.65,-8.5,0.7,7.8
2025-09-18,124500,17500.0,4.41,8.1,0.9,-9.6
2025-09-19,124500,17020.0,4.65,5.0,-16.6,11.8
2025-09-22,124500,16070.0,4.65,20.0,-19.3,-1.3
2025-09-23,124500,16260.0,5.18,-35.0,-4.2,40.2
2025-09-24,124500,17970.0,4.25,46.6,-3.1,-37.6
2025-09-25,124500,17610.0,5.43,-40.1,-6.6,45.7
2025-09-26,124500,16770.0,4.42,-25.7,-11.0,33.8
2025-09-29,124500,18860.0,3.77,87.4,-3.1,-82.0
2025-09-30,124500,17680.0,5.81,-78.6,-1.7,79.0
2025-10-01,124500,17710.0,3.94,-19.9,0.9,16.8
2025-10-02,124500,18610.0,3.72,36.5,-1.1,-35.1
2025-10-10,124500,22600.0,4.69,45.7,16.7,-59.8
2025-10-13,124500,23450.0,5.62,-114.0,5.7,99.4
2025-10-14,124500,21500.0,3.48,-4.6,1.3,4.9
2025-10-15,124500,21750.0,3.42,-24.7,-1.2,25.7
2025-10-16,124500,19480.0,3.05,-32.1,-7.2,40.2
2025-10-17,124500,19040.0,2.29,-2.1,-2.4,2.6
2025-10-20,124500,18680.0,2.26,-3.0,-6.6,10.7
2025-10-21,124500,18920.0,2.26,-4.5,-1.6,7.0
2025-10-22,124500,18080.0,2.17,-6.8,2.3,2.5
2025-10-23,124500,19580.0,2.02,35.9,-3.8,-37.6
2025-10-24,124500,19780.0,2.82,-25.7,0.3,18.8
2025-10-27,124500,20300.0,2.25,7.2,-0.3,-2.1
2025-10-28,124500,20550.0,2.4,2.7,-0.0,-2.2
2025-10-29,124500,19480.0,2.47,-10.2,0.1,7.5
2025-10-30,124500,18700.0,2.28,6.3,0.5,-7.8
2025-10-31,124500,18700.0,2.42,0.7,0.4,-1.3
2025-11-03,124500,19240.0,2.49,5.0,0.5,-5.1
2025-11-04,124500,19270.0,2.6,10.1,0.4,-10.8
2025-11-05,124500,18760.0,2.83,-17.2,-0.3,18.1
2025-11-06,124500,19990.0,2.42,8.2,2.7,-8.3
2025-11-07,124500,19700.0,2.64,-21.9,0.0,21.1
2025-11-10,124500,21500.0,2.17,29.7,21.6,-51.2
2025-11-11,124500,22050.0,2.78,-14.0,2.4,9.6
2025-11-12,124500,22200.0,2.49,-5.2,8.8,-5.7
2025-11-13,124500,23100.0,2.39,-33.4,11.1,25.5
2025-11-14,124500,21650.0,1.73,-7.2,-1.6,5.4
2025-11-17,124500,20000.0,1.59,-15.8,-2.6,15.0
2025-11-18,124500,19890.0,1.31,-7.3,0.1,6.2
2025-11-19,124500,19780.0,1.18,2.2,1.0,-3.1
2025-11-20,124500,20550.0,1.26,1.2,-0.3,-2.3
2025-11-21,124500,19980.0,1.19,-1.3,-2.6,1.5
2025-11-24,124500,20550.0,1.16,2.2,-0.4,-8.2
2025-11-25,124500,20900.0,1.21,0.5,-0.5,1.0
2025-11-26,124500,21350.0,1.22,2.0,0.7,-1.8
2025-11-27,124500,20400.0,1.32,-24.1,-0.4,18.9
2025-11-28,124500,20550.0,0.81,3.1,0.7,-8.8
2025-12-01,124500,21400.0,1.01,16.5,7.4,-24.9
2025-12-02,124500,21000.0,1.34,-10.9,1.5,8.1
2025-12-03,124500,20450.0,1.12,-6.8,0.9,4.6
2025-12-04,124500,20850.0,1.1,7.7,-1.2,-9.4
2025-12-05,124500,20550.0,1.26,-0.4,-0.1,-0.1
2025-12-08,124500,20050.0,1.25,2.9,-0.3,-3.1
2025-12-09,124500,22000.0,1.31,36.7,2.7,-38.9
2025-12-10,124500,25750.0,2.06,71.2,-11.5,-69.9
2025-12-11,124500,26850.0,3.28,24.4,12.7,-37.6
2025-12-12,124500,26450.0,3.68,-19.6,1.6,20.5
2025-12-15,124500,25350.0,3.6,-13.4,0.5,12.5
2025-12-16,124500,22850.0,3.33,35.5,0.5,-34.0
2025-12-17,124500,22100.0,3.92,1.3,-8.2,6.9
2025-12-18,124500,21750.0,3.35,-16.6,-2.0,17.9
2025-12-19,124500,23950.0,2.91,-20.2,0.2,15.5
2025-12-22,124500,28500.0,2.54,118.7,-6.4,-110.9
2025-12-23,124500,31050.0,4.61,47.5,15.2,-67.4
2025-12-24,124500,33200.0,5.34,44.4,-0.5,-61.9
2025-12-26,124500,33900.0,5.95,108.6,-3.4,-104.3
2025-12-29,124500,31900.0,7.29,0.2,-9.6,15.0
2025-12-30,124500,30300.0,7.3,15.3,-6.6,-4.7
2026-01-02,124500,31200.0,7.48,-37.7,10.7,22.0
2026-01-05,124500,30700.0,6.84,-14.7,6.7,7.0
2026-01-06,124500,33950.0,6.57,-21.5,2.6,17.7
2026-01-07,124500,32600.0,6.25,-11.4,0.0,11.9
2026-01-08,124500,31950.0,6.07,-2.3,-14.7,16.5
2026-01-09,124500,33050.0,6.1,2.9,-3.1,-1.0
2026-01-12,124500,35900.0,6.11,-2.4,13.1,-11.1
2026-01-13,124500,37000.0,6.21,-13.8,1.0,11.3
2026-01-14,124500,33600.0,5.98,-26.9,-4.3,30.3
2026-01-15,124500,33750.0,5.62,-1.1,0.2,-5.0
2026-01-16,124500,32200.0,5.63,-8.1,-12.9,17.7
2026-01-19,124500,31000.0,5.54,-6.0,-9.6,24.9
2026-01-20,124500,32250.0,5.45,-3.2,5.7,-5.9
2026-01-21,124500,32650.0,5.37,-21.9,-5.4,25.0
2026-01-22,124500,33500.0,5.08,-1.8,0.7,2.7
2026-01-23,124500,40000.0,5.06,66.6,51.0,-114.2
2026-01-26,124500,43600.0,5.81,-0.0,9.0,-8.7
2026-01-27,124500,48300.0,5.82,16.9,-16.6,-4.3
2026-01-28,124500,49700.0,5.98,-6.9,-14.4,-2.4
2026-01-29,124500,48500.0,5.84,-13.7,-25.3,32.8
2026-01-30,124500,53800.0,5.72,83.6,38.0,-111.5
2026-02-02,124500,47250.0,6.63,-42.9,-12.5,52.0
2026-02-03,124500,50800.0,6.02,-17.6,23.4,-6.5
2026-02-04,124500,51200.0,5.69,-7.1,0.1,6.4
2026-02-05,124500,50100.0,5.67,21.4,-1.5,-16.8
2026-02-06,124500,45450.0,5.94,-7.6,-17.2,35.3
2026-02-09,124500,48800.0,5.65,8.0,-13.9,6.1
2026-02-10,124500,49800.0,5.7,-1.4,19.5,-15.2
2026-02-11,124500,49450.0,5.8,-12.5,-4.2,17.0
2026-02-12,124500,49600.0,5.6,8.6,0.1,-3.6
2026-02-13,124500,48800.0,5.65,-7.9,-16.3,23.5
2026-02-19,124500,47550.0,5.61,-7.0,-9.5,16.7
2026-02-20,124500,47700.0,5.52,-27.0,-0.7,31.4
2026-02-23,124500,51900.0,5.19,48.2,19.5,-60.2
2026-02-24,124500,53100.0,5.81,-38.4,-0.5,38.8
2026-02-25,124500,55000.0,5.24,-12.1,-10.3,21.3
2026-02-26,124500,59200.0,5.23,17.2,12.1,-32.8
2026-02-27,124500,58500.0,5.67,-8.1,-13.9,20.4
2026-03-03,124500,58100.0,5.45,-39.5,16.5,15.7
2026-03-04,124500,47900.0,4.93,-7.5,-19.1,22.8
2026-03-05,124500,60800.0,4.85,53.1,-7.6,-20.7
2026-03-06,124500,59600.0,5.44,-34.1,22.8,7.0
2026-03-09,124500,55900.0,5.11,-22.2,28.6,-6.4
2026-03-10,124500,62300.0,5.07,18.1,182.2,-164.9
2026-03-11,124500,67200.0,5.44,25.2,107.3,-90.8
2026-03-12,124500,71900.0,5.58,-42.5,90.5,-42.8
2026-03-13,124500,70500.0,5.28,-38.4,-5.4,45.1
2026-03-16,124500,69400.0,4.99,-5.3,-3.5,8.6
2026-03-17,124500,70100.0,4.97,12.8,40.2,-37.7
2026-03-18,124500,67000.0,5.07,-48.0,0.4,46.2
2026-03-19,124500,65200.0,4.67,16.6,5.8,-18.0
2026-03-20,124500,61500.0,4.92,-25.6,-8.4,37.0
2026-03-23,124500,52100.0,4.59,30.7,-30.5,3.4
2026-03-24,124500,55600.0,4.93,131.0,71.7,-195.5
2026-03-25,124500,51200.0,6.21,-106.4,-15.3,123.2
2026-03-26,124500,48000.0,5.31,-3.3,-28.8,30.2
2026-03-27,124500,46900.0,5.51,4.0,4.5,-7.4
2026-03-30,124500,46200.0,5.54,-5.7,3.1,-1.3
2026-03-31,124500,45650.0,5.64,-9.2,-15.8,17.1
2026-04-01,124500,49650.0,5.64,-33.8,12.7,19.3
2026-04-02,124500,47750.0,5.22,-26.4,-0.8,23.2
2026-04-03,124500,46550.0,5.04,-11.9,-0.8,15.1
2026-04-06,124500,46600.0,4.94,3.6,-1.7,4.7
2026-04-07,124500,43750.0,4.98,9.3,-8.5,0.2
2026-04-08,124500,48550.0,5.01,25.8,0.4,-25.7
2026-04-09,124500,49750.0,5.4,-13.8,4.8,8.7
2026-04-10,124500,52000.0,5.13,8.2,8.5,-18.9
2026-04-13,124500,50900.0,5.27,-3.3,-0.7,3.8
2026-04-14,124500,53100.0,5.25,34.9,-58.9,25.9
2026-04-15,124500,54000.0,5.52,9.5,8.4,-17.7
2026-04-16,124500,53500.0,5.88,-18.1,10.7,9.2
2026-04-17,124500,53200.0,5.63,12.5,-26.8,14.7
2026-04-20,124500,50500.0,5.39,5.8,-36.9,31.3
2026-04-21,124500,46700.0,5.39,-8.8,-47.1,62.5
2026-04-22,124500,47600.0,5.06,1.1,-19.6,18.0
2026-04-23,124500,46850.0,5.06,6.4,-25.6,19.3
2026-04-24,124500,46250.0,5.48,7.2,-20.8,13.8
2026-04-27,124500,54000.0,5.51,9.6,3.6,-18.1
2026-04-28,124500,52000.0,5.79,16.1,21.5,-32.3
2026-04-29,124500,54800.0,5.81,32.0,-0.1,-31.1
2026-04-30,124500,54100.0,6.08,-32.0,-9.7,42.8
2026-05-04,124500,61900.0,5.71,37.4,-4.4,-29.7
2026-05-06,124500,60200.0,5.94,-36.2,-6.0,41.2
2026-05-07,124500,57800.0,5.57,14.4,-0.2,-15.6
2026-05-08,124500,58100.0,5.68,1.4,-9.4,9.5
2026-05-11,124500,56600.0,5.68,19.5,-3.2,-15.3
2026-05-12,124500,54600.0,5.87,18.0,-1.3,-15.9
2026-05-13,124500,54800.0,6.06,-7.6,0.8,8.3
2026-05-14,124500,53100.0,6.01,-12.8,-5.5,18.2
2026-05-15,124500,51200.0,5.9,-27.6,2.1,25.9
2026-05-18,124500,49600.0,5.09,9.2,-11.7,3.2
2026-05-19,124500,45900.0,5.2,-20.0,-21.6,40.3
2026-05-20,124500,43200.0,5.04,32.6,-14.4,-17.6
2026-05-21,124500,48100.0,5.5,0.3,-17.9,17.5
2026-05-22,124500,52200.0,5.61,-16.5,-1.3,16.8
2026-05-26,124500,49650.0,5.39,14.2,-10.1,-2.4
2026-05-27,124500,47800.0,5.46,14.6,-2.4,-16.2
2026-05-28,124500,45850.0,5.54,13.6,-6.3,-6.7
2026-05-29,124500,43850.0,5.67,7.5,-15.4,8.1
2026-06-01,124500,43950.0,5.67,9.6,1.1,-12.2
2026-06-02,124500,43300.0,5.81,18.3,-2.2,-15.5
2026-06-04,124500,43100.0,6.0,4.9,-2.7,-2.5
2026-06-05,124500,43000.0,6.05,8.0,-0.0,-8.0
2026-06-08,124500,39950.0,6.56,11.6,1.7,-12.3
2026-06-09,124500,45050.0,6.65,13.2,-0.2,-12.6
2026-06-10,124500,43400.0,6.82,19.8,2.3,-22.1
2026-06-11,124500,43400.0,7.04,-250.3,335.4,-81.7
2026-06-12,124500,43700.0,4.74,-62.1,98.3,-36.1
2026-06-15,124500,41900.0,4.17,-32.9,5.0,27.0
2026-06-16,124500,35200.0,3.75,-11.6,-7.4,30.7
2026-06-17,124500,36350.0,3.55,11.8,-0.9,-11.2
2026-06-18,124500,33150.0,3.8,-10.6,-0.7,12.0
2026-06-19,124500,31200.0,3.75,43.7,2.7,-46.9
2026-06-22,124500,29650.0,4.51,16.9,4.5,-21.5
2026-06-23,124500,26450.0,4.76,49.4,3.6,-53.0
2026-06-24,124500,24800.0,5.59,4.8,5.4,-10.4
2026-06-25,124500,21800.0,5.7,74.5,-7.6,-35.0
2026-06-26,124500,21500.0,7.31,23.1,7.7,-33.0
2026-06-29,124500,23950.0,7.6,-11.9,9.4,0.9
2026-06-30,124500,24200.0,7.3,-14.3,1.2,13.0
2026-07-01,124500,23400.0,6.94,4.1,1.0,-5.0
2026-07-02,124500,21500.0,7.0,-10.4,-1.4,12.3
2026-07-03,124500,22900.0,6.77,-0.5,-0.2,1.7
2026-07-06,124500,21900.0,6.66,-5.5,0.4,7.1
2026-07-07,124500,21250.0,6.59,5.9,2.3,-8.2
2026-07-08,124500,19610.0,6.73,3.7,0.1,-4.3
2026-07-09,124500,20050.0,6.87,0.6,4.1,-4.7
2026-07-10,124500,21250.0,6.87,1.8,4.4,-6.2
2026-07-13,124500,19890.0,7.01,-2.1,-2.2,3.5
2026-07-14,124500,20000.0,6.91,-1.4,1.6,-0.5
2026-07-15,124500,21650.0,6.9,4.3,-0.8,-3.5
2026-07-16,124500,20400.0,6.98,0.1,-5.4,5.2
2025-07-14,124560,3350.0,2.8,-1.0,-0.0,0.7
2025-07-15,124560,3460.0,2.72,-2.0,-0.4,2.4
2025-07-16,124560,3380.0,2.69,1.0,0.0,-1.1
2025-07-17,124560,3375.0,2.76,1.9,0.1,-2.1
2025-07-18,124560,3320.0,2.91,2.0,0.0,-1.9
2025-07-21,124560,3290.0,3.09,1.3,0.0,-1.3
2025-07-22,124560,3220.0,3.19,3.2,0.0,-3.2
2025-07-23,124560,3245.0,3.44,-1.6,-0.0,1.6
2025-07-24,124560,3205.0,3.32,-1.0,0.0,1.0
2025-07-25,124560,3170.0,3.24,0.6,0.0,-0.6
2025-07-28,124560,3140.0,3.29,-0.3,0.0,0.3
2025-07-29,124560,3105.0,3.26,0.1,0.0,-0.1
2025-07-30,124560,3115.0,3.27,-0.4,0.0,0.4
2025-07-31,124560,3130.0,3.24,-0.6,0.0,0.6
2025-08-01,124560,3020.0,3.19,-0.1,-0.0,0.0
2025-08-04,124560,3140.0,3.19,-0.7,0.0,0.7
2025-08-05,124560,3115.0,3.13,0.3,0.0,-0.3
2025-08-06,124560,3140.0,3.15,0.3,0.0,-0.3
2025-08-07,124560,3175.0,3.18,-0.9,0.0,1.0
2025-08-08,124560,3190.0,3.1,-0.7,0.0,0.7
2025-08-11,124560,3225.0,3.05,-0.5,0.6,-0.2
2025-08-12,124560,3200.0,3.02,-0.1,0.0,0.1
2025-08-13,124560,3195.0,3.01,-0.2,0.0,0.2
2025-08-14,124560,3125.0,2.99,0.8,0.0,-0.8
2025-08-18,124560,3070.0,3.06,0.2,0.6,-0.7
2025-08-19,124560,3060.0,3.07,0.3,-0.0,-0.2
2025-08-20,124560,3120.0,3.1,-6.4,-0.6,8.4
2025-08-21,124560,3120.0,2.63,5.8,0.0,-5.8
2025-08-22,124560,3115.0,3.1,2.3,0.0,-2.3
2025-08-25,124560,3170.0,3.28,1.5,-0.0,-1.5
2025-08-26,124560,3105.0,3.43,-0.5,0.0,0.4
2025-08-27,124560,3075.0,3.41,-0.8,0.0,0.8
2025-08-28,124560,3100.0,3.34,-0.1,0.0,0.1
2025-08-29,124560,3090.0,3.34,-0.7,0.0,0.7
2025-09-01,124560,3025.0,3.32,-0.2,-0.0,0.2
2025-09-02,124560,3385.0,3.28,-14.5,-1.4,14.7
2025-09-03,124560,3290.0,2.3,1.4,0.0,0.5
2025-09-04,124560,3125.0,2.41,-16.7,0.0,18.1
2025-09-05,124560,3230.0,1.05,12.4,0.0,-12.4
2025-09-08,124560,3230.0,2.04,1.0,0.6,-1.7
2025-09-09,124560,3180.0,2.64,1.7,0.0,-1.7
2025-09-10,124560,3235.0,2.77,1.9,0.0,-1.9
2025-09-11,124560,3175.0,2.92,1.0,0.0,-1.0
2025-09-12,124560,3200.0,3.0,2.1,-0.6,-1.5
2025-09-15,124560,3175.0,3.16,1.1,0.0,-1.3
2025-09-16,124560,3145.0,3.25,-0.1,0.0,0.1
2025-09-17,124560,3145.0,3.25,-4.1,0.0,4.3
2025-09-18,124560,3170.0,2.93,2.2,0.0,-2.3
2025-09-19,124560,3135.0,3.1,0.4,0.0,-0.4
2025-09-22,124560,3130.0,3.13,-0.5,0.0,0.5
2025-09-23,124560,3110.0,3.09,-0.9,0.0,1.0
2025-09-24,124560,3070.0,3.01,-0.8,0.0,0.8
2025-09-25,124560,3070.0,2.8,0.6,0.0,-0.6
2025-09-26,124560,3005.0,2.85,-2.8,0.0,2.6
2025-09-29,124560,3055.0,2.47,0.3,0.0,-0.3
2025-09-30,124560,3015.0,2.49,-0.3,0.0,0.4
2025-10-01,124560,3035.0,2.46,-0.0,0.0,-0.1
2025-10-02,124560,3060.0,2.46,1.0,-0.0,-1.0
2025-10-10,124560,2995.0,2.55,-0.5,0.0,0.6
2025-10-13,124560,2995.0,2.51,0.1,0.0,-0.1
2025-10-14,124560,3110.0,2.52,-3.0,0.0,3.1
2025-10-15,124560,3090.0,2.35,2.9,-0.0,-2.9
2025-10-16,124560,3040.0,2.59,-0.0,0.0,-0.2
2025-10-17,124560,3005.0,2.59,-1.5,0.0,1.3
2025-10-20,124560,3000.0,2.47,-0.4,0.0,0.4
2025-10-21,124560,2995.0,2.43,0.3,0.0,-0.3
2025-10-22,124560,3045.0,2.45,0.7,0.0,-0.7
2025-10-23,124560,3005.0,2.51,0.7,-0.0,-0.7
2025-10-24,124560,2950.0,2.57,-2.1,0.0,2.0
2025-10-27,124560,2965.0,2.39,0.6,0.0,-0.6
2025-10-28,124560,2965.0,2.48,-0.2,0.0,0.2
2025-10-29,124560,2930.0,2.5,-1.1,0.0,1.0
2025-10-30,124560,2900.0,2.39,-0.7,0.0,0.7
2025-10-31,124560,2850.0,2.33,-0.4,0.0,0.4
2025-11-03,124560,2800.0,2.29,0.5,0.0,-0.5
2025-11-04,124560,2825.0,2.34,-0.3,0.0,0.3
2025-11-05,124560,2765.0,2.31,-0.6,-0.0,0.6
2025-11-06,124560,2825.0,2.26,0.1,-0.0,-0.3
2025-11-07,124560,2795.0,2.26,2.0,-2.5,0.6
2025-11-10,124560,2870.0,2.45,0.6,0.0,-0.7
2025-11-11,124560,2855.0,2.33,-0.3,0.0,0.3
2025-11-12,124560,2895.0,2.3,0.7,0.0,-0.7
2025-11-13,124560,2910.0,2.36,-0.7,0.0,0.8
2025-11-14,124560,2740.0,2.3,2.9,0.0,-2.9
2025-11-17,124560,2710.0,2.57,-0.6,-0.0,0.5
2025-11-18,124560,2685.0,2.65,-0.9,0.0,0.9
2025-11-19,124560,2700.0,2.57,0.5,0.0,-0.3
2025-11-20,124560,2750.0,2.61,0.0,0.0,0.0
2025-11-21,124560,2715.0,2.61,-0.1,0.0,0.1
2025-11-24,124560,2720.0,2.6,0.1,-0.0,-0.1
2025-11-25,124560,2670.0,2.63,-0.0,-0.0,0.0
2025-11-26,124560,2715.0,2.63,0.9,0.0,-0.9
2025-11-27,124560,2730.0,2.71,-0.1,0.0,0.1
2025-11-28,124560,2760.0,2.7,0.3,0.0,-0.3
2025-12-01,124560,2765.0,2.73,-0.8,0.0,0.8
2025-12-02,124560,2800.0,2.81,0.0,-0.0,-0.0
2025-12-03,124560,2820.0,2.82,0.6,-0.0,-0.5
2025-12-04,124560,2825.0,2.86,-0.2,0.0,0.2
2025-12-05,124560,2820.0,2.82,-0.2,-0.0,0.2
2025-12-08,124560,2800.0,2.78,-0.8,0.0,0.8
2025-12-09,124560,2780.0,2.71,-0.1,0.0,0.1
2025-12-10,124560,2765.0,2.7,-0.2,0.0,0.2
2025-12-11,124560,2785.0,2.68,0.8,0.0,-0.7
2025-12-12,124560,2780.0,2.75,0.4,0.0,-0.4
2025-12-15,124560,2765.0,2.79,-0.1,0.0,0.1
2025-12-16,124560,2715.0,2.78,-0.0,0.0,0.0
2025-12-17,124560,2710.0,2.75,-0.1,0.0,0.2
2025-12-18,124560,2695.0,2.58,-0.3,0.0,0.3
2025-12-19,124560,2715.0,2.55,0.5,0.0,-0.6
2025-12-22,124560,2695.0,2.58,-0.3,0.0,0.3
2025-12-23,124560,2675.0,2.55,-0.8,0.0,0.8
2025-12-24,124560,2645.0,2.34,-0.7,0.0,0.6
2025-12-26,124560,2615.0,2.27,-0.4,0.0,0.4
2025-12-29,124560,2595.0,2.23,-1.0,0.0,1.0
2025-12-30,124560,2660.0,2.09,-0.2,0.6,-0.2
2026-01-02,124560,2625.0,2.07,0.1,0.0,-0.1
2026-01-05,124560,2615.0,2.08,0.0,0.0,0.1
2026-01-06,124560,2610.0,2.08,-0.6,0.0,0.6
2026-01-07,124560,2560.0,2.22,-0.5,0.0,0.5
2026-01-08,124560,2490.0,2.17,0.2,-0.1,0.0
2026-01-09,124560,2555.0,2.39,0.1,0.6,-0.7
2026-01-12,124560,2495.0,2.4,-4.0,0.0,4.0
2026-01-13,124560,2510.0,2.18,2.5,0.0,-1.8
2026-01-14,124560,2580.0,2.43,-0.2,0.0,0.3
2026-01-15,124560,2520.0,2.41,-0.5,0.0,0.5
2026-01-16,124560,2520.0,2.37,-0.5,0.0,0.5
2026-01-19,124560,2515.0,2.32,0.1,0.0,-0.1
2026-01-20,124560,2565.0,2.33,1.8,0.0,-0.2
2026-01-21,124560,2540.0,2.63,-0.2,0.0,0.7
2026-01-22,124560,2585.0,2.62,-0.5,0.0,0.4
2026-01-23,124560,2590.0,2.59,-0.0,0.0,0.0
2026-01-26,124560,2640.0,2.59,0.7,0.0,-0.7
2026-01-27,124560,2625.0,2.55,-0.0,0.0,0.0
2026-01-28,124560,2610.0,2.55,0.6,0.0,-0.6
2026-01-29,124560,2645.0,2.61,0.9,-0.0,-0.9
2026-01-30,124560,2620.0,2.7,0.1,0.0,-0.1
2026-02-02,124560,2590.0,2.7,-0.8,0.0,0.8
2026-02-03,124560,2655.0,2.62,0.8,-0.0,-0.8
2026-02-04,124560,2740.0,2.7,0.4,0.0,-0.4
2026-02-05,124560,2765.0,2.74,-1.8,0.0,1.8
2026-02-06,124560,2710.0,2.57,-0.2,0.0,0.3
2026-02-09,124560,2710.0,2.55,-0.2,0.0,0.3
2026-02-10,124560,2765.0,2.54,-0.1,0.0,0.1
2026-02-11,124560,2740.0,2.59,-0.2,0.0,0.2
2026-02-12,124560,2860.0,2.59,-8.9,0.0,8.5
2026-02-13,124560,2765.0,1.8,6.8,0.0,-6.9
2026-02-19,124560,2860.0,2.43,3.1,0.0,-3.3
2026-02-20,124560,2905.0,2.71,2.5,-0.0,-2.5
2026-02-23,124560,2900.0,2.93,-0.2,0.0,0.2
2026-02-24,124560,2850.0,2.93,0.7,0.0,-0.7
2026-02-25,124560,2835.0,2.99,-1.3,-0.0,1.3
2026-02-26,124560,2795.0,2.87,-1.1,-1.2,2.3
2026-02-27,124560,2770.0,2.77,0.4,0.0,-0.4
2026-03-03,124560,2970.0,2.81,-11.9,0.1,11.4
2026-03-04,124560,2645.0,1.83,4.5,0.0,-4.0
2026-03-05,124560,2820.0,2.2,4.1,0.0,-4.0
2026-03-06,124560,2770.0,2.62,-0.3,-0.0,0.4
2026-03-09,124560,2720.0,2.6,0.7,-0.0,-0.7
2026-03-10,124560,2730.0,2.67,-0.5,0.0,0.5
2026-03-11,124560,2715.0,2.6,0.9,0.0,-0.9
2026-03-12,124560,2770.0,2.69,1.5,0.0,-1.5
2026-03-13,124560,2750.0,2.83,0.1,0.0,-0.1
2026-03-16,124560,2785.0,2.84,-4.6,0.0,4.5
2026-03-17,124560,2835.0,2.42,0.9,0.0,-0.8
2026-03-18,124560,2860.0,2.5,1.7,0.0,-1.6
2026-03-19,124560,2845.0,2.66,0.0,0.0,-0.0
2026-03-20,124560,2965.0,2.66,5.8,0.0,-5.8
2026-03-23,124560,2835.0,3.17,-0.6,0.0,0.6
2026-03-24,124560,2880.0,3.12,-2.2,0.0,2.2
2026-03-25,124560,2915.0,2.81,1.0,0.0,-1.3
2026-03-26,124560,2870.0,2.93,0.4,0.0,-0.2
2026-03-27,124560,2925.0,2.97,0.9,0.0,-1.0
2026-03-30,124560,2790.0,3.05,-1.2,-0.0,1.2
2026-03-31,124560,2715.0,2.58,-0.8,-0.0,0.8
2026-04-01,124560,2695.0,2.51,0.5,-0.0,-1.4
2026-04-02,124560,2615.0,2.55,2.1,0.0,-3.5
2026-04-03,124560,2650.0,2.92,2.5,0.0,-2.5
2026-04-06,124560,2615.0,3.16,0.1,0.0,1.2
2026-04-07,124560,2600.0,3.17,1.3,0.0,-1.2
2026-04-08,124560,2685.0,3.3,-0.5,0.0,0.5
2026-04-09,124560,2620.0,3.24,-1.0,0.0,1.0
2026-04-10,124560,2770.0,3.15,5.6,0.0,-4.5
2026-04-13,124560,2775.0,3.67,0.0,0.0,-0.0
2026-04-14,124560,2810.0,3.69,-0.0,0.0,-0.3
2026-04-15,124560,2780.0,3.64,0.4,0.0,-0.4
2026-04-16,124560,2830.0,3.68,0.2,0.0,-0.2
2026-04-17,124560,2785.0,3.7,2.0,0.0,-2.0
2026-04-20,124560,2760.0,3.87,0.3,0.0,-0.3
2026-04-21,124560,2755.0,3.89,-0.9,0.0,0.8
2026-04-22,124560,2720.0,3.66,0.4,0.0,-0.3
2026-04-23,124560,2695.0,3.7,0.6,0.0,-0.5
2026-04-24,124560,2720.0,3.76,0.4,-0.1,-0.3
2026-04-27,124560,2695.0,3.8,0.4,0.0,-0.5
2026-04-28,124560,2670.0,3.84,-0.0,-0.0,0.0
2026-04-29,124560,2660.0,3.82,-0.0,0.0,0.0
2026-04-30,124560,2615.0,3.82,0.2,-0.0,-0.2
2026-05-04,124560,2580.0,3.84,-2.6,0.0,2.7
2026-05-06,124560,2505.0,3.58,-1.6,0.0,1.6
2026-05-07,124560,2500.0,3.42,0.1,-0.0,-0.2
2026-05-08,124560,2495.0,3.43,-0.5,0.0,0.4
2026-05-11,124560,2430.0,3.39,-0.9,-0.0,0.9
2026-05-12,124560,2325.0,3.35,1.7,-0.0,-1.2
2026-05-13,124560,2310.0,3.56,0.2,-0.0,-0.2
2026-05-14,124560,2350.0,3.55,-0.5,0.0,0.5
2026-05-15,124560,2265.0,3.5,-0.8,0.0,0.8
2026-05-18,124560,2210.0,3.4,0.4,-0.0,-0.3
2026-05-19,124560,2210.0,3.45,0.3,-0.0,-0.3
2026-05-20,124560,2155.0,3.51,-0.1,0.0,0.1
2026-05-21,124560,2145.0,3.66,-0.3,-0.1,0.3
2026-05-22,124560,2180.0,3.63,0.1,0.0,-0.1
2026-05-26,124560,2195.0,3.64,-1.1,0.0,1.0
2026-05-27,124560,2075.0,3.52,-0.1,0.0,-0.1
2026-05-28,124560,2060.0,3.51,0.6,-0.0,-0.8
2026-05-29,124560,1992.0,3.61,-0.9,-0.0,0.7
2026-06-01,124560,1958.0,3.5,0.3,0.0,-0.1
2026-06-02,124560,1884.0,3.53,-0.0,-0.0,-0.1
2026-06-04,124560,2020.0,3.53,-3.8,0.1,3.0
2026-06-05,124560,1998.0,3.14,0.9,-0.0,-0.9
2026-06-08,124560,1896.0,3.36,0.2,-0.0,-0.2
2026-06-09,124560,1981.0,3.43,0.1,0.0,-0.1
2026-06-10,124560,2020.0,3.44,-0.0,-0.0,-0.0
2026-06-11,124560,2095.0,3.44,-0.0,0.0,-0.0
2026-06-12,124560,2110.0,3.44,0.2,0.0,-0.2
2026-06-15,124560,2150.0,3.46,-0.6,-0.0,0.6
2026-06-16,124560,2130.0,3.42,0.0,0.0,-0.0
2026-06-17,124560,2140.0,3.42,-0.0,-0.3,0.3
2026-06-18,124560,2000.0,3.42,0.1,0.0,-0.1
2026-06-19,124560,1978.0,3.43,0.0,0.0,-0.0
2026-06-22,124560,1908.0,3.41,-0.0,-0.0,0.0
2026-06-23,124560,1843.0,3.42,0.3,0.0,-0.3
2026-06-24,124560,1859.0,3.42,0.0,0.0,-0.0
2026-06-25,124560,1895.0,3.42,-0.4,-0.0,0.4
2026-06-26,124560,1775.0,3.36,-0.1,-0.0,0.1
2026-06-29,124560,1900.0,3.34,0.7,0.0,-0.7
2026-06-30,124560,1850.0,3.44,-0.3,0.0,0.3
2026-07-01,124560,1900.0,3.4,0.2,0.0,-0.3
2026-07-02,124560,1850.0,3.43,-0.0,0.0,-0.0
2026-07-03,124560,1851.0,3.43,0.2,-0.0,-0.2
2026-07-06,124560,1876.0,3.45,0.1,-0.0,-0.1
2026-07-07,124560,1879.0,3.45,0.1,0.0,-0.1
2026-07-08,124560,1847.0,3.47,-0.1,-0.0,0.1
2026-07-09,124560,1849.0,3.45,0.1,-0.0,-0.1
2026-07-10,124560,1887.0,3.46,0.0,-0.0,-0.0
2026-07-13,124560,1828.0,3.47,-0.1,0.0,0.0
2026-07-14,124560,1824.0,3.67,0.3,-0.0,-0.3
2026-07-15,124560,1890.0,3.74,0.1,-0.0,-0.0
2026-07-16,124560,1897.0,3.57,0.2,-0.0,-0.2
2025-07-14,125020,5630.0,0.39,-0.3,0.5,-0.2
2025-07-15,125020,5690.0,0.44,0.5,-1.4,1.0
2025-07-16,125020,5660.0,0.46,0.1,-3.4,3.2
2025-07-17,125020,5460.0,0.47,-2.8,-2.7,5.3
2025-07-18,125020,5330.0,0.31,0.4,-4.7,3.7
2025-07-21,125020,5470.0,0.34,1.1,1.0,-2.1
2025-07-22,125020,5300.0,0.47,1.8,-5.7,3.4
2025-07-23,125020,5260.0,0.51,-1.4,0.2,1.2
2025-07-24,125020,5320.0,0.43,0.9,1.1,-1.9
2025-07-25,125020,5310.0,0.55,-1.2,0.4,0.7
2025-07-28,125020,5410.0,0.41,0.1,1.1,-0.3
2025-07-29,125020,5750.0,0.41,6.3,0.3,-6.5
2025-07-30,125020,5580.0,0.97,-0.9,-0.5,1.6
2025-07-31,125020,5470.0,0.77,-0.2,-4.3,4.4
2025-08-01,125020,5080.0,0.74,-3.2,-5.5,7.4
2025-08-04,125020,5070.0,0.57,0.6,-4.1,3.2
2025-08-05,125020,5120.0,0.59,1.1,0.0,-1.1
2025-08-06,125020,5140.0,0.66,1.2,-1.2,-0.1
2025-08-07,125020,5340.0,0.72,1.8,0.1,-1.2
2025-08-08,125020,5360.0,0.83,-2.8,,2.8
2025-08-11,125020,5290.0,0.65,-1.4,,1.4
2025-08-12,125020,5290.0,0.55,-0.0,,-0.0
2025-08-13,125020,5250.0,0.53,-1.0,,0.9
2025-08-14,125020,5240.0,0.47,0.6,,-0.6
2025-08-18,125020,4940.0,0.46,-3.5,-3.3,6.8
2025-08-19,125020,4540.0,0.25,-1.0,-1.0,1.9
2025-08-20,125020,4350.0,0.16,3.1,0.3,-3.4
2025-08-21,125020,4310.0,0.43,-1.1,-0.4,1.1
2025-08-22,125020,4420.0,0.28,1.7,-0.2,-1.5
2025-08-25,125020,4430.0,0.4,-0.0,0.0,0.0
2025-08-26,125020,4460.0,0.38,0.4,,-0.8
2025-08-27,125020,4465.0,0.43,0.0,,-0.0
2025-08-28,125020,4405.0,0.43,0.1,,-0.4
2025-08-29,125020,4660.0,0.44,-0.5,,2.0
2025-09-01,125020,4540.0,0.41,-2.3,,2.2
2025-09-02,125020,4715.0,0.25,0.8,,-0.6
2025-09-03,125020,4705.0,0.38,-1.4,1.1,0.2
2025-09-04,125020,4725.0,0.25,-0.4,,0.4
2025-09-05,125020,4730.0,0.24,0.7,-0.0,-0.7
2025-09-08,125020,4700.0,0.33,0.3,,-0.4
2025-09-09,125020,4665.0,0.36,-0.1,,0.1
2025-09-10,125020,4715.0,0.34,1.2,,-1.1
2025-09-11,125020,4730.0,0.43,-0.0,,0.2
2025-09-12,125020,4735.0,0.42,0.8,,-0.8
2025-09-15,125020,4750.0,0.5,0.5,,-0.2
2025-09-16,125020,4670.0,0.53,-0.7,-0.6,1.3
2025-09-17,125020,4605.0,0.49,0.8,0.1,-0.9
2025-09-18,125020,4620.0,0.56,0.6,0.2,-1.0
2025-09-19,125020,4560.0,0.62,0.1,0.3,-0.4
2025-09-22,125020,4525.0,0.54,0.9,-1.7,0.8
2025-09-23,125020,4500.0,0.6,0.4,0.1,-0.6
2025-09-24,125020,4460.0,0.62,-0.7,-0.8,1.6
2025-09-25,125020,4510.0,0.59,-1.3,0.0,1.7
2025-09-26,125020,4315.0,0.61,-1.5,,1.3
2025-09-29,125020,4225.0,0.47,-0.9,,0.8
2025-09-30,125020,4250.0,0.38,0.6,,-0.6
2025-10-01,125020,4170.0,0.42,-0.8,,0.6
2025-10-02,125020,4170.0,0.43,2.8,-1.8,-1.0
2025-10-10,125020,4130.0,0.62,0.2,0.2,-0.3
2025-10-13,125020,4130.0,0.65,1.7,,-1.7
2025-10-14,125020,4050.0,0.8,-0.2,,-0.0
2025-10-15,125020,4330.0,0.77,3.8,-0.2,-2.3
2025-10-16,125020,4365.0,1.1,0.5,,-0.5
2025-10-17,125020,4265.0,1.13,0.2,,0.3
2025-10-20,125020,4280.0,1.14,0.9,,-0.9
2025-10-21,125020,4225.0,1.2,0.6,,-0.6
2025-10-22,125020,4170.0,1.23,2.0,-0.0,-1.6
2025-10-23,125020,4140.0,1.39,1.6,0.0,-1.5
2025-10-24,125020,4315.0,1.5,1.2,-0.3,-0.2
2025-10-27,125020,4220.0,1.6,0.6,,0.0
2025-10-28,125020,4305.0,1.64,0.6,,0.6
2025-10-29,125020,4220.0,1.68,-0.3,,1.3
2025-10-30,125020,4010.0,1.62,-0.2,0.1,0.2
2025-10-31,125020,4050.0,1.63,1.8,-0.0,-0.9
2025-11-03,125020,4260.0,1.79,7.0,-0.5,-0.6
2025-11-04,125020,4455.0,2.35,-4.2,-0.5,8.7
2025-11-05,125020,4330.0,1.9,-2.8,0.0,4.0
2025-11-06,125020,4155.0,1.64,-3.0,0.1,3.0
2025-11-07,125020,4150.0,1.4,-1.8,0.1,1.9
2025-11-10,125020,4175.0,1.26,2.6,-0.1,-2.4
2025-11-11,125020,4015.0,1.93,-0.0,0.4,-0.3
2025-11-12,125020,4040.0,1.71,-0.2,0.2,0.2
2025-11-13,125020,3925.0,1.69,-1.7,0.1,1.6
2025-11-14,125020,3720.0,1.53,-3.0,0.4,2.5
2025-11-17,125020,3240.0,1.23,1.0,48.8,4.0
2025-11-18,125020,3200.0,1.28,-0.0,0.5,-0.6
2025-11-19,125020,3185.0,1.22,0.6,-0.8,0.3
2025-11-20,125020,3290.0,1.26,2.1,-1.1,-1.0
2025-11-21,125020,3100.0,1.39,0.1,-0.9,0.8
2025-11-24,125020,3075.0,1.4,2.1,-1.8,-0.3
2025-11-25,125020,3050.0,1.6,1.4,-2.0,0.8
2025-11-26,125020,3080.0,1.74,1.8,-1.6,-0.2
2025-11-27,125020,3070.0,1.94,0.5,-1.5,0.8
2025-11-28,125020,3110.0,2.03,2.0,-1.6,-0.5
2025-12-01,125020,3090.0,2.28,-0.5,-0.3,0.9
2025-12-02,125020,3160.0,2.18,0.8,-0.2,-0.5
2025-12-03,125020,3165.0,2.26,0.8,-0.3,-0.4
2025-12-04,125020,3175.0,2.33,0.1,-0.0,-0.1
2025-12-05,125020,3245.0,2.27,0.5,-0.0,-0.5
2025-12-08,125020,3200.0,2.34,0.1,-0.3,0.2
2025-12-09,125020,3395.0,2.32,-0.5,-2.7,3.2
2025-12-10,125020,3335.0,2.2,2.2,-3.9,1.6
2025-12-11,125020,3415.0,2.37,1.3,0.0,-1.3
2025-12-12,125020,3600.0,2.53,0.1,-4.1,4.0
2025-12-15,125020,4040.0,2.4,9.3,-15.9,13.6
2025-12-16,125020,4240.0,3.2,-17.6,-3.1,32.1
2025-12-17,125020,4295.0,2.06,-10.1,,10.1
2025-12-18,125020,4065.0,1.29,-3.4,,3.4
2025-12-19,125020,3815.0,1.1,-0.7,0.4,0.3
2025-12-22,125020,4365.0,0.95,-5.7,-0.4,5.8
2025-12-23,125020,4800.0,0.71,1.8,-1.0,-2.0
2025-12-24,125020,4505.0,1.11,-4.2,-1.4,5.3
2025-12-26,125020,4465.0,0.34,-0.1,-0.2,0.1
2025-12-29,125020,4435.0,0.31,0.4,-3.4,2.9
2025-12-30,125020,4060.0,0.27,1.2,-11.0,9.8
2026-01-02,125020,4170.0,0.28,5.0,,-5.0
2026-01-05,125020,4210.0,0.7,1.1,,-1.2
2026-01-06,125020,4245.0,0.78,-3.5,,4.4
2026-01-07,125020,4140.0,0.54,0.6,,-0.7
2026-01-08,125020,3955.0,0.59,0.9,,-0.9
2026-01-09,125020,3965.0,0.65,-0.4,,0.3
2026-01-12,125020,4125.0,0.63,2.2,,-2.2
2026-01-13,125020,4005.0,0.78,-3.0,,3.0
2026-01-14,125020,4030.0,0.56,1.3,,-1.3
2026-01-15,125020,3965.0,0.66,3.0,,-2.8
2026-01-16,125020,4000.0,0.87,1.2,,-1.0
2026-01-19,125020,4060.0,0.95,0.8,,0.2
2026-01-20,125020,4250.0,1.1,9.8,,-9.9
2026-01-21,125020,4070.0,1.6,-4.9,,4.9
2026-01-22,125020,4030.0,1.2,-2.8,0.0,2.8
2026-01-23,125020,3965.0,0.99,1.9,,-1.8
2026-01-26,125020,3995.0,1.13,3.7,,-3.1
2026-01-27,125020,3965.0,1.39,-2.3,-0.0,2.4
2026-01-28,125020,4035.0,1.23,3.2,,-2.9
2026-01-29,125020,4105.0,1.45,4.5,,-3.4
2026-01-30,125020,4015.0,1.76,-10.0,,9.4
2026-02-02,125020,3975.0,1.06,-0.4,-0.0,0.4
2026-02-03,125020,4145.0,1.03,18.6,,-7.9
2026-02-04,125020,4400.0,2.32,-1.2,2.4,-1.2
2026-02-05,125020,4220.0,2.25,-10.8,,11.0
2026-02-06,125020,4115.0,1.56,-1.7,,1.7
2026-02-09,125020,4315.0,1.47,11.6,-0.9,-3.2
2026-02-10,125020,4240.0,2.24,0.8,-0.5,6.3
2026-02-11,125020,4350.0,2.29,2.5,1.9,2.4
2026-02-12,125020,4350.0,2.47,-2.1,,8.9
2026-02-13,125020,4215.0,2.33,-1.2,-0.7,8.4
2026-02-19,125020,5290.0,2.25,-5.0,-14.2,39.8
2026-02-20,125020,5570.0,1.91,-9.0,-10.2,39.1
2026-02-23,125020,5870.0,1.63,-8.6,-7.6,14.6
2026-02-24,125020,5960.0,1.45,-5.3,-0.0,2.9
2026-02-25,125020,5820.0,1.19,2.0,,-2.1
2026-02-26,125020,6380.0,1.33,-2.0,,3.2
2026-02-27,125020,6300.0,1.29,-11.9,,11.3
2026-03-03,125020,5990.0,0.73,12.9,0.0,-13.3
2026-03-04,125020,5500.0,1.35,7.9,-0.0,-8.0
2026-03-05,125020,6220.0,1.8,22.2,,-22.6
2026-03-06,125020,6460.0,2.83,-23.4,,23.9
2026-03-09,125020,5910.0,1.81,-6.6,,6.5
2026-03-10,125020,6370.0,1.39,6.6,,-7.2
2026-03-11,125020,7170.0,1.58,58.6,,-58.9
2026-03-12,125020,7230.0,3.98,-17.4,,17.5
2026-03-13,125020,6810.0,3.36,-32.4,,31.9
2026-03-16,125020,6040.0,2.05,-15.0,1.1,13.5
2026-03-17,125020,5860.0,1.39,-10.5,0.0,10.4
2026-03-18,125020,5720.0,0.9,3.5,,-3.6
2026-03-19,125020,5420.0,1.09,4.7,0.0,-5.0
2026-03-20,125020,5470.0,1.35,-6.4,-0.5,6.7
2026-03-23,125020,4920.0,1.04,4.3,0.3,-4.4
2026-03-24,125020,5020.0,1.27,2.9,-0.0,-2.9
2026-03-25,125020,5140.0,1.47,-1.5,0.9,0.8
2026-03-26,125020,4915.0,1.4,1.1,0.7,-1.6
2026-03-27,125020,4815.0,1.47,4.3,0.4,-4.7
2026-03-30,125020,4665.0,1.74,2.1,,-2.1
2026-03-31,125020,4715.0,1.8,-2.8,1.1,1.0
2026-04-01,125020,4925.0,1.64,-3.5,,3.5
2026-04-02,125020,4490.0,1.44,-2.6,,3.3
2026-04-03,125020,4670.0,1.28,5.6,0.7,-6.5
2026-04-06,125020,4605.0,1.63,-0.9,0.2,0.4
2026-04-07,125020,4615.0,1.57,1.9,0.6,-3.1
2026-04-08,125020,5000.0,1.66,-0.0,0.1,-0.4
2026-04-09,125020,4890.0,1.7,-4.6,0.7,2.8
2026-04-10,125020,5220.0,1.46,1.4,0.6,-2.1
2026-04-13,125020,5350.0,1.54,-7.0,0.7,6.2
2026-04-14,125020,5290.0,1.17,2.8,-2.0,-0.7
2026-04-15,125020,6250.0,1.31,-8.3,-2.8,10.2
2026-04-16,125020,6070.0,0.91,-0.6,-0.6,0.3
2026-04-17,125020,5790.0,0.97,-10.0,-1.3,12.5
2026-04-20,125020,5750.0,0.49,0.5,-0.6,-0.5
2026-04-21,125020,5780.0,0.52,-2.2,-1.3,4.0
2026-04-22,125020,5980.0,0.44,-0.3,1.4,-0.9
2026-04-23,125020,6080.0,0.46,-7.0,4.1,1.5
2026-04-24,125020,6200.0,0.12,-1.0,-0.5,3.0
2026-04-27,125020,7190.0,0.27,73.5,12.3,-89.1
2026-04-28,125020,6540.0,3.27,-35.4,3.7,35.2
2026-04-29,125020,7300.0,1.74,-7.6,-5.9,13.5
2026-04-30,125020,8430.0,1.43,7.9,-1.6,54.2
2026-05-04,125020,8750.0,1.78,-28.2,-5.7,34.0
2026-05-06,125020,8180.0,0.83,15.5,-0.2,-15.3
2026-05-07,125020,7640.0,1.38,15.7,-4.3,-12.4
2026-05-08,125020,7610.0,1.96,-4.3,0.2,4.0
2026-05-11,125020,7220.0,1.81,9.3,0.2,-12.5
2026-05-12,125020,6890.0,2.2,20.3,0.5,-21.5
2026-05-13,125020,6640.0,3.09,-4.4,0.5,4.3
2026-05-14,125020,6560.0,2.92,-3.3,1.0,2.4
2026-05-15,125020,6680.0,2.84,-12.0,-2.1,21.1
2026-05-18,125020,6850.0,2.36,1.8,0.1,-3.4
2026-05-19,125020,7290.0,2.47,-12.5,0.9,11.5
2026-05-20,125020,7410.0,2.0,-9.0,1.9,6.6
2026-05-21,125020,9630.0,1.61,121.5,0.8,-119.7
2026-05-22,125020,9190.0,5.39,33.6,-0.9,-31.0
2026-05-26,125020,9200.0,6.35,-2.2,-0.4,3.6
2026-05-27,125020,8810.0,6.25,-0.4,0.3,-1.2
2026-05-28,125020,8120.0,6.2,6.1,-1.1,-5.4
2026-05-29,125020,7400.0,6.41,-2.3,0.3,1.2
2026-06-01,125020,7010.0,6.35,2.9,-0.7,-2.4
2026-06-02,125020,7180.0,6.48,-2.1,0.7,-0.3
2026-06-04,125020,7310.0,6.48,2.0,2.5,-3.8
2026-06-05,125020,6970.0,6.6,-3.3,-0.0,4.1
2026-06-08,125020,6420.0,6.46,0.5,1.5,-2.3
2026-06-09,125020,7030.0,6.52,17.3,8.9,-26.1
2026-06-10,125020,7070.0,7.23,-21.8,0.5,20.9
2026-06-11,125020,7020.0,6.35,-22.1,-3.4,24.0
2026-06-12,125020,6830.0,5.42,-15.3,-1.6,16.9
2026-06-15,125020,6990.0,4.79,-1.3,0.8,0.6
2026-06-16,125020,7180.0,4.71,-1.8,0.7,0.4
2026-06-17,125020,6980.0,4.65,-14.0,-0.1,13.2
2026-06-18,125020,6750.0,4.17,2.7,-0.1,-2.2
2026-06-19,125020,6650.0,4.32,3.0,0.1,-3.0
2026-06-22,125020,6340.0,4.45,1.6,-0.6,-0.9
2026-06-23,125020,5580.0,4.52,6.9,0.8,-7.9
2026-06-24,125020,5340.0,4.86,2.0,0.5,-3.3
2026-06-25,125020,5180.0,4.98,0.1,0.6,-0.8
2026-06-26,125020,4770.0,4.99,9.5,0.8,-10.6
2026-06-29,125020,5450.0,5.55,7.3,-0.8,-6.4
2026-06-30,125020,5470.0,5.97,-7.5,0.1,7.5
2026-07-01,125020,6010.0,5.52,-10.3,0.9,9.9
2026-07-02,125020,5510.0,5.03,-0.3,-1.1,0.8
2026-07-03,125020,5440.0,5.01,4.2,0.5,-5.2
2026-07-06,125020,5140.0,5.25,2.3,0.1,-2.8
2026-07-07,125020,4905.0,5.38,1.1,-0.0,-1.2
2026-07-08,125020,4400.0,5.46,-1.6,-1.9,3.1
2026-07-09,125020,4465.0,5.37,0.1,0.0,-0.1
2026-07-10,125020,4805.0,5.39,3.1,-0.0,-3.0
2026-07-13,125020,5000.0,5.58,0.1,1.5,-1.2
2026-07-14,125020,4960.0,5.6,2.8,-0.0,-2.8
2026-07-15,125020,5200.0,5.71,1.4,-0.0,-1.4
2026-07-16,125020,4775.0,5.78,2.4,0.0,-2.9
2025-07-14,125210,6610.0,3.45,-1.0,0.0,1.0
2025-07-15,125210,6690.0,3.36,1.1,-0.0,-1.1
2025-07-16,125210,6540.0,3.53,-0.0,,-0.0
2025-07-17,125210,6540.0,3.53,0.4,,-0.4
2025-07-18,125210,6600.0,3.56,0.4,0.0,-0.2
2025-07-21,125210,6690.0,3.59,1.0,-0.0,-0.9
2025-07-22,125210,6660.0,3.68,-0.7,-0.0,0.7
2025-07-23,125210,6660.0,3.62,0.8,-0.0,-0.8
2025-07-24,125210,6550.0,3.69,-0.1,-0.1,0.2
2025-07-25,125210,6500.0,3.69,-1.5,-0.0,1.6
2025-07-28,125210,6690.0,3.55,1.3,-0.0,-1.3
2025-07-29,125210,6740.0,3.67,-0.4,0.0,0.8
2025-07-30,125210,6980.0,3.63,-1.0,-0.0,1.1
2025-07-31,125210,6750.0,3.54,-2.2,0.0,2.2
2025-08-01,125210,6470.0,3.34,-0.9,,0.7
2025-08-04,125210,6470.0,3.26,-0.4,0.0,0.7
2025-08-05,125210,6780.0,3.22,2.6,-0.0,-2.4
2025-08-06,125210,6980.0,3.46,1.0,-0.0,-0.9
2025-08-07,125210,6960.0,3.55,-0.2,-0.0,0.4
2025-08-08,125210,7000.0,3.53,0.3,0.0,-0.3
2025-08-11,125210,7050.0,3.55,0.7,-0.0,-0.9
2025-08-12,125210,6950.0,3.62,1.7,-0.0,-1.5
2025-08-13,125210,7000.0,3.76,1.7,-0.0,-1.7
2025-08-14,125210,6970.0,3.91,0.3,-0.1,0.0
2025-08-18,125210,7010.0,3.93,-1.5,-0.0,1.4
2025-08-19,125210,6860.0,3.8,0.2,0.0,-0.2
2025-08-20,125210,6770.0,3.82,-0.1,0.0,0.2
2025-08-21,125210,6700.0,3.82,-0.4,-0.0,0.3
2025-08-22,125210,6700.0,3.78,-0.6,-0.0,0.6
2025-08-25,125210,6750.0,3.72,0.5,0.0,-0.5
2025-08-26,125210,6750.0,3.78,0.5,0.0,-0.5
2025-08-27,125210,6690.0,3.83,0.1,0.0,-0.2
2025-08-28,125210,6600.0,3.84,-0.5,0.0,0.5
2025-08-29,125210,6810.0,3.8,1.7,0.0,-1.8
2025-09-01,125210,6770.0,3.96,-0.4,0.0,0.4
2025-09-02,125210,6690.0,3.91,-1.3,0.0,1.2
2025-09-03,125210,6730.0,3.8,-0.2,0.0,0.2
2025-09-04,125210,6900.0,3.78,1.6,-0.0,-1.6
2025-09-05,125210,6810.0,3.92,0.6,0.0,-0.6
2025-09-08,125210,6900.0,3.97,0.2,-0.0,-0.2
2025-09-09,125210,7000.0,3.98,1.3,-0.0,-1.1
2025-09-10,125210,7000.0,4.1,0.7,-0.0,-0.6
2025-09-11,125210,7100.0,4.16,1.1,-0.1,-0.6
2025-09-12,125210,7170.0,4.25,0.3,-0.0,-0.4
2025-09-15,125210,7180.0,4.29,1.3,-0.0,-1.3
2025-09-16,125210,7130.0,4.4,1.1,-0.0,-1.3
2025-09-17,125210,7030.0,4.5,0.8,-0.0,-0.7
2025-09-18,125210,7300.0,4.57,2.0,0.0,-3.0
2025-09-19,125210,7300.0,4.74,-0.6,0.0,0.6
2025-09-22,125210,7280.0,4.69,-0.4,-0.0,0.5
2025-09-23,125210,7320.0,4.65,1.0,-0.0,-1.0
2025-09-24,125210,7310.0,4.74,-1.2,-0.0,1.4
2025-09-25,125210,7190.0,4.47,0.3,0.0,-0.2
2025-09-26,125210,6850.0,4.46,-1.1,0.0,1.1
2025-09-29,125210,6950.0,4.36,0.8,-0.2,-0.5
2025-09-30,125210,6740.0,4.43,-0.8,-0.0,0.8
2025-10-01,125210,6680.0,4.36,0.5,-0.0,-0.5
2025-10-02,125210,6750.0,4.4,0.2,-0.0,-0.2
2025-10-10,125210,7010.0,4.42,0.4,-0.0,-0.1
2025-10-13,125210,7620.0,4.46,12.4,-0.1,-11.5
2025-10-14,125210,7240.0,5.46,-2.9,-0.0,2.6
2025-10-15,125210,7390.0,5.22,-0.2,-0.0,0.3
2025-10-16,125210,7460.0,5.2,-0.2,-0.0,-0.0
2025-10-17,125210,7350.0,5.19,-0.6,-0.0,0.6
2025-10-20,125210,7370.0,5.14,0.6,-0.9,0.3
2025-10-21,125210,7460.0,5.19,0.1,-0.0,-0.3
2025-10-22,125210,7640.0,5.2,-0.7,-0.0,1.0
2025-10-23,125210,7410.0,5.14,-2.5,-0.0,2.4
2025-10-24,125210,7670.0,4.94,2.2,-0.0,-2.5
2025-10-27,125210,7460.0,5.12,-0.4,-0.0,0.9
2025-10-28,125210,7520.0,5.09,1.4,-0.0,-1.3
2025-10-29,125210,7330.0,5.2,-0.1,-2.3,2.3
2025-10-30,125210,7010.0,5.19,-0.6,-2.1,2.0
2025-10-31,125210,6720.0,5.14,0.8,-3.9,3.4
2025-11-03,125210,6650.0,5.22,0.2,-4.0,3.8
2025-11-04,125210,6520.0,5.24,-1.7,-0.0,1.6
2025-11-05,125210,6190.0,5.08,-2.5,-0.0,2.4
2025-11-06,125210,6300.0,4.84,-0.1,-0.0,0.1
2025-11-07,125210,6120.0,4.83,-1.5,-0.0,1.5
2025-11-10,125210,6270.0,4.68,0.7,-0.3,-0.5
2025-11-11,125210,6290.0,4.73,-1.4,-0.0,1.4
2025-11-12,125210,6410.0,4.6,0.7,-0.0,-0.6
2025-11-13,125210,6370.0,4.66,-0.5,-0.0,0.5
2025-11-14,125210,6130.0,4.58,-0.6,0.0,0.6
2025-11-17,125210,6160.0,4.52,-1.0,-0.0,0.9
2025-11-18,125210,5890.0,4.42,-0.8,0.0,0.8
2025-11-19,125210,5890.0,4.34,0.3,-0.0,-0.3
2025-11-20,125210,5990.0,4.47,-0.0,-0.0,0.0
2025-11-21,125210,5850.0,4.46,-0.3,-0.0,0.3
2025-11-24,125210,5780.0,4.44,-0.7,0.0,0.7
2025-11-25,125210,5810.0,4.36,-9.7,-0.0,10.0
2025-11-26,125210,6030.0,3.44,2.0,-0.0,-2.2
2025-11-27,125210,5960.0,3.64,1.4,0.0,-1.4
2025-11-28,125210,6230.0,3.79,2.1,-0.0,-2.1
2025-12-01,125210,6290.0,4.0,0.6,0.0,-0.7
2025-12-02,125210,6340.0,4.08,-0.5,-0.0,0.5
2025-12-03,125210,6380.0,4.03,0.1,-0.0,0.0
2025-12-04,125210,6320.0,4.04,-0.8,-0.0,0.7
2025-12-05,125210,6280.0,3.97,0.1,-0.0,-0.2
2025-12-08,125210,6410.0,3.98,0.3,-0.0,-0.3
2025-12-09,125210,6400.0,4.01,-0.1,-0.0,0.1
2025-12-10,125210,6390.0,3.99,-0.3,-0.0,0.3
2025-12-11,125210,6340.0,3.96,-0.1,-0.0,0.1
2025-12-12,125210,6360.0,3.96,0.9,-0.0,-0.8
2025-12-15,125210,6340.0,4.04,0.7,-0.0,-0.6
2025-12-16,125210,6220.0,4.1,0.1,0.0,-0.1
2025-12-17,125210,6240.0,4.45,0.3,-0.0,-0.3
2025-12-18,125210,6100.0,4.48,-0.0,0.0,0.0
2025-12-19,125210,6160.0,4.48,1.1,0.0,-1.1
2025-12-22,125210,6280.0,4.58,1.2,0.0,-1.2
2025-12-23,125210,6170.0,4.7,-0.8,-0.1,0.8
2025-12-24,125210,6110.0,4.62,-0.3,,0.3
2025-12-26,125210,6130.0,4.61,-0.1,-0.0,0.1
2025-12-29,125210,6150.0,4.6,0.0,0.0,-0.0
2025-12-30,125210,6070.0,4.61,-0.2,0.0,0.2
2026-01-02,125210,6170.0,4.59,2.0,-0.0,-2.0
2026-01-05,125210,6070.0,4.78,-1.9,0.0,1.9
2026-01-06,125210,6100.0,4.59,0.0,0.0,0.1
2026-01-07,125210,6140.0,4.64,-0.6,0.0,0.6
2026-01-08,125210,5900.0,4.58,-1.5,-0.6,2.1
2026-01-09,125210,5880.0,4.43,0.0,0.0,0.3
2026-01-12,125210,6000.0,4.43,0.7,0.0,-0.6
2026-01-13,125210,6070.0,4.53,0.5,0.0,-0.5
2026-01-14,125210,5990.0,4.58,-0.5,0.0,0.7
2026-01-15,125210,6020.0,4.53,-0.2,0.0,0.2
2026-01-16,125210,5930.0,4.51,-1.4,0.0,1.4
2026-01-19,125210,5920.0,4.37,-0.3,0.0,0.3
2026-01-20,125210,6020.0,4.34,3.6,0.0,-3.6
2026-01-21,125210,5940.0,4.7,-1.9,0.0,1.8
2026-01-22,125210,6390.0,4.51,3.2,0.0,-3.2
2026-01-23,125210,6500.0,4.83,-1.6,0.0,2.1
2026-01-26,125210,6730.0,4.67,2.1,-0.0,-2.3
2026-01-27,125210,6710.0,4.84,0.9,0.0,-0.8
2026-01-28,125210,6830.0,4.92,-0.5,-0.0,0.9
2026-01-29,125210,7140.0,4.87,3.1,-0.0,-3.2
2026-01-30,125210,7170.0,5.14,0.1,0.7,-0.8
2026-02-02,125210,7060.0,5.15,1.2,,-3.9
2026-02-03,125210,7500.0,5.26,4.6,0.0,-4.7
2026-02-04,125210,7520.0,5.63,1.3,0.0,-1.1
2026-02-05,125210,7360.0,5.74,0.8,,-0.8
2026-02-06,125210,7100.0,5.8,2.6,-0.0,0.0
2026-02-09,125210,7440.0,6.03,2.3,-0.0,-2.2
2026-02-10,125210,7380.0,6.22,-3.6,0.0,3.7
2026-02-11,125210,7450.0,5.93,-0.4,0.0,1.2
2026-02-12,125210,7480.0,5.9,0.4,,-0.3
2026-02-13,125210,7260.0,5.91,0.1,0.0,-0.1
2026-02-19,125210,7840.0,5.92,5.7,-0.8,-4.9
2026-02-20,125210,7990.0,6.36,-0.3,0.1,-0.0
2026-02-23,125210,7860.0,6.34,-0.3,0.0,0.3
2026-02-24,125210,8150.0,5.98,-0.4,0.0,0.4
2026-02-25,125210,7990.0,5.95,-1.5,-0.0,1.5
2026-02-26,125210,7840.0,5.84,1.7,-0.0,-1.8
2026-02-27,125210,7630.0,5.97,0.1,0.1,-0.3
2026-03-03,125210,7110.0,5.98,4.6,0.1,-4.8
2026-03-04,125210,6110.0,6.36,0.7,0.1,-0.8
2026-03-05,125210,6900.0,6.43,-0.1,-0.0,0.1
2026-03-06,125210,7080.0,6.42,1.5,0.1,-1.8
2026-03-09,125210,6730.0,6.55,0.4,0.1,-0.5
2026-03-10,125210,6860.0,6.59,0.4,0.0,-0.4
2026-03-11,125210,7120.0,6.62,1.1,0.1,-1.3
2026-03-12,125210,7470.0,6.72,0.8,0.0,-1.0
2026-03-13,125210,7500.0,6.79,-0.6,,0.6
2026-03-16,125210,7340.0,6.74,0.8,,-0.8
2026-03-17,125210,7310.0,6.8,-0.5,-0.0,0.4
2026-03-18,125210,7350.0,6.76,1.2,0.1,-1.3
2026-03-19,125210,7250.0,6.84,-0.2,,0.2
2026-03-20,125210,7240.0,6.82,0.7,0.0,-0.6
2026-03-23,125210,7000.0,6.87,0.6,0.0,-0.6
2026-03-24,125210,7100.0,6.92,0.2,-0.0,-0.2
2026-03-25,125210,7290.0,6.94,0.6,-0.0,-0.7
2026-03-26,125210,7010.0,6.99,-2.6,0.0,2.6
2026-03-27,125210,7160.0,6.77,0.3,,-0.3
2026-03-30,125210,7860.0,6.8,9.2,0.0,-8.9
2026-03-31,125210,7710.0,7.51,-6.6,-0.0,6.8
2026-04-01,125210,8020.0,7.0,3.3,0.0,-3.3
2026-04-02,125210,7840.0,7.24,-0.3,0.0,0.2
2026-04-03,125210,8230.0,7.22,1.4,-0.0,-1.4
2026-04-06,125210,8520.0,7.32,1.3,-0.0,-1.0
2026-04-07,125210,8500.0,7.4,0.4,0.0,-0.5
2026-04-08,125210,8820.0,7.45,3.0,-0.0,-2.8
2026-04-09,125210,8650.0,7.66,-0.8,0.0,0.8
2026-04-10,125210,9010.0,7.6,2.9,-0.0,-2.5
2026-04-13,125210,9560.0,7.8,3.8,11.3,-15.1
2026-04-14,125210,9650.0,8.06,-3.7,4.7,-0.8
2026-04-15,125210,9660.0,7.82,-2.9,2.9,-0.1
2026-04-16,125210,10380.0,7.64,5.1,3.9,-8.1
2026-04-17,125210,10060.0,7.94,-7.3,0.0,7.4
2026-04-20,125210,10040.0,7.5,1.6,-0.1,-1.5
2026-04-21,125210,10770.0,7.6,5.1,6.0,-11.8
2026-04-22,125210,12720.0,7.64,-1.3,19.0,-17.4
2026-04-23,125210,15290.0,7.56,-10.9,17.7,-20.4
2026-04-24,125210,15160.0,7.1,-20.4,8.0,12.4
2026-04-27,125210,14740.0,6.38,-7.5,5.8,1.2
2026-04-28,125210,15640.0,6.07,-8.9,10.5,-1.1
2026-04-29,125210,15590.0,5.73,-15.9,5.4,11.2
2026-04-30,125210,15860.0,5.12,-3.6,12.3,-6.6
2026-05-04,125210,14930.0,4.99,-8.9,0.5,9.9
2026-05-06,125210,15150.0,4.66,1.0,-0.7,-0.4
2026-05-07,125210,15100.0,4.69,12.0,-8.7,-5.0
2026-05-08,125210,14490.0,5.18,10.7,3.2,-14.5
2026-05-11,125210,14020.0,5.63,23.5,-9.0,-14.7
2026-05-12,125210,13730.0,6.64,18.0,-11.0,-5.1
2026-05-13,125210,13600.0,7.42,14.2,-13.5,-3.3
2026-05-14,125210,13070.0,8.06,11.4,-17.2,5.5
2026-05-15,125210,12690.0,8.59,8.4,-0.8,-8.2
2026-05-18,125210,12410.0,8.98,4.7,2.3,-6.9
2026-05-19,125210,11760.0,9.19,0.4,0.6,-1.6
2026-05-20,125210,11480.0,9.22,4.7,1.0,-6.0
2026-05-21,125210,11310.0,9.48,-4.4,-0.1,5.1
2026-05-22,125210,12210.0,9.25,-4.5,4.7,-0.6
2026-05-26,125210,11940.0,9.03,-7.7,-0.2,7.6
2026-05-27,125210,11350.0,8.66,4.7,0.4,-5.3
2026-05-28,125210,10810.0,8.91,12.8,-0.4,-12.6
2026-05-29,125210,10260.0,9.65,10.5,-10.2,-0.2
2026-06-01,125210,9550.0,10.28,7.5,-0.1,-9.5
2026-06-02,125210,9050.0,10.74,7.6,-2.2,-4.6
2026-06-04,125210,8990.0,11.25,-3.7,0.7,3.2
2026-06-05,125210,8630.0,11.0,3.4,0.1,-3.5
2026-06-08,125210,7850.0,11.22,9.3,-12.7,2.9
2026-06-09,125210,8530.0,11.95,-2.5,3.4,-0.7
2026-06-10,125210,8760.0,11.77,-10.8,6.5,4.1
2026-06-11,125210,8960.0,11.03,-5.8,-0.0,6.1
2026-06-12,125210,9260.0,10.65,-3.2,-0.3,3.9
2026-06-15,125210,9050.0,10.44,-1.9,-0.0,1.8
2026-06-16,125210,9410.0,10.31,-8.8,5.9,2.0
2026-06-17,125210,9470.0,9.8,-1.3,-0.0,1.4
2026-06-18,125210,8830.0,9.71,-0.4,-0.2,0.7
2026-06-19,125210,8280.0,9.66,0.4,-0.3,0.1
2026-06-22,125210,8050.0,9.7,1.2,-2.4,1.3
2026-06-23,125210,6960.0,9.79,5.0,-5.1,-0.0
2026-06-24,125210,6930.0,10.2,-0.7,0.0,0.8
2026-06-25,125210,6420.0,10.14,2.1,-4.4,2.2
2026-06-26,125210,5990.0,10.33,2.0,-3.9,1.8
2026-06-29,125210,6440.0,10.53,3.0,-2.4,-0.4
2026-06-30,125210,6250.0,10.81,-0.1,0.0,0.5
2026-07-01,125210,6640.0,10.8,-2.3,0.5,1.9
2026-07-02,125210,6220.0,10.6,-1.9,-1.7,3.5
2026-07-03,125210,6510.0,10.42,-0.1,-0.2,0.2
2026-07-06,125210,6350.0,10.4,-1.5,0.0,1.5
2026-07-07,125210,6370.0,10.26,0.4,0.0,-0.5
2026-07-08,125210,5980.0,10.3,-1.8,-0.0,1.7
2026-07-09,125210,5910.0,10.12,0.1,0.0,-0.1
2026-07-10,125210,6390.0,10.13,0.2,0.0,-0.2
2026-07-13,125210,6030.0,10.15,-1.9,-0.0,1.9
2026-07-14,125210,5660.0,9.97,-0.6,0.0,0.5
2026-07-15,125210,5970.0,9.91,0.6,-0.0,-0.5
2026-07-16,125210,5930.0,9.97,-0.7,0.0,0.7
2025-08-20,125490,5920.0,0.52,-15.6,-379.1,606.9
2025-08-21,125490,5060.0,0.0,2.8,-4.1,0.8
2025-08-22,125490,5220.0,0.12,5.8,1.5,-6.6
2025-08-25,125490,5070.0,0.43,-1.2,-0.9,2.8
2025-08-26,125490,4805.0,0.39,-5.0,-0.7,5.5
2025-08-27,125490,4890.0,0.11,8.4,0.0,-10.0
2025-08-28,125490,4880.0,0.61,-7.5,1.0,11.1
2025-08-29,125490,4600.0,0.21,-1.3,-1.4,2.5
2025-09-01,125490,4370.0,0.16,-0.6,-0.8,1.5
2025-09-02,125490,4630.0,0.16,16.3,-0.2,-16.1
2025-09-03,125490,4955.0,1.15,-10.5,-1.1,15.2
2025-09-04,125490,5420.0,0.61,10.0,3.9,-14.2
2025-09-05,125490,5410.0,1.17,-6.0,3.3,5.5
2025-09-08,125490,5500.0,0.88,-7.1,9.4,-2.1
2025-09-09,125490,5510.0,0.53,-5.8,0.7,1.8
2025-09-10,125490,5610.0,0.24,11.1,-0.3,-10.0
2025-09-11,125490,5370.0,0.78,-12.2,-7.5,19.0
2025-09-12,125490,5110.0,0.17,-0.4,-2.1,2.9
2025-09-15,125490,6640.0,0.15,5.9,-2.0,0.4
2025-09-16,125490,7670.0,0.6,16.1,-16.5,-4.1
2025-09-17,125490,7610.0,1.24,4.9,-2.5,-1.6
2025-09-18,125490,7330.0,1.49,-6.7,0.8,8.5
2025-09-19,125490,6920.0,1.29,-9.7,0.9,9.4
2025-09-22,125490,7040.0,1.21,62.9,-58.7,140.8
2025-09-23,125490,8660.0,3.9,-67.9,-52.6,119.8
2025-09-24,125490,8900.0,1.41,13.8,-25.7,41.2
2025-09-25,125490,8720.0,1.89,32.1,-0.2,-31.4
2025-09-26,125490,8500.0,3.2,-58.7,-4.7,89.8
2025-09-29,125490,8850.0,1.3,9.3,-0.9,-8.9
2025-09-30,125490,8130.0,1.59,-20.1,-16.6,39.0
2025-10-01,125490,8230.0,0.93,10.8,0.3,-10.6
2025-10-02,125490,7700.0,1.29,-10.2,-3.6,12.4
2025-10-10,125490,8520.0,0.95,43.6,-1.1,-42.0
2025-10-13,125490,8800.0,2.42,-8.7,0.4,7.3
2025-10-14,125490,8420.0,2.17,-47.0,-2.7,50.6
2025-10-15,125490,10940.0,0.83,52.2,-1.1,-62.9
2025-10-16,125490,11530.0,2.42,-2.4,1.1,7.3
2025-10-17,125490,11400.0,2.35,-21.5,5.9,21.0
2025-10-20,125490,12840.0,1.86,-15.7,4.5,6.9
2025-10-21,125490,12460.0,1.51,-35.0,-1.3,35.7
2025-10-22,125490,12660.0,0.77,-15.1,0.2,13.9
2025-10-23,125490,13350.0,0.63,42.2,-8.0,-35.0
2025-10-24,125490,13180.0,1.51,-36.6,3.3,30.6
2025-10-27,125490,12790.0,0.76,15.3,-7.3,-9.4
2025-10-28,125490,12730.0,1.08,-16.7,1.8,9.3
2025-10-29,125490,12800.0,0.75,2.0,1.8,-5.4
2025-10-30,125490,12100.0,0.78,21.2,-11.2,-8.0
2025-10-31,125490,11820.0,1.17,-5.3,-3.4,23.0
2025-11-03,125490,12170.0,1.04,30.1,1.0,-34.1
2025-11-04,125490,11520.0,1.71,-26.2,-2.5,31.1
2025-11-05,125490,10650.0,1.1,35.2,-3.2,-30.8
2025-11-06,125490,10250.0,2.09,8.7,-0.2,-9.0
2025-11-07,125490,10030.0,2.34,12.2,-5.0,-4.7
2025-11-10,125490,10320.0,2.63,-6.7,0.0,6.5
2025-11-11,125490,10090.0,2.38,-2.3,0.0,2.2
2025-11-12,125490,9780.0,2.32,12.4,-9.6,-2.0
2025-11-13,125490,9740.0,2.69,5.9,-0.1,-6.0
2025-11-14,125490,9420.0,2.87,7.4,-0.0,-8.0
2025-11-17,125490,9260.0,3.08,-2.1,-0.1,2.2
2025-11-18,125490,8810.0,3.04,2.0,-0.1,-1.8
2025-11-19,125490,9740.0,3.3,-91.1,-4.1,95.0
2025-11-20,125490,9790.0,0.77,-11.1,-31.7,41.0
2025-11-21,125490,10040.0,0.57,12.7,-6.0,-11.9
2025-11-24,125490,11200.0,0.95,-16.8,3.2,11.7
2025-11-25,125490,11520.0,0.66,0.2,16.6,-19.2
2025-11-26,125490,10900.0,0.67,-10.6,-9.7,20.8
2025-11-27,125490,12520.0,0.44,59.4,6.6,-30.9
2025-11-28,125490,13970.0,1.84,105.8,12.8,-118.0
2025-12-01,125490,15570.0,3.96,18.5,28.8,-46.1
2025-12-02,125490,15400.0,4.38,10.2,-5.6,-5.1
2025-12-03,125490,15570.0,4.6,2.1,4.3,-7.7
2025-12-04,125490,18330.0,4.17,-11.8,73.8,-63.1
2025-12-05,125490,19460.0,4.01,44.7,26.6,-69.2
2025-12-08,125490,18290.0,4.64,-103.5,-24.0,110.5
2025-12-09,125490,17980.0,3.29,7.6,-33.3,26.1
2025-12-10,125490,17930.0,3.53,8.1,-3.7,-3.9
2025-12-11,125490,17210.0,3.82,-14.0,1.2,28.4
2025-12-12,125490,17960.0,3.77,56.6,-2.9,-55.6
2025-12-15,125490,19760.0,4.46,-28.9,42.5,-16.0
2025-12-16,125490,18250.0,4.12,-132.8,2.7,131.8
2025-12-17,125490,16380.0,2.31,-3.3,-20.5,23.6
2025-12-18,125490,16860.0,2.31,26.1,-10.3,-13.2
2025-12-19,125490,16970.0,2.8,-21.1,12.7,8.0
2025-12-22,125490,17290.0,2.46,-81.2,2.5,78.9
2025-12-23,125490,16770.0,1.2,-50.6,-0.5,48.2
2025-12-24,125490,18730.0,0.41,74.7,-8.5,-71.2
2025-12-26,125490,18320.0,1.56,-50.9,2.9,53.5
2025-12-29,125490,21350.0,0.87,92.2,1.7,-93.1
2025-12-30,125490,19350.0,2.33,-99.9,-5.1,102.9
2026-01-02,125490,19700.0,0.98,-31.5,-2.3,33.2
2026-01-05,125490,18760.0,0.56,6.6,-2.2,-4.3
2026-01-06,125490,18750.0,0.53,-17.7,-31.1,49.4
2026-01-07,125490,18980.0,0.23,14.8,-8.1,-10.5
2026-01-08,125490,17840.0,0.52,-13.9,-15.1,29.1
2026-01-09,125490,17440.0,0.26,12.4,-14.5,1.4
2026-01-12,125490,17090.0,0.54,-14.7,-5.2,18.8
2026-01-13,125490,18640.0,0.56,51.6,6.7,-62.0
2026-01-14,125490,18390.0,1.47,-59.2,-2.2,61.6
2026-01-15,125490,19660.0,0.32,73.7,9.7,-82.4
2026-01-16,125490,19010.0,1.5,-29.5,6.5,25.2
2026-01-19,125490,20850.0,0.86,103.5,2.7,-102.3
2026-01-20,125490,19900.0,2.55,-95.4,-2.3,96.3
2026-01-21,125490,19990.0,0.89,-11.7,-16.8,30.0
2026-01-22,125490,19050.0,0.6,-21.8,1.6,20.3
2026-01-23,125490,18710.0,0.17,4.0,2.1,-7.6
2026-01-26,125490,19200.0,0.24,42.5,-2.3,-41.0
2026-01-27,125490,18560.0,0.94,-36.2,-3.2,39.9
2026-01-28,125490,18950.0,0.27,14.0,-2.6,-10.0
2026-01-29,125490,19230.0,0.53,21.0,-0.4,-21.3
2026-01-30,125490,24000.0,0.98,139.1,9.1,-160.7
2026-02-02,125490,22300.0,3.05,-2.2,-10.2,15.8
2026-02-03,125490,22450.0,2.71,-58.7,3.0,61.0
2026-02-04,125490,22800.0,1.57,-37.2,0.2,35.6
2026-02-05,125490,20800.0,1.2,-18.7,-14.4,33.1
2026-02-06,125490,19300.0,0.9,-11.2,-12.5,23.7
2026-02-09,125490,20350.0,0.75,22.0,-2.8,-20.4
2026-02-10,125490,20950.0,1.12,25.8,1.6,-30.4
2026-02-11,125490,19940.0,1.57,-33.4,-58.4,91.0
2026-02-12,125490,20000.0,0.88,14.2,13.5,-26.8
2026-02-13,125490,19130.0,1.07,-25.8,-8.4,30.9
2026-02-19,125490,19110.0,0.71,3.4,-2.5,-6.1
2026-02-20,125490,18300.0,0.76,-18.0,-86.8,118.0
2026-02-23,125490,17270.0,0.53,7.6,-51.6,61.6
2026-02-24,125490,17680.0,0.67,12.2,-49.6,39.3
2026-02-25,125490,18000.0,0.95,-14.5,-28.3,44.0
2026-02-26,125490,17800.0,0.72,-5.2,-12.5,12.1
2026-02-27,125490,17680.0,0.65,32.9,-22.8,-5.9
2026-03-03,125490,16110.0,1.17,18.1,-8.7,-9.4
2026-03-04,125490,13290.0,1.49,88.3,-35.8,-51.3
2026-03-05,125490,15800.0,3.24,70.5,-1.6,-68.9
2026-03-06,125490,15930.0,4.52,-4.8,-1.6,5.6
2026-03-09,125490,14690.0,4.28,14.2,0.8,-14.2
2026-03-10,125490,15750.0,4.55,3.5,0.4,-4.3
2026-03-11,125490,15690.0,4.54,-22.7,-0.4,23.2
2026-03-12,125490,16370.0,4.15,15.1,0.7,-14.4
2026-03-13,125490,15770.0,4.41,-26.3,-0.0,23.9
2026-03-16,125490,16560.0,3.95,1.2,-7.0,2.1
2026-03-17,125490,16320.0,3.98,-4.6,1.4,5.2
2026-03-18,125490,16640.0,3.9,11.6,-0.3,-10.4
2026-03-19,125490,16260.0,3.87,6.1,0.4,-5.0
2026-03-20,125490,17140.0,3.98,32.4,12.8,-45.6
2026-03-23,125490,15620.0,4.5,-32.0,3.9,27.4
2026-03-24,125490,16620.0,3.95,21.3,-8.8,-15.0
2026-03-25,125490,16240.0,4.25,-31.4,-6.1,38.0
2026-03-26,125490,15540.0,3.72,-6.1,-8.3,14.7
2026-03-27,125490,15470.0,3.62,5.4,-0.2,-5.7
2026-03-30,125490,14300.0,3.72,37.1,-20.7,-10.6
2026-03-31,125490,13340.0,4.43,45.6,-26.9,-19.0
2026-04-01,125490,15440.0,5.34,36.4,11.8,-44.1
2026-04-02,125490,13800.0,6.04,-33.2,-1.5,36.4
2026-04-03,125490,13990.0,5.46,1.7,-3.1,3.2
2026-04-06,125490,13600.0,5.49,1.8,-0.9,2.5
2026-04-07,125490,13200.0,5.52,18.4,-4.5,-14.8
2026-04-08,125490,14340.0,5.9,36.9,-14.6,-20.3
2026-04-09,125490,13240.0,6.62,-15.5,-16.5,31.2
2026-04-10,125490,13350.0,6.31,10.3,-8.8,2.0
2026-04-13,125490,13060.0,6.59,5.0,-6.1,1.6
2026-04-14,125490,13440.0,6.47,16.6,-11.2,-6.1
2026-04-15,125490,13740.0,6.8,-0.9,-13.7,15.1
2026-04-16,125490,14110.0,6.82,-9.7,1.4,8.6
2026-04-17,125490,14460.0,6.63,-15.4,0.7,15.4
2026-04-20,125490,15620.0,6.33,42.8,-5.7,-36.9
2026-04-21,125490,16080.0,7.07,-40.8,-0.3,46.2
2026-04-22,125490,16290.0,6.37,-4.5,-0.1,7.4
2026-04-23,125490,15540.0,6.28,-27.1,-0.9,31.4
2026-04-24,125490,15740.0,5.84,-23.1,-1.8,24.9
2026-04-27,125490,16700.0,5.45,-9.8,18.1,-13.8
2026-04-28,125490,17480.0,5.28,-19.9,25.2,-4.4
2026-04-29,125490,17850.0,5.06,-9.0,1.6,8.9
2026-04-30,125490,17130.0,4.92,-37.3,7.0,36.0
2026-05-04,125490,17090.0,4.35,-9.1,1.7,8.8
2026-05-06,125490,16910.0,4.24,11.5,-1.4,-9.0
2026-05-07,125490,16830.0,4.43,24.6,-22.3,-0.4
2026-05-08,125490,18850.0,4.77,165.9,-50.3,-139.1
2026-05-11,125490,18160.0,7.27,-126.9,-6.7,162.5
2026-05-12,125490,16900.0,5.39,-80.0,1.2,76.8
2026-05-13,125490,17460.0,4.27,-6.0,10.5,-5.8
2026-05-14,125490,16320.0,4.22,-65.3,-2.4,67.9
2026-05-15,125490,16030.0,3.2,-17.0,15.1,3.4
2026-05-18,125490,15020.0,2.94,9.9,-11.3,1.3
2026-05-19,125490,13890.0,3.15,30.1,-18.2,-12.5
2026-05-20,125490,13450.0,3.75,4.5,0.6,-5.8
2026-05-21,125490,15580.0,3.87,41.2,-1.6,-35.0
2026-05-22,125490,15910.0,4.62,5.2,-0.7,-4.5
2026-05-26,125490,16150.0,4.71,11.5,-5.0,-7.0
2026-05-27,125490,15810.0,4.88,11.2,-1.8,-10.8
2026-05-28,125490,15090.0,5.08,-2.3,-0.0,1.5
2026-05-29,125490,14660.0,5.05,12.0,-2.2,-11.9
2026-06-01,125490,13970.0,5.27,3.2,-0.4,-4.9
2026-06-02,125490,13020.0,5.32,0.2,-1.4,-10.2
2026-06-04,125490,12900.0,5.33,-3.5,-0.7,6.4
2026-06-05,125490,11890.0,5.25,4.2,-0.7,-7.8
2026-06-08,125490,10820.0,5.36,16.5,-0.7,-14.1
2026-06-09,125490,11800.0,5.77,7.7,5.2,-14.1
2026-06-10,125490,11710.0,5.96,-7.3,1.4,7.7
2026-06-11,125490,12690.0,5.79,-75.3,93.3,-12.0
2026-06-12,125490,13630.0,4.11,11.1,43.1,-52.6
2026-06-15,125490,12460.0,4.34,-66.6,-3.5,81.6
2026-06-16,125490,12490.0,2.9,-8.0,3.9,0.6
2026-06-17,125490,12070.0,2.74,-3.5,-3.8,9.5
2026-06-18,125490,11260.0,2.67,1.6,-3.4,2.0
2026-06-19,125490,10550.0,2.78,2.8,-1.0,-1.1
2026-06-22,125490,10230.0,2.86,3.7,-0.8,-3.3
2026-06-23,125490,9230.0,2.96,11.6,-1.9,-11.4
2026-06-24,125490,9190.0,3.29,1.6,1.4,-3.5
2026-06-25,125490,8950.0,3.33,3.7,-1.6,-3.0
2026-06-26,125490,8340.0,3.44,9.4,2.3,-12.8
2026-06-29,125490,9280.0,3.74,5.7,3.5,-8.2
2026-06-30,125490,9100.0,3.92,-6.1,-1.6,7.7
2026-07-01,125490,9290.0,3.58,-5.2,3.4,0.9
2026-07-02,125490,8600.0,3.24,-3.7,-0.1,4.5
2026-07-03,125490,8700.0,3.12,2.8,-0.1,-3.3
2026-07-06,125490,8460.0,3.21,0.6,-0.8,-0.1
2026-07-07,125490,8200.0,3.4,0.8,1.2,-1.5
2026-07-08,125490,7520.0,3.5,6.7,0.9,-8.2
2026-07-09,125490,7530.0,3.74,4.3,2.1,-6.6
2026-07-10,125490,8520.0,3.89,7.0,3.5,-9.8
2026-07-13,125490,7810.0,4.13,-3.4,-1.4,4.8
2026-07-14,125490,7460.0,4.03,-5.5,0.8,2.8
2026-07-15,125490,8070.0,3.66,5.8,-0.2,-5.7
2026-07-16,125490,7660.0,3.8,-3.2,-1.2,3.4
2025-07-14,126340,30350.0,1.52,-1.5,-0.1,1.3
2025-07-15,126340,30150.0,1.44,-0.2,-0.0,0.2
2025-07-16,126340,29800.0,1.44,-0.2,0.0,0.0
2025-07-17,126340,29900.0,1.43,1.3,-1.7,0.3
2025-07-18,126340,30250.0,1.5,0.2,0.0,-0.2
2025-07-21,126340,29950.0,1.51,0.1,-0.4,0.3
2025-07-22,126340,29600.0,1.52,-0.3,-0.6,0.9
2025-07-23,126340,29200.0,1.51,-1.1,0.1,1.0
2025-07-24,126340,28350.0,1.45,1.3,-1.3,-0.0
2025-07-25,126340,29450.0,1.52,-0.7,0.0,0.7
2025-07-28,126340,29100.0,1.49,1.8,-0.3,-1.5
2025-07-29,126340,28350.0,1.58,0.2,-0.9,0.7
2025-07-30,126340,28850.0,1.6,0.3,0.3,-0.6
2025-07-31,126340,28500.0,1.62,0.7,-0.7,-0.0
2025-08-01,126340,27450.0,1.65,-1.9,0.6,1.3
2025-08-04,126340,27500.0,1.55,1.6,0.3,-1.9
2025-08-05,126340,27650.0,1.64,-0.0,-0.0,0.3
2025-08-06,126340,28100.0,1.64,0.9,0.2,-1.0
2025-08-07,126340,28250.0,1.69,0.2,0.0,-0.2
2025-08-08,126340,28900.0,1.7,0.8,0.1,-1.0
2025-08-11,126340,28950.0,1.75,0.1,0.1,-0.2
2025-08-12,126340,28950.0,1.75,1.6,-1.8,-1.8
2025-08-13,126340,29350.0,1.84,0.4,0.2,-0.6
2025-08-14,126340,32650.0,1.86,22.7,7.1,-27.5
2025-08-18,126340,36950.0,3.0,18.5,21.8,-37.2
2025-08-19,126340,34050.0,3.78,-1.1,0.3,1.5
2025-08-20,126340,32400.0,3.73,3.7,-2.8,-1.0
2025-08-21,126340,31950.0,3.91,-0.7,-0.5,1.2
2025-08-22,126340,34500.0,3.88,-0.6,0.6,-0.4
2025-08-25,126340,36850.0,3.86,3.5,4.3,-7.6
2025-08-26,126340,38550.0,4.04,-0.9,4.0,-3.5
2025-08-27,126340,38650.0,4.04,0.6,9.4,-9.7
2025-08-28,126340,44050.0,4.06,4.8,21.2,-25.9
2025-08-29,126340,47000.0,4.24,-17.9,44.6,-27.7
2025-09-01,126340,45000.0,3.64,-14.0,27.0,-12.0
2025-09-02,126340,46400.0,3.16,-19.0,25.8,-7.1
2025-09-03,126340,44900.0,2.55,-10.6,7.6,2.8
2025-09-04,126340,43800.0,2.19,7.9,-9.4,1.5
2025-09-05,126340,46050.0,2.47,3.1,5.5,-8.4
2025-09-08,126340,47800.0,2.58,-6.2,3.2,2.7
2025-09-09,126340,46650.0,2.37,-0.0,0.8,-0.7
2025-09-10,126340,51000.0,2.37,16.5,7.3,-21.0
2025-09-11,126340,50600.0,2.9,-21.8,12.6,6.7
2025-09-12,126340,52600.0,2.24,-18.3,27.1,-8.2
2025-09-15,126340,53000.0,1.69,-9.1,19.8,-7.4
2025-09-16,126340,51000.0,1.42,5.1,2.7,-6.6
2025-09-17,126340,50100.0,1.58,11.7,-4.1,-8.2
2025-09-18,126340,55400.0,1.93,0.0,55.3,-56.4
2025-09-19,126340,53000.0,1.93,-7.6,-2.3,9.6
2025-09-22,126340,53200.0,1.7,-3.8,3.3,0.0
2025-09-23,126340,58100.0,1.6,70.7,7.5,-72.6
2025-09-24,126340,54800.0,3.53,-1.7,-10.7,19.9
2025-09-25,126340,45400.0,3.49,-3.3,-49.4,52.3
2025-09-26,126340,44950.0,3.39,-8.0,5.5,1.7
2025-09-29,126340,47600.0,3.12,-4.0,12.1,-8.0
2025-09-30,126340,48700.0,2.99,-8.9,9.5,-1.2
2025-10-01,126340,54200.0,2.7,20.1,33.5,-29.4
2025-10-02,126340,51200.0,3.29,-3.1,-2.5,6.8
2025-10-10,126340,49300.0,3.2,9.9,-18.5,9.1
2025-10-13,126340,48800.0,3.52,5.3,-13.3,7.8
2025-10-14,126340,49300.0,3.69,-24.7,-3.2,26.1
2025-10-15,126340,53700.0,2.95,11.5,23.6,-35.8
2025-10-16,126340,53600.0,3.29,-4.0,-3.2,7.0
2025-10-17,126340,51800.0,2.77,-0.3,-7.3,8.0
2025-10-20,126340,49000.0,2.76,7.6,-32.7,26.0
2025-10-21,126340,47000.0,2.99,15.9,-26.9,11.1
2025-10-22,126340,47600.0,3.52,-5.6,0.6,4.3
2025-10-23,126340,49750.0,3.33,-7.3,3.2,2.6
2025-10-24,126340,47600.0,3.1,-11.2,-17.6,29.1
2025-10-27,126340,52500.0,2.74,25.3,26.1,-52.3
2025-10-28,126340,59100.0,3.51,-18.3,57.2,-39.1
2025-10-29,126340,62100.0,3.0,-12.1,21.2,18.8
2025-10-30,126340,56900.0,2.7,23.3,-32.4,10.7
2025-10-31,126340,55100.0,3.35,-8.1,-8.4,16.4
2025-11-03,126340,55400.0,3.12,-5.2,2.9,1.9
2025-11-04,126340,57800.0,2.98,-6.1,14.7,-7.0
2025-11-05,126340,55300.0,2.82,-5.4,5.3,0.5
2025-11-06,126340,54500.0,2.66,-1.3,-3.3,4.6
2025-11-07,126340,53300.0,2.62,-0.4,-0.3,0.6
2025-11-10,126340,54800.0,2.61,5.3,-1.1,-4.4
2025-11-11,126340,53100.0,2.76,-4.0,-9.2,10.8
2025-11-12,126340,51600.0,2.65,6.3,-14.3,7.7
2025-11-13,126340,51400.0,2.84,11.1,-14.7,3.4
2025-11-14,126340,45300.0,3.18,-14.2,-47.1,61.4
2025-11-17,126340,52300.0,2.7,5.9,28.0,-33.2
2025-11-18,126340,50500.0,2.94,6.7,-7.1,-1.2
2025-11-19,126340,50700.0,3.3,-0.8,2.5,-1.3
2025-11-20,126340,56900.0,3.42,9.5,45.5,-28.6
2025-11-21,126340,53100.0,3.69,-19.6,8.8,11.5
2025-11-24,126340,58900.0,3.11,-15.0,13.8,0.8
2025-11-25,126340,63500.0,2.7,34.8,15.1,-53.5
2025-11-26,126340,58600.0,3.6,-2.4,-5.8,6.0
2025-11-27,126340,58900.0,3.54,-0.7,-10.3,9.9
2025-11-28,126340,60100.0,3.57,-0.2,-0.3,0.4
2025-12-01,126340,62800.0,3.58,3.8,-0.8,-2.8
2025-12-02,126340,64900.0,3.67,19.6,-28.2,8.2
2025-12-03,126340,77500.0,4.13,51.6,6.2,-62.8
2025-12-04,126340,78200.0,5.23,4.9,-10.5,6.6
2025-12-05,126340,78000.0,5.34,7.4,-5.8,-2.9
2025-12-08,126340,73100.0,5.45,12.7,-12.9,-0.1
2025-12-09,126340,72900.0,5.73,7.7,-12.1,10.7
2025-12-10,126340,74900.0,5.91,-0.4,-1.8,-2.2
2025-12-11,126340,78000.0,5.9,25.3,-11.1,90.4
2025-12-12,126340,80000.0,6.46,-13.4,0.5,15.8
2025-12-15,126340,72800.0,6.05,-28.2,-28.3,46.5
2025-12-16,126340,71300.0,5.47,17.8,-3.9,-15.5
2025-12-17,126340,72200.0,5.9,5.4,2.6,-9.5
2025-12-18,126340,70600.0,5.58,11.1,-0.3,-7.2
2025-12-19,126340,73800.0,5.83,9.8,7.6,-15.9
2025-12-22,126340,73900.0,6.03,-2.1,31.8,-27.0
2025-12-23,126340,68700.0,6.07,1.6,-13.6,11.4
2025-12-24,126340,70700.0,6.2,3.2,-1.1,-2.3
2025-12-26,126340,70600.0,6.36,-2.6,0.4,0.5
2025-12-29,126340,66200.0,6.29,-19.2,1.7,18.2
2025-12-30,126340,71900.0,5.86,-11.3,6.1,4.4
2026-01-02,126340,78900.0,5.63,26.4,7.1,25.3
2026-01-05,126340,88700.0,6.25,21.8,53.1,-53.4
2026-01-06,126340,88000.0,6.76,13.1,-3.1,-3.2
2026-01-07,126340,85700.0,7.12,2.4,-1.1,0.9
2026-01-08,126340,83200.0,7.07,10.7,-7.9,0.7
2026-01-09,126340,81300.0,7.22,-21.4,0.2,34.6
2026-01-12,126340,86600.0,6.76,-8.3,19.8,-8.2
2026-01-13,126340,91500.0,6.61,-4.3,35.7,-26.2
2026-01-14,126340,89200.0,6.55,-1.2,42.9,-36.2
2026-01-15,126340,87300.0,6.48,-10.7,10.7,-1.1
2026-01-16,126340,86100.0,6.25,6.9,-3.6,5.0
2026-01-19,126340,85600.0,6.51,3.5,-2.9,1.1
2026-01-20,126340,87500.0,6.51,2.3,6.7,-7.2
2026-01-21,126340,86100.0,6.65,-21.1,3.4,9.3
2026-01-22,126340,90900.0,6.26,-2.6,17.6,-18.6
2026-01-23,126340,85700.0,6.35,-24.9,-10.4,34.6
2026-01-26,126340,84900.0,5.73,44.2,-13.3,-24.3
2026-01-27,126340,89600.0,6.73,1.7,26.7,-28.8
2026-01-28,126340,99100.0,6.73,43.9,19.3,-63.0
2026-01-29,126340,100000.0,7.42,19.6,-7.5,-16.4
2026-01-30,126340,95200.0,7.69,3.1,-21.3,17.4
2026-02-02,126340,98200.0,7.54,18.7,59.6,-69.3
2026-02-03,126340,113900.0,7.95,-13.5,127.3,-114.5
2026-02-04,126340,115600.0,7.94,-12.3,8.4,3.0
2026-02-05,126340,107700.0,7.62,-32.7,25.2,7.6
2026-02-06,126340,113300.0,7.11,-17.8,84.7,-51.7
2026-02-09,126340,117200.0,6.46,-21.4,24.5,-3.4
2026-02-10,126340,117000.0,6.12,209.8,-1.5,-2.6
2026-02-11,126340,118300.0,9.03,-9.2,35.5,-26.7
2026-02-12,126340,115400.0,9.02,4.7,-25.6,20.6
2026-02-13,126340,111800.0,9.01,-10.8,-20.0,29.9
2026-02-19,126340,115000.0,9.0,7.8,14.7,-22.6
2026-02-20,126340,112100.0,9.1,5.8,8.9,-16.3
2026-02-23,126340,113400.0,9.18,16.6,-16.0,-1.1
2026-02-24,126340,122300.0,9.35,-4.6,46.4,-40.6
2026-02-25,126340,119000.0,9.2,-17.0,-29.6,43.2
2026-02-26,126340,124900.0,8.85,10.7,38.8,-47.9
2026-02-27,126340,123600.0,9.09,-3.6,6.5,-2.3
2026-03-03,126340,126900.0,8.92,24.5,24.7,-47.2
2026-03-04,126340,105200.0,9.26,20.4,-28.4,8.0
2026-03-05,126340,121000.0,9.4,-21.5,8.0,13.8
2026-03-06,126340,134600.0,9.14,9.8,27.2,-39.0
2026-03-09,126340,125000.0,9.23,-19.4,-10.7,28.9
2026-03-10,126340,134100.0,8.91,-33.1,56.9,-28.2
2026-03-11,126340,147500.0,8.38,18.9,73.3,-93.9
2026-03-12,126340,144500.0,8.57,-28.9,-2.0,32.0
2026-03-13,126340,151300.0,8.17,-17.3,18.9,-1.6
2026-03-16,126340,138500.0,7.65,-35.3,-50.0,78.7
2026-03-17,126340,130900.0,7.29,6.5,-18.3,10.3
2026-03-18,126340,135600.0,7.36,4.0,-0.6,-6.8
2026-03-19,126340,139400.0,7.3,16.6,-0.3,-21.9
2026-03-20,126340,143700.0,7.59,6.3,1.1,-1.6
2026-03-23,126340,132600.0,7.65,1.4,15.7,-17.1
2026-03-24,126340,122500.0,7.67,-3.5,-43.9,45.7
2026-03-25,126340,116600.0,7.66,-1.7,-67.2,76.5
2026-03-26,126340,121200.0,7.78,3.6,2.8,-2.1
2026-03-27,126340,121100.0,7.83,-17.2,5.8,11.0
2026-03-30,126340,111100.0,7.62,-10.6,19.6,-9.1
2026-03-31,126340,115100.0,7.5,-37.0,47.7,-11.1
2026-04-01,126340,119500.0,7.1,-11.6,10.3,1.5
2026-04-02,126340,116700.0,6.94,1.2,5.2,-4.2
2026-04-03,126340,119000.0,6.96,-10.0,6.3,3.3
2026-04-06,126340,117200.0,6.83,-1.7,-8.2,9.5
2026-04-07,126340,103300.0,6.78,50.7,-55.9,9.9
2026-04-08,126340,100900.0,7.49,89.0,-92.3,9.1
2026-04-09,126340,96400.0,8.89,34.7,-54.9,20.4
2026-04-10,126340,104700.0,9.49,-26.8,60.1,-33.1
2026-04-13,126340,116200.0,9.13,-47.5,50.2,-2.8
2026-04-14,126340,133300.0,8.53,-126.1,186.4,-56.3
2026-04-15,126340,133000.0,6.97,-31.0,-27.9,56.4
2026-04-16,126340,127100.0,6.74,-2.2,-34.8,36.5
2026-04-17,126340,124900.0,6.79,-0.4,-5.0,6.9
2026-04-20,126340,123900.0,6.73,5.1,-18.6,12.9
2026-04-21,126340,134200.0,6.79,-27.7,82.4,-55.8
2026-04-22,126340,142600.0,6.51,5.6,49.5,-46.5
2026-04-23,126340,134300.0,6.61,-18.1,8.3,11.8
2026-04-24,126340,133000.0,6.3,12.4,-32.1,20.7
2026-04-27,126340,132000.0,6.4,3.1,6.1,-6.0
2026-04-28,126340,141100.0,6.39,50.3,33.4,-81.5
2026-04-29,126340,183400.0,7.05,116.4,173.9,-288.8
2026-04-30,126340,175600.0,8.01,-43.5,23.7,12.4
2026-05-04,126340,184700.0,7.84,0.1,21.9,-22.9
2026-05-06,126340,193600.0,7.81,57.3,-34.7,-33.8
2026-05-07,126340,189800.0,8.58,32.3,-56.6,18.4
2026-05-08,126340,182200.0,8.83,85.3,-99.8,14.9
2026-05-11,126340,182000.0,9.59,94.8,-109.0,13.3
2026-05-12,126340,173000.0,10.36,83.5,-61.6,-19.9
2026-05-13,126340,166200.0,10.87,118.6,-122.9,3.9
2026-05-14,126340,172300.0,11.98,-9.5,5.3,2.4
2026-05-15,126340,155100.0,12.01,26.0,-49.7,19.8
2026-05-18,126340,143100.0,11.7,87.3,-70.5,-14.7
2026-05-19,126340,137200.0,12.75,-17.3,1.1,13.4
2026-05-20,126340,144000.0,12.43,17.3,-1.4,-15.4
2026-05-21,126340,141900.0,12.71,-25.4,8.5,22.7
2026-05-22,126340,169000.0,12.38,44.7,106.9,-147.6
2026-05-26,126340,170000.0,12.73,-14.8,6.0,8.6
2026-05-27,126340,159900.0,12.43,-0.4,-45.9,36.9
2026-05-28,126340,152100.0,12.46,42.4,-36.6,-6.6
2026-05-29,126340,149000.0,12.95,57.2,-62.0,8.3
2026-06-01,126340,132900.0,13.6,153.3,-95.7,-49.2
2026-06-02,126340,131100.0,15.67,24.9,-40.5,14.7
2026-06-04,126340,126300.0,15.97,-16.8,-0.5,18.9
2026-06-05,126340,121600.0,15.74,12.0,-5.1,-7.1
2026-06-08,126340,105900.0,15.82,42.1,-48.0,4.2
2026-06-09,126340,104800.0,16.41,40.0,-66.6,25.2
2026-06-10,126340,107300.0,16.95,-21.5,-19.4,40.0
2026-06-11,126340,103900.0,16.56,43.9,-57.3,14.1
2026-06-12,126340,105600.0,17.11,-8.7,-15.0,23.5
2026-06-15,126340,113900.0,16.92,-21.9,7.4,17.2
2026-06-16,126340,130500.0,16.62,-64.9,71.2,-9.6
2026-06-17,126340,124100.0,15.64,-35.0,31.1,4.0
2026-06-18,126340,115800.0,15.07,17.5,-7.1,-11.3
2026-06-19,126340,121800.0,15.25,9.4,24.7,-28.9
2026-06-22,126340,106400.0,15.3,-8.0,-8.2,17.4
2026-06-23,126340,93100.0,15.11,34.0,-25.8,-5.7
2026-06-24,126340,96800.0,15.54,12.2,-7.1,-4.7
2026-06-25,126340,92400.0,15.73,11.4,-8.9,-2.0
2026-06-26,126340,80200.0,15.92,53.7,-25.2,-30.2
2026-06-29,126340,83400.0,17.05,63.8,-45.8,-12.8
2026-06-30,126340,82900.0,18.2,-2.2,-16.5,18.7
2026-07-01,126340,107700.0,17.94,-7.0,-1.6,8.1
2026-07-02,126340,86000.0,17.81,-119.8,27.0,93.8
2026-07-03,126340,84400.0,15.54,-18.0,15.9,3.9
2026-07-06,126340,77500.0,15.1,-3.6,-2.1,6.2
2026-07-07,126340,82400.0,14.94,-24.6,33.7,-9.1
2026-07-08,126340,70900.0,14.41,-0.9,-1.3,2.7
2026-07-09,126340,68400.0,14.36,19.3,-4.4,-14.3
2026-07-10,126340,71800.0,14.6,4.1,-5.8,2.2
2026-07-13,126340,68900.0,14.38,-15.2,-7.0,22.4
2026-07-14,126340,62900.0,13.71,5.1,-21.0,15.8
2026-07-15,126340,67700.0,13.68,21.1,-14.4,-5.5
2026-07-16,126340,61600.0,14.13,7.6,-7.6,-0.8
2025-07-14,126560,3515.0,0.78,-0.4,0.1,0.2
2025-07-15,126560,3480.0,0.77,-0.5,-0.1,0.7
2025-07-16,126560,3485.0,0.76,-1.2,0.2,1.1
2025-07-17,126560,3435.0,0.73,-0.4,0.2,0.3
2025-07-18,126560,3440.0,0.72,-0.2,0.1,0.4
2025-07-21,126560,3480.0,0.71,-0.4,0.3,0.1
2025-07-22,126560,3435.0,0.7,-0.2,0.1,-0.0
2025-07-23,126560,3420.0,0.69,0.1,-0.0,-0.0
2025-07-24,126560,3350.0,0.7,-0.4,-0.2,0.6
2025-07-25,126560,3345.0,0.69,0.1,-0.0,-0.1
2025-07-28,126560,3285.0,0.69,-0.3,-0.0,0.3
2025-07-29,126560,3400.0,0.68,0.0,-0.2,0.1
2025-07-30,126560,3450.0,0.68,0.3,-0.0,-0.2
2025-07-31,126560,3410.0,0.69,-0.1,0.0,0.1
2025-08-01,126560,3330.0,0.69,-0.2,0.2,-0.0
2025-08-04,126560,3330.0,0.68,0.1,-0.1,0.0
2025-08-05,126560,3335.0,0.68,-0.1,-0.0,0.0
2025-08-06,126560,3395.0,0.68,0.5,0.0,-0.4
2025-08-07,126560,3375.0,0.69,-0.1,-0.0,0.1
2025-08-08,126560,3400.0,0.69,0.3,-0.0,-0.3
2025-08-11,126560,3425.0,0.7,0.1,0.2,0.2
2025-08-12,126560,3365.0,0.7,-0.4,0.2,0.3
2025-08-13,126560,3320.0,0.69,-0.0,-0.2,0.2
2025-08-14,126560,3345.0,0.69,-0.0,-0.1,0.1
2025-08-18,126560,3315.0,0.69,-0.4,0.0,0.3
2025-08-19,126560,3255.0,0.68,-0.4,-0.0,0.2
2025-08-20,126560,3200.0,0.67,-0.1,0.0,0.1
2025-08-21,126560,3215.0,0.67,0.0,0.0,-0.1
2025-08-22,126560,3245.0,0.67,0.0,-0.1,0.0
2025-08-25,126560,3275.0,0.67,0.1,-0.1,-0.4
2025-08-26,126560,3280.0,0.67,-0.1,-0.0,0.1
2025-08-27,126560,3250.0,0.67,-0.2,-0.3,0.5
2025-08-28,126560,3280.0,0.66,-0.1,-0.0,0.1
2025-08-29,126560,3260.0,0.66,-0.2,0.0,0.1
2025-09-01,126560,3200.0,0.66,-0.3,-0.0,0.3
2025-09-02,126560,3240.0,0.65,-0.1,0.1,0.1
2025-09-03,126560,3250.0,0.64,-0.0,-0.0,0.0
2025-09-04,126560,3225.0,0.64,0.0,-0.0,-0.5
2025-09-05,126560,3220.0,0.64,0.2,-0.1,-0.5
2025-09-08,126560,3235.0,0.65,0.1,-0.0,-0.3
2025-09-09,126560,3225.0,0.65,-0.2,-0.3,0.4
2025-09-10,126560,3260.0,0.64,0.2,-0.0,-0.9
2025-09-11,126560,3255.0,0.65,0.0,0.0,-0.1
2025-09-12,126560,3260.0,0.65,-0.3,-0.3,0.6
2025-09-15,126560,3255.0,0.64,0.0,0.0,-0.1
2025-09-16,126560,3255.0,0.64,-0.0,-0.1,0.1
2025-09-17,126560,3235.0,0.64,-0.0,-0.0,-0.1
2025-09-18,126560,3250.0,0.64,0.2,-0.1,-0.1
2025-09-19,126560,3240.0,0.65,0.1,-0.2,-0.4
2025-09-22,126560,3200.0,0.65,-0.1,-0.2,-0.8
2025-09-23,126560,3230.0,0.65,0.1,-0.7,-1.7
2025-09-24,126560,3250.0,0.65,-0.0,-0.0,-0.3
2025-09-25,126560,3320.0,0.65,0.6,-0.2,1.5
2025-09-26,126560,3300.0,0.66,-0.2,0.0,-0.2
2025-09-29,126560,3275.0,0.66,0.2,0.1,0.6
2025-09-30,126560,3250.0,0.66,-0.4,-0.1,-0.3
2025-10-01,126560,3250.0,0.65,-0.0,-0.0,-0.0
2025-10-02,126560,3270.0,0.65,0.3,0.0,0.0
2025-10-10,126560,3265.0,0.66,-0.3,-0.0,0.4
2025-10-13,126560,3265.0,0.65,-0.2,0.0,0.0
2025-10-14,126560,3255.0,0.65,-0.2,-0.1,0.2
2025-10-15,126560,3255.0,0.64,0.5,-1.0,0.1
2025-10-16,126560,3240.0,0.65,-0.2,-0.0,-1.4
2025-10-17,126560,3250.0,0.65,-0.3,-0.2,-0.3
2025-10-20,126560,3250.0,0.64,-0.2,-0.2,-0.6
2025-10-21,126560,3230.0,0.63,-0.3,-0.7,0.0
2025-10-22,126560,3245.0,0.62,0.2,-0.2,1.1
2025-10-23,126560,3195.0,0.63,-0.1,-0.3,-0.5
2025-10-24,126560,3230.0,0.63,0.2,-0.4,-0.6
2025-10-27,126560,3235.0,0.63,-0.1,-0.4,0.1
2025-10-28,126560,3210.0,0.63,-0.0,-0.2,-0.9
2025-10-29,126560,3185.0,0.63,-0.1,-0.5,-0.3
2025-10-30,126560,3190.0,0.62,-0.3,-0.2,0.0
2025-10-31,126560,3180.0,0.62,-0.1,-0.1,-1.2
2025-11-03,126560,3185.0,0.61,0.0,-0.3,-1.8
2025-11-04,126560,3185.0,0.62,0.0,-0.0,-0.4
2025-11-05,126560,3150.0,0.62,-0.2,0.3,-1.4
2025-11-06,126560,3150.0,0.61,0.3,-0.4,0.2
2025-11-07,126560,3215.0,0.62,-0.3,-0.2,0.2
2025-11-10,126560,3275.0,0.61,0.9,0.9,-0.4
2025-11-11,126560,3250.0,0.63,-0.4,0.2,0.0
2025-11-12,126560,3260.0,0.62,0.5,-0.0,0.0
2025-11-13,126560,3260.0,0.64,0.4,-0.1,-0.2
2025-11-14,126560,3235.0,0.65,0.7,0.1,-0.6
2025-11-17,126560,3210.0,0.67,-0.3,0.0,-8.1
2025-11-18,126560,3125.0,0.66,-0.7,-0.1,0.4
2025-11-19,126560,3120.0,0.64,-0.3,1.1,-1.0
2025-11-20,126560,3120.0,0.63,0.8,-0.2,-0.9
2025-11-21,126560,3145.0,0.65,-0.0,0.7,-0.3
2025-11-24,126560,3155.0,0.65,-0.1,-0.5,-0.0
2025-11-25,126560,3080.0,0.65,-0.4,-0.3,0.4
2025-11-26,126560,3105.0,0.63,0.4,0.4,-0.8
2025-11-27,126560,3125.0,0.65,0.6,-0.1,-0.3
2025-11-28,126560,3155.0,0.66,0.5,-0.3,-0.1
2025-12-01,126560,3150.0,0.68,0.1,-0.3,-0.1
2025-12-02,126560,3165.0,0.68,0.2,-0.1,-0.3
2025-12-03,126560,3175.0,0.69,0.3,-0.0,-0.3
2025-12-04,126560,3150.0,0.7,-1.1,0.2,1.3
2025-12-05,126560,3175.0,0.66,0.5,-0.1,-0.4
2025-12-08,126560,3200.0,0.68,0.7,0.0,-0.5
2025-12-09,126560,3225.0,0.7,0.1,0.4,-0.3
2025-12-10,126560,3180.0,0.7,-0.0,-0.1,-0.1
2025-12-11,126560,3200.0,0.7,0.2,-0.2,-0.2
2025-12-12,126560,3220.0,0.71,0.4,-0.0,-0.2
2025-12-15,126560,3225.0,0.72,0.3,0.1,-0.3
2025-12-16,126560,3210.0,0.73,0.2,0.2,-0.6
2025-12-17,126560,3220.0,0.73,0.0,-0.2,-0.1
2025-12-18,126560,3220.0,0.73,-0.2,-0.0,0.2
2025-12-19,126560,3220.0,0.73,0.3,-0.0,-0.0
2025-12-22,126560,3215.0,0.74,0.1,0.0,-0.1
2025-12-23,126560,3190.0,0.74,-0.1,0.2,0.2
2025-12-24,126560,3195.0,0.74,-0.2,0.1,-0.1
2025-12-26,126560,3185.0,0.73,-0.3,-0.0,0.8
2025-12-29,126560,3075.0,0.72,-1.0,-0.0,0.7
2025-12-30,126560,3070.0,0.69,-0.4,-0.1,0.7
2026-01-02,126560,3080.0,0.68,-0.2,-0.0,0.2
2026-01-05,126560,3085.0,0.68,-0.6,-0.1,0.3
2026-01-06,126560,3090.0,0.66,-0.2,-0.2,0.3
2026-01-07,126560,3075.0,0.66,-0.3,-0.3,0.9
2026-01-08,126560,3070.0,0.65,0.3,0.0,-0.3
2026-01-09,126560,3060.0,0.65,-0.2,0.0,-0.0
2026-01-12,126560,3080.0,0.65,0.3,0.2,-0.2
2026-01-13,126560,3110.0,0.66,0.1,0.0,-0.2
2026-01-14,126560,3120.0,0.66,0.3,-0.3,0.1
2026-01-15,126560,3125.0,0.67,0.0,-0.2,0.8
2026-01-16,126560,3130.0,0.67,-0.0,-0.9,1.7
2026-01-19,126560,3190.0,0.67,1.2,-0.1,0.6
2026-01-20,126560,3180.0,0.71,0.1,-0.5,0.6
2026-01-21,126560,3165.0,0.71,-0.2,-0.0,0.2
2026-01-22,126560,3175.0,0.7,0.4,-0.1,-0.0
2026-01-23,126560,3185.0,0.72,-0.2,-0.2,0.6
2026-01-26,126560,3205.0,0.71,0.4,0.0,-0.1
2026-01-27,126560,3205.0,0.72,-0.1,-0.1,0.1
2026-01-28,126560,3210.0,0.72,0.0,-0.3,0.7
2026-01-29,126560,3210.0,0.72,0.3,-0.4,0.3
2026-01-30,126560,3225.0,0.73,0.6,0.0,-0.5
2026-02-02,126560,3225.0,0.74,-0.2,-0.2,0.9
2026-02-03,126560,3215.0,0.74,-0.2,0.1,0.2
2026-02-04,126560,3270.0,0.73,0.4,-0.2,0.5
2026-02-05,126560,3410.0,0.74,0.8,2.1,-1.4
2026-02-06,126560,3420.0,0.77,-0.0,-0.1,0.4
2026-02-09,126560,3525.0,0.77,0.8,0.3,-1.2
2026-02-10,126560,3525.0,0.79,-1.6,-0.4,1.9
2026-02-11,126560,3395.0,0.75,4.4,1.0,-5.5
2026-02-12,126560,3435.0,0.86,1.4,-1.0,-1.3
2026-02-13,126560,3420.0,0.9,0.5,-0.8,-2.5
2026-02-19,126560,3520.0,0.91,0.9,-0.4,-0.5
2026-02-20,126560,3535.0,0.94,0.8,0.0,-1.7
2026-02-23,126560,3515.0,0.96,1.3,0.3,-2.6
2026-02-24,126560,3540.0,0.99,-1.6,-0.3,0.9
2026-02-25,126560,3535.0,0.95,0.3,-0.8,-0.4
2026-02-26,126560,3490.0,0.96,-2.1,-0.9,0.7
2026-02-27,126560,3465.0,0.9,-0.4,0.1,-0.5
2026-03-03,126560,3365.0,0.89,0.6,0.3,-2.0
2026-03-04,126560,3150.0,0.91,0.9,-0.3,-1.8
2026-03-05,126560,3250.0,0.93,1.6,-1.4,-1.3
2026-03-06,126560,3280.0,0.98,-0.3,-0.3,0.1
2026-03-09,126560,3240.0,0.97,-0.1,0.2,-1.1
2026-03-10,126560,3230.0,0.97,-0.9,-0.1,0.4
2026-03-11,126560,3270.0,0.94,0.8,0.1,-1.6
2026-03-12,126560,3260.0,0.96,-0.1,-0.1,1.2
2026-03-13,126560,3275.0,0.96,0.4,-1.9,1.0
2026-03-16,126560,3245.0,0.97,-1.2,0.0,0.4
2026-03-17,126560,3245.0,0.94,-0.9,-0.1,0.0
2026-03-18,126560,3235.0,0.91,0.1,0.2,-1.3
2026-03-19,126560,3190.0,0.92,-0.8,-1.3,1.1
2026-03-20,126560,3265.0,0.89,0.2,-0.9,-0.2
2026-03-23,126560,3210.0,0.9,0.1,0.1,-0.9
2026-03-24,126560,3245.0,0.9,-0.1,-0.1,-0.7
2026-03-25,126560,3270.0,0.9,0.1,0.1,-1.1
2026-03-26,126560,3275.0,0.9,-0.3,-0.0,-0.6
2026-03-27,126560,3335.0,0.9,1.1,0.7,-2.7
2026-03-30,126560,3335.0,0.93,-0.4,0.4,-0.8
2026-03-31,126560,3275.0,0.91,0.9,0.4,-2.2
2026-04-01,126560,3290.0,0.94,-0.4,-0.4,-0.0
2026-04-02,126560,3250.0,0.93,-0.5,-0.2,-0.2
2026-04-03,126560,3305.0,0.92,0.9,0.1,-1.9
2026-04-06,126560,3300.0,0.94,-0.8,-0.1,-0.0
2026-04-07,126560,3290.0,0.92,-0.4,0.2,-0.7
2026-04-08,126560,3290.0,0.91,-0.5,-0.3,-0.1
2026-04-09,126560,3290.0,0.89,-0.2,-0.2,-0.5
2026-04-10,126560,3370.0,0.89,1.2,0.1,-2.2
2026-04-13,126560,3440.0,0.92,0.7,0.5,-2.1
2026-04-14,126560,3445.0,0.94,-0.3,-0.3,-0.3
2026-04-15,126560,3405.0,0.93,-0.8,-1.0,0.9
2026-04-16,126560,3470.0,0.91,0.7,-0.4,-1.3
2026-04-17,126560,3470.0,0.93,-0.3,-0.2,-0.4
2026-04-20,126560,3410.0,0.92,-2.2,-0.6,2.0
2026-04-21,126560,3450.0,0.86,-1.2,0.6,-0.5
2026-04-22,126560,3450.0,0.83,-0.3,-1.0,-0.3
2026-04-23,126560,3430.0,0.82,-0.0,-0.5,-1.4
2026-04-24,126560,3450.0,0.82,-0.3,-0.2,-0.6
2026-04-27,126560,3470.0,0.82,-0.7,0.0,-0.2
2026-04-28,126560,3465.0,0.8,0.1,-0.1,-0.8
2026-04-29,126560,3420.0,0.8,-0.5,-0.2,0.6
2026-04-30,126560,3345.0,0.79,-0.7,-0.1,0.7
2026-05-04,126560,3330.0,0.77,-0.3,-0.7,0.9
2026-05-06,126560,3310.0,0.76,-1.0,-0.2,1.0
2026-05-07,126560,3250.0,0.73,-0.2,-0.0,-0.0
2026-05-08,126560,3235.0,0.73,-0.5,-0.6,0.9
2026-05-11,126560,3195.0,0.71,-0.8,0.0,0.7
2026-05-12,126560,3130.0,0.69,-0.3,-0.3,0.7
2026-05-13,126560,3200.0,0.69,-0.4,0.0,-7.1
2026-05-14,126560,3160.0,0.68,3.4,0.2,-3.6
2026-05-15,126560,3100.0,0.78,-0.4,-0.1,0.3
2026-05-18,126560,3100.0,0.77,0.1,-0.1,-0.1
2026-05-19,126560,3035.0,0.78,-0.2,-0.6,0.7
2026-05-20,126560,2975.0,0.77,0.0,-0.1,-0.1
2026-05-21,126560,2970.0,0.77,-0.5,-0.1,1.1
2026-05-22,126560,3035.0,0.76,0.5,-0.4,-0.1
2026-05-26,126560,2980.0,0.77,-0.3,0.1,0.3
2026-05-27,126560,2970.0,0.76,-0.3,-0.1,0.3
2026-05-28,126560,2975.0,0.75,-0.2,-0.0,0.1
2026-05-29,126560,2975.0,0.74,0.0,0.0,-0.0
2026-06-01,126560,2940.0,0.74,-0.2,-0.0,0.3
2026-06-02,126560,2920.0,0.74,0.0,0.0,-0.1
2026-06-04,126560,2925.0,0.74,-0.2,-0.0,0.1
2026-06-05,126560,2880.0,0.73,0.1,-0.0,-0.2
2026-06-08,126560,2815.0,0.73,0.4,0.0,-0.2
2026-06-09,126560,2875.0,0.75,-0.2,-0.0,0.0
2026-06-10,126560,3000.0,0.74,0.0,-0.1,0.3
2026-06-11,126560,3035.0,0.74,-0.2,-0.0,0.2
2026-06-12,126560,3125.0,0.73,0.6,-0.0,-0.6
2026-06-15,126560,3040.0,0.75,-0.7,0.0,0.6
2026-06-16,126560,3110.0,0.73,-0.2,0.1,0.2
2026-06-17,126560,3060.0,0.72,-0.2,-0.1,0.4
2026-06-18,126560,3080.0,0.72,-0.1,-0.0,0.2
2026-06-19,126560,3020.0,0.72,0.0,-0.1,0.1
2026-06-22,126560,2985.0,0.72,0.5,0.0,-0.5
2026-06-23,126560,2845.0,0.73,0.9,0.2,-1.1
2026-06-24,126560,2910.0,0.76,0.4,-0.2,-0.2
2026-06-25,126560,2910.0,0.77,0.2,-0.1,-0.1
2026-06-26,126560,2945.0,0.78,-0.3,0.1,0.2
2026-06-29,126560,2990.0,0.77,0.1,-0.1,-0.2
2026-06-30,126560,2960.0,0.77,-0.1,-0.0,0.1
2026-07-01,126560,3010.0,0.77,0.3,0.0,-0.3
2026-07-02,126560,3000.0,0.78,0.8,0.8,-1.8
2026-07-03,126560,2955.0,0.8,0.4,0.1,-0.4
2026-07-06,126560,2995.0,0.81,0.2,-0.1,-0.0
2026-07-07,126560,2995.0,0.82,0.7,-0.1,-0.5
2026-07-08,126560,2960.0,0.84,0.3,0.3,-0.6
2026-07-09,126560,2895.0,0.85,-0.0,-0.3,1.2
2026-07-10,126560,2990.0,0.85,0.5,-0.3,-0.4
2026-07-13,126560,2950.0,0.86,-0.4,-0.2,0.5
2026-07-14,126560,2895.0,0.85,0.6,0.1,-0.8
2026-07-15,126560,2960.0,0.87,0.4,-0.1,-0.3
2026-07-16,126560,3000.0,0.88,0.4,0.2,-0.6
2025-07-14,126600,3110.0,1.22,-0.2,-0.0,0.2
2025-07-15,126600,3160.0,1.21,-1.0,0.0,0.9
2025-07-16,126600,3135.0,1.16,-0.3,-0.0,0.3
2025-07-17,126600,3125.0,1.14,-0.3,0.1,0.2
2025-07-18,126600,3090.0,1.13,-0.2,0.1,0.2
2025-07-21,126600,3120.0,1.11,0.5,0.0,-0.5
2025-07-22,126600,3130.0,1.14,-0.3,-0.0,0.3
2025-07-23,126600,3125.0,1.12,0.0,0.0,-0.0
2025-07-24,126600,3080.0,1.12,-0.5,0.0,0.5
2025-07-25,126600,3075.0,1.1,0.1,0.1,-0.2
2025-07-28,126600,3035.0,1.1,-0.0,0.2,-0.2
2025-07-29,126600,3045.0,1.1,0.5,0.1,-0.6
2025-07-30,126600,3075.0,1.13,0.2,0.0,-0.2
2025-07-31,126600,3100.0,1.14,0.3,-0.0,-0.3
2025-08-01,126600,2955.0,1.15,-0.9,0.2,0.7
2025-08-04,126600,2985.0,1.1,0.2,0.0,-0.2
2025-08-05,126600,2990.0,1.11,0.5,0.0,-0.5
2025-08-06,126600,3020.0,1.14,0.1,-0.0,-0.1
2025-08-07,126600,3070.0,1.14,-0.1,-0.0,0.1
2025-08-08,126600,3060.0,1.14,0.0,-0.0,0.0
2025-08-11,126600,3195.0,1.14,1.5,0.4,-1.9
2025-08-12,126600,3210.0,1.21,0.5,0.0,-1.2
2025-08-13,126600,3220.0,1.24,-0.0,0.0,0.0
2025-08-14,126600,3135.0,1.24,-0.5,0.2,0.2
2025-08-18,126600,3045.0,1.22,-0.2,0.0,0.3
2025-08-19,126600,3045.0,1.21,-0.3,0.0,0.3
2025-08-20,126600,3015.0,1.19,-0.1,0.0,0.1
2025-08-21,126600,3020.0,1.18,0.1,0.0,-0.2
2025-08-22,126600,3010.0,1.19,-0.2,-0.0,0.2
2025-08-25,126600,3015.0,1.18,0.1,-0.0,-0.1
2025-08-26,126600,2985.0,1.2,-0.1,-0.0,0.1
2025-08-27,126600,2980.0,1.19,-0.6,0.0,0.5
2025-08-28,126600,3000.0,1.16,-0.3,0.0,0.3
2025-08-29,126600,2975.0,1.15,-0.3,0.0,0.3
2025-09-01,126600,2940.0,1.13,-0.4,0.1,0.2
2025-09-02,126600,2945.0,1.1,-0.1,-0.0,0.1
2025-09-03,126600,2940.0,1.1,-0.0,0.0,0.0
2025-09-04,126600,2970.0,1.1,0.1,0.0,-0.1
2025-09-05,126600,2950.0,1.1,0.2,-0.0,-0.2
2025-09-08,126600,2965.0,1.11,-0.0,0.0,0.0
2025-09-09,126600,2960.0,1.11,-0.3,0.0,0.3
2025-09-10,126600,2955.0,1.1,-0.2,0.0,0.2
2025-09-11,126600,2940.0,1.08,0.0,-0.0,-0.0
2025-09-12,126600,2955.0,1.09,0.2,-0.0,-0.2
2025-09-15,126600,2990.0,1.09,-0.3,-0.0,0.3
2025-09-16,126600,2980.0,1.08,-0.1,-0.0,0.1
2025-09-17,126600,2980.0,1.07,0.0,0.0,-0.0
2025-09-18,126600,3020.0,1.07,0.2,-0.0,-0.2
2025-09-19,126600,3030.0,1.08,0.3,0.0,-0.3
2025-09-22,126600,3035.0,1.1,-0.0,-0.0,0.0
2025-09-23,126600,3005.0,1.09,-0.4,-0.0,0.4
2025-09-24,126600,2940.0,1.08,-0.8,-0.0,0.8
2025-09-25,126600,2940.0,1.03,-0.1,0.0,0.1
2025-09-26,126600,2900.0,1.02,-0.3,-0.0,0.3
2025-09-29,126600,2920.0,1.01,-0.2,0.0,-0.1
2025-09-30,126600,2895.0,1.0,-0.1,0.0,0.1
2025-10-01,126600,2930.0,0.99,-0.3,-0.0,0.3
2025-10-02,126600,2930.0,0.97,0.1,-0.0,-0.2
2025-10-10,126600,2875.0,0.98,-0.1,-0.0,0.1
2025-10-13,126600,2850.0,0.97,-0.0,0.0,0.0
2025-10-14,126600,2850.0,0.97,0.2,-0.0,-0.2
2025-10-15,126600,2905.0,0.98,0.5,-0.0,-0.5
2025-10-16,126600,2895.0,1.01,0.2,-0.0,-0.3
2025-10-17,126600,2895.0,1.02,0.6,-0.0,-0.6
2025-10-20,126600,2910.0,1.05,0.2,-0.0,-0.0
2025-10-21,126600,2910.0,1.06,-0.4,0.0,0.4
2025-10-22,126600,2910.0,1.04,-0.1,-0.0,0.1
2025-10-23,126600,2850.0,1.03,-0.1,0.0,-0.0
2025-10-24,126600,2905.0,1.03,0.9,-0.0,-1.1
2025-10-27,126600,2940.0,1.08,1.3,-0.4,-0.8
2025-10-28,126600,2950.0,1.15,-0.0,-0.0,0.0
2025-10-29,126600,2935.0,1.15,-0.1,-0.0,0.1
2025-10-30,126600,2895.0,1.14,-0.6,-0.0,0.6
2025-10-31,126600,2860.0,1.11,-0.2,-0.0,0.1
2025-11-03,126600,2795.0,1.1,-0.9,-0.0,1.8
2025-11-04,126600,2765.0,1.05,0.2,-0.1,0.5
2025-11-05,126600,2770.0,1.06,-0.5,-0.0,0.5
2025-11-06,126600,2795.0,1.04,-0.1,-0.1,0.2
2025-11-07,126600,2770.0,1.03,0.9,-1.4,1.0
2025-11-10,126600,2790.0,1.08,0.1,-0.0,-0.1
2025-11-11,126600,2780.0,1.01,-0.2,-0.1,0.3
2025-11-12,126600,2890.0,1.0,0.2,0.2,-0.4
2025-11-13,126600,3050.0,1.02,2.2,-0.0,-2.2
2025-11-14,126600,3045.0,1.13,1.5,-0.0,-1.5
2025-11-17,126600,3040.0,1.21,-0.1,0.0,0.1
2025-11-18,126600,2975.0,1.21,-0.7,-0.0,0.7
2025-11-19,126600,3025.0,1.17,0.5,-0.0,-0.5
2025-11-20,126600,3035.0,1.19,-0.2,0.0,0.2
2025-11-21,126600,3000.0,1.18,-0.2,0.0,0.2
2025-11-24,126600,3010.0,1.17,0.3,0.0,-0.3
2025-11-25,126600,2990.0,1.19,-0.2,0.0,0.2
2025-11-26,126600,3110.0,1.18,0.9,-0.0,-0.9
2025-11-27,126600,3215.0,1.22,2.0,-0.0,-2.0
2025-11-28,126600,3375.0,1.32,2.1,-0.0,-2.0
2025-12-01,126600,3365.0,1.42,-0.7,0.0,0.7
2025-12-02,126600,3325.0,1.41,-0.1,-0.0,0.1
2025-12-03,126600,3380.0,1.4,0.4,0.0,-0.3
2025-12-04,126600,3445.0,1.42,0.5,0.0,-0.5
2025-12-05,126600,3365.0,1.45,-0.9,0.0,0.9
2025-12-08,126600,3585.0,1.4,1.0,-0.0,-1.1
2025-12-09,126600,3615.0,1.45,-1.1,0.0,1.1
2025-12-10,126600,3520.0,1.4,-1.7,0.0,1.7
2025-12-11,126600,3605.0,1.33,1.0,0.0,-1.0
2025-12-12,126600,3650.0,1.37,-0.4,-0.0,0.4
2025-12-15,126600,3680.0,1.35,0.7,0.0,-0.7
2025-12-16,126600,3720.0,1.38,0.9,-0.4,-0.6
2025-12-17,126600,3695.0,1.53,-1.8,0.0,1.8
2025-12-18,126600,3700.0,1.44,-1.5,0.0,1.5
2025-12-19,126600,3900.0,1.37,3.8,-0.6,-3.2
2025-12-22,126600,3855.0,1.53,-1.2,0.0,1.2
2025-12-23,126600,3880.0,1.48,-1.2,0.0,0.8
2025-12-24,126600,3850.0,1.41,-0.6,0.0,0.6
2025-12-26,126600,3690.0,1.38,-0.2,0.0,0.4
2025-12-29,126600,3630.0,1.27,0.4,-0.0,-0.4
2025-12-30,126600,3660.0,1.28,-0.4,,0.4
2026-01-02,126600,3600.0,1.26,-0.6,-0.0,0.6
2026-01-05,126600,3725.0,1.24,0.3,-0.0,-0.3
2026-01-06,126600,3630.0,1.26,-0.4,-0.0,0.4
2026-01-07,126600,3695.0,1.29,0.7,-0.0,-0.7
2026-01-08,126600,3745.0,1.32,-0.0,-0.0,0.1
2026-01-09,126600,3920.0,1.32,0.8,0.0,-0.8
2026-01-12,126600,3935.0,1.35,0.3,-0.0,-0.4
2026-01-13,126600,4020.0,1.37,-0.7,-0.0,0.7
2026-01-14,126600,3990.0,1.34,-0.6,-0.7,1.3
2026-01-15,126600,3950.0,1.31,-1.2,-0.0,1.2
2026-01-16,126600,4145.0,1.26,-0.1,-0.0,0.1
2026-01-19,126600,4290.0,1.26,1.7,-0.0,-1.5
2026-01-20,126600,4315.0,1.32,-2.3,-0.0,2.3
2026-01-21,126600,4140.0,1.24,-3.0,-0.0,2.9
2026-01-22,126600,4020.0,1.12,-0.9,-0.0,0.8
2026-01-23,126600,4020.0,1.09,-0.6,-0.0,0.7
2026-01-26,126600,4085.0,1.06,0.5,,-0.5
2026-01-27,126600,4055.0,1.08,-0.3,-0.0,0.1
2026-01-28,126600,4000.0,1.07,-0.1,-0.0,0.1
2026-01-29,126600,4040.0,1.07,0.8,-0.0,-0.7
2026-01-30,126600,4220.0,1.1,2.4,-0.0,-2.5
2026-02-02,126600,3965.0,1.19,-2.1,,2.4
2026-02-03,126600,4065.0,1.11,0.0,,-0.0
2026-02-04,126600,4185.0,1.11,2.9,-0.0,-2.4
2026-02-05,126600,4025.0,1.24,-1.0,-0.0,1.0
2026-02-06,126600,3965.0,1.2,-0.8,,0.8
2026-02-09,126600,4000.0,1.17,1.6,-0.0,-1.6
2026-02-10,126600,4115.0,1.23,2.4,0.0,-2.3
2026-02-11,126600,4000.0,1.33,-1.7,0.0,1.5
2026-02-12,126600,3925.0,1.26,-1.0,-0.0,1.1
2026-02-13,126600,3855.0,1.22,-0.8,,0.8
2026-02-19,126600,3850.0,1.19,0.1,-0.0,-0.1
2026-02-20,126600,3855.0,1.19,0.1,-0.0,-0.1
2026-02-23,126600,3895.0,1.19,0.5,-0.0,-0.5
2026-02-24,126600,3950.0,1.21,1.0,-0.0,-1.0
2026-02-25,126600,3970.0,1.25,0.1,0.0,-0.1
2026-02-26,126600,3860.0,1.25,-0.9,-0.0,0.9
2026-02-27,126600,4005.0,1.2,0.4,-0.0,-0.5
2026-03-03,126600,3850.0,1.07,-0.1,0.2,-0.0
2026-03-04,126600,3375.0,1.07,1.8,0.0,-1.8
2026-03-05,126600,3700.0,1.15,1.6,,-1.6
2026-03-06,126600,3690.0,1.22,-0.2,-0.0,0.2
2026-03-09,126600,3510.0,1.21,1.1,-0.0,-1.1
2026-03-10,126600,3665.0,1.26,0.6,,-0.7
2026-03-11,126600,3600.0,1.3,-0.6,,0.6
2026-03-12,126600,3590.0,1.28,0.7,0.0,-0.7
2026-03-13,126600,3655.0,1.31,2.0,-1.8,-0.2
2026-03-16,126600,3610.0,1.4,-0.9,-0.0,0.9
2026-03-17,126600,3625.0,1.36,0.3,-0.0,-0.2
2026-03-18,126600,3570.0,1.37,-0.9,-0.0,0.9
2026-03-19,126600,3470.0,1.33,-0.3,0.0,0.2
2026-03-20,126600,3590.0,1.32,1.2,,-1.2
2026-03-23,126600,3535.0,1.38,-0.1,0.0,0.2
2026-03-24,126600,3580.0,1.37,0.6,0.0,-0.6
2026-03-25,126600,3680.0,1.4,0.7,,-0.7
2026-03-26,126600,3580.0,1.43,0.0,0.0,-0.0
2026-03-27,126600,3865.0,1.43,3.5,-0.0,-3.4
2026-03-30,126600,5020.0,1.56,-17.7,-0.2,17.9
2026-03-31,126600,4700.0,0.96,0.5,-3.5,2.6
2026-04-01,126600,4790.0,1.0,21.6,0.0,-21.7
2026-04-02,126600,4345.0,1.88,-17.8,0.3,17.1
2026-04-03,126600,4410.0,1.39,7.2,-0.1,-6.8
2026-04-06,126600,4175.0,1.67,-19.6,-0.2,19.5
2026-04-07,126600,4005.0,0.98,5.7,0.0,-5.6
2026-04-08,126600,4160.0,1.23,7.2,0.0,-7.3
2026-04-09,126600,4010.0,1.51,-1.1,0.0,1.2
2026-04-10,126600,4130.0,1.56,1.5,0.6,-2.2
2026-04-13,126600,4200.0,1.62,-2.8,0.0,2.5
2026-04-14,126600,4370.0,1.52,0.2,0.0,-0.5
2026-04-15,126600,4330.0,1.52,-0.3,-0.4,0.6
2026-04-16,126600,4335.0,1.52,1.1,0.0,-1.3
2026-04-17,126600,4285.0,1.56,0.9,,-0.8
2026-04-20,126600,4185.0,1.59,0.6,0.0,-0.6
2026-04-21,126600,4080.0,1.61,0.6,0.0,-0.6
2026-04-22,126600,4080.0,1.61,-0.4,0.2,0.3
2026-04-23,126600,4280.0,1.59,-4.6,-0.1,4.1
2026-04-24,126600,4325.0,1.47,-5.6,-0.1,5.9
2026-04-27,126600,4185.0,1.26,-2.4,-0.1,2.5
2026-04-28,126600,4240.0,1.17,1.2,0.0,-0.9
2026-04-29,126600,4215.0,1.22,0.8,-0.1,-0.7
2026-04-30,126600,4210.0,1.25,-0.9,-0.1,1.0
2026-05-04,126600,4250.0,1.21,-6.1,-0.1,6.6
2026-05-06,126600,4195.0,0.99,-3.7,-0.1,3.8
2026-05-07,126600,4100.0,0.85,-0.7,-0.1,0.8
2026-05-08,126600,4010.0,0.82,0.2,0.0,-0.2
2026-05-11,126600,3900.0,0.83,1.3,-0.3,-1.0
2026-05-12,126600,3810.0,0.88,1.7,0.3,-2.0
2026-05-13,126600,3715.0,0.95,-1.0,-0.2,1.3
2026-05-14,126600,3880.0,0.92,-6.1,-0.8,6.8
2026-05-15,126600,4035.0,0.71,-2.2,-0.2,2.7
2026-05-18,126600,3865.0,0.65,-2.6,-0.3,2.9
2026-05-19,126600,3630.0,0.55,1.7,-0.2,-1.5
2026-05-20,126600,3525.0,0.62,1.0,-0.1,-0.9
2026-05-21,126600,3675.0,0.67,1.3,-0.0,-1.3
2026-05-22,126600,3740.0,0.72,-0.5,-1.1,1.6
2026-05-26,126600,3770.0,0.7,-0.2,0.0,0.1
2026-05-27,126600,3645.0,0.69,-1.4,0.0,2.3
2026-05-28,126600,3580.0,0.63,0.8,-0.5,-0.4
2026-05-29,126600,3490.0,0.7,-0.7,-0.0,0.7
2026-06-01,126600,3355.0,0.67,1.7,-0.0,-1.7
2026-06-02,126600,3285.0,0.77,2.7,-0.0,-2.6
2026-06-04,126600,3285.0,0.88,-1.1,-0.0,1.1
2026-06-05,126600,3135.0,0.84,0.8,-0.0,-0.8
2026-06-08,126600,2910.0,0.81,0.4,0.0,-0.4
2026-06-09,126600,3030.0,0.83,1.5,0.0,-0.7
2026-06-10,126600,3065.0,0.91,-0.8,-0.0,0.7
2026-06-11,126600,3040.0,0.87,-0.0,0.0,0.1
2026-06-12,126600,3175.0,0.87,-0.8,-0.0,0.7
2026-06-15,126600,3170.0,0.83,-0.3,-0.0,0.3
2026-06-16,126600,3245.0,0.82,-0.8,-0.0,0.8
2026-06-17,126600,3340.0,0.78,-0.3,0.0,0.1
2026-06-18,126600,3205.0,0.77,0.2,-0.0,-0.2
2026-06-19,126600,3115.0,0.78,0.6,-0.0,-0.5
2026-06-22,126600,3025.0,0.81,0.5,-0.0,-0.6
2026-06-23,126600,2840.0,0.84,0.5,0.0,-0.5
2026-06-24,126600,2955.0,0.87,0.1,0.0,-0.1
2026-06-25,126600,2895.0,0.87,-1.4,-0.0,1.4
2026-06-26,126600,2805.0,0.8,-0.1,0.0,0.1
2026-06-29,126600,3035.0,0.8,1.4,-0.0,-1.4
2026-06-30,126600,2935.0,0.87,-0.7,0.0,0.8
2026-07-01,126600,3060.0,0.83,0.1,0.0,-0.1
2026-07-02,126600,2995.0,0.83,-0.2,0.0,0.1
2026-07-03,126600,3055.0,0.81,0.1,-0.0,-0.1
2026-07-06,126600,3055.0,0.83,0.0,0.0,-0.0
2026-07-07,126600,2990.0,0.84,0.1,0.0,-0.1
2026-07-08,126600,2925.0,0.84,0.6,0.0,-0.7
2026-07-09,126600,2860.0,0.87,-0.3,-0.0,0.3
2026-07-10,126600,3055.0,0.86,0.8,-0.0,-0.8
2026-07-13,126600,2990.0,0.9,-0.7,0.0,0.7
2026-07-14,126600,2875.0,0.87,0.7,0.0,-0.7
2026-07-15,126600,2930.0,0.9,0.1,0.0,-0.1
2026-07-16,126600,2870.0,0.91,0.1,-0.0,-0.1
2025-07-14,126640,1320.0,3.82,0.4,,-0.4
2025-07-15,126640,1320.0,3.91,-0.4,,0.4
2025-07-16,126640,1307.0,3.81,-0.2,,0.2
2025-07-17,126640,1313.0,3.78,0.0,,-0.0
2025-07-18,126640,1310.0,3.78,-0.1,,0.1
2025-07-21,126640,1309.0,3.75,-0.0,,0.0
2025-07-22,126640,1309.0,3.75,-0.3,,0.3
2025-07-23,126640,1319.0,3.69,0.3,,-0.3
2025-07-24,126640,1303.0,3.75,-0.6,,0.6
2025-07-25,126640,1300.0,3.63,-0.7,,0.7
2025-07-28,126640,1287.0,3.49,-0.3,,0.3
2025-07-29,126640,1289.0,3.43,-0.1,,0.1
2025-07-30,126640,1305.0,3.4,0.1,,-0.1
2025-07-31,126640,1291.0,3.42,-0.1,,0.1
2025-08-01,126640,1253.0,3.48,-0.3,,0.3
2025-08-04,126640,1250.0,3.42,0.2,,-0.2
2025-08-05,126640,1255.0,3.47,0.2,,-0.2
2025-08-06,126640,1265.0,3.52,0.2,,-0.2
2025-08-07,126640,1267.0,3.57,0.1,,-0.1
2025-08-08,126640,1273.0,3.62,-0.0,,0.0
2025-08-11,126640,1281.0,3.62,0.0,,-0.0
2025-08-12,126640,1280.0,3.61,-0.1,,0.1
2025-08-13,126640,1266.0,3.6,-0.3,,0.3
2025-08-14,126640,1279.0,3.54,0.1,,-0.1
2025-08-18,126640,1305.0,3.66,0.4,,-0.4
2025-08-19,126640,1311.0,3.75,0.1,,-0.1
2025-08-20,126640,1311.0,3.77,-0.3,,0.3
2025-08-21,126640,1322.0,3.7,0.7,,-0.7
2025-08-22,126640,1314.0,3.85,-0.1,,0.1
2025-08-25,126640,1313.0,3.84,0.1,,-0.1
2025-08-26,126640,1308.0,3.85,0.2,,-0.2
2025-08-27,126640,1310.0,3.9,-0.0,,0.0
2025-08-28,126640,1311.0,3.9,0.1,,-0.1
2025-08-29,126640,1310.0,3.93,-0.1,,0.1
2025-09-01,126640,1309.0,3.91,0.1,,-0.1
2025-09-02,126640,1311.0,3.92,0.2,,-0.2
2025-09-03,126640,1311.0,3.96,0.1,,-0.1
2025-09-04,126640,1312.0,3.98,0.1,,-0.1
2025-09-05,126640,1315.0,4.0,0.0,-0.0,-0.0
2025-09-08,126640,1309.0,4.0,0.0,,-0.0
2025-09-09,126640,1317.0,4.01,0.1,,-0.1
2025-09-10,126640,1327.0,4.03,0.6,,-0.6
2025-09-11,126640,1322.0,4.16,-0.0,,-0.1
2025-09-12,126640,1320.0,4.15,-0.1,,0.1
2025-09-15,126640,1305.0,4.13,-0.1,,0.0
2025-09-16,126640,1301.0,4.11,-0.0,,0.0
2025-09-17,126640,1304.0,4.1,-0.2,,0.2
2025-09-18,126640,1304.0,4.06,0.0,,-0.0
2025-09-19,126640,1295.0,3.91,-0.1,,0.1
2025-09-22,126640,1278.0,3.88,-0.2,,0.2
2025-09-23,126640,1283.0,3.84,-0.1,,0.1
2025-09-24,126640,1271.0,3.82,-0.2,,0.2
2025-09-25,126640,1266.0,3.78,-0.1,,0.1
2025-09-26,126640,1261.0,3.77,-0.1,,0.1
2025-09-29,126640,1269.0,3.74,0.1,,-0.1
2025-09-30,126640,1254.0,3.76,-0.1,,0.1
2025-10-01,126640,1260.0,3.74,-0.0,,0.0
2025-10-02,126640,1281.0,3.74,0.2,,-0.2
2025-10-10,126640,1252.0,3.78,-0.3,,0.3
2025-10-13,126640,1241.0,3.71,-0.2,,0.2
2025-10-14,126640,1237.0,3.66,-0.1,,0.1
2025-10-15,126640,1254.0,3.65,0.2,,-0.2
2025-10-16,126640,1319.0,3.69,-4.7,,4.7
2025-10-17,126640,1303.0,2.79,0.3,,-0.2
2025-10-20,126640,1293.0,2.85,-0.2,,0.1
2025-10-21,126640,1312.0,2.81,1.5,,-1.5
2025-10-22,126640,1319.0,3.13,0.5,,-0.5
2025-10-23,126640,1304.0,3.26,-0.2,,0.2
2025-10-24,126640,1311.0,3.22,-0.1,,0.1
2025-10-27,126640,1326.0,3.2,0.7,,-0.7
2025-10-28,126640,1326.0,3.35,-0.1,,0.1
2025-10-29,126640,1323.0,3.33,-0.3,,0.3
2025-10-30,126640,1320.0,3.27,-1.6,,1.7
2025-10-31,126640,1344.0,2.94,0.7,,-0.7
2025-11-03,126640,1323.0,3.09,-0.5,,0.5
2025-11-04,126640,1297.0,2.99,0.1,,-0.2
2025-11-05,126640,1310.0,3.02,-0.2,,0.2
2025-11-06,126640,1304.0,2.98,-0.2,,0.2
2025-11-07,126640,1291.0,2.94,0.6,,-0.6
2025-11-10,126640,1304.0,3.06,0.3,,-0.3
2025-11-11,126640,1300.0,3.12,-0.1,,0.1
2025-11-12,126640,1317.0,3.09,0.4,,-0.4
2025-11-13,126640,1317.0,3.17,0.2,,-0.3
2025-11-14,126640,1324.0,3.22,0.2,,-0.2
2025-11-17,126640,1330.0,3.27,-0.8,,0.7
2025-11-18,126640,1287.0,3.1,-0.3,,0.2
2025-11-19,126640,1306.0,3.05,-0.1,0.0,0.0
2025-11-20,126640,1309.0,3.04,0.5,,-0.4
2025-11-21,126640,1302.0,3.13,0.1,,0.1
2025-11-24,126640,1305.0,3.14,-0.0,,0.1
2025-11-25,126640,1302.0,3.13,0.1,,-0.1
2025-11-26,126640,1304.0,3.14,0.0,,-0.1
2025-11-27,126640,1280.0,3.15,-0.2,,0.3
2025-11-28,126640,1289.0,3.1,-0.2,,0.2
2025-12-01,126640,1289.0,3.05,0.1,,-0.0
2025-12-02,126640,1298.0,3.07,0.2,,-0.2
2025-12-03,126640,1304.0,3.11,0.2,,-0.2
2025-12-04,126640,1305.0,3.14,0.3,,-0.3
2025-12-05,126640,1330.0,3.2,0.3,,-0.3
2025-12-08,126640,1319.0,3.26,0.1,,-0.1
2025-12-09,126640,1317.0,3.29,0.0,,-0.0
2025-12-10,126640,1309.0,3.41,-0.1,,0.1
2025-12-11,126640,1310.0,3.4,-0.2,,0.2
2025-12-12,126640,1319.0,3.36,0.2,,-0.2
2025-12-15,126640,1320.0,3.4,0.1,,-0.1
2025-12-16,126640,1315.0,3.42,-0.4,,0.4
2025-12-17,126640,1324.0,3.33,0.0,,-0.0
2025-12-18,126640,1320.0,3.34,-0.1,,0.1
2025-12-19,126640,1324.0,3.32,0.2,,-0.2
2025-12-22,126640,1326.0,3.37,0.2,,-0.2
2025-12-23,126640,1317.0,3.42,-0.3,,0.3
2025-12-24,126640,1334.0,3.35,0.6,,-0.5
2025-12-26,126640,1335.0,3.48,-0.1,,0.2
2025-12-29,126640,1288.0,3.45,-0.8,,0.8
2025-12-30,126640,1288.0,3.28,-0.2,,0.4
2026-01-02,126640,1285.0,3.23,-0.3,,0.2
2026-01-05,126640,1281.0,3.16,-0.4,,0.4
2026-01-06,126640,1262.0,3.08,-0.8,,0.7
2026-01-07,126640,1258.0,2.9,-0.4,,0.5
2026-01-08,126640,1247.0,2.8,-0.2,,0.2
2026-01-09,126640,1289.0,2.75,0.4,,-0.4
2026-01-12,126640,1309.0,2.84,0.7,,-0.7
2026-01-13,126640,1384.0,2.99,4.2,,-4.1
2026-01-14,126640,1400.0,3.87,-0.1,,0.1
2026-01-15,126640,1372.0,3.85,-0.3,,0.3
2026-01-16,126640,1397.0,3.78,1.7,0.0,-1.7
2026-01-19,126640,1409.0,4.23,-0.9,,0.6
2026-01-20,126640,1400.0,4.04,1.2,,-1.2
2026-01-21,126640,1400.0,4.3,1.2,,-1.1
2026-01-22,126640,1388.0,4.54,0.3,,-0.3
2026-01-23,126640,1387.0,4.6,-0.1,,0.1
2026-01-26,126640,1387.0,4.58,0.3,,-0.3
2026-01-27,126640,1373.0,4.63,-0.8,,0.8
2026-01-28,126640,1374.0,4.48,-0.2,,0.2
2026-01-29,126640,1380.0,4.44,-0.4,,0.4
2026-01-30,126640,1346.0,4.35,-1.2,,1.2
2026-02-02,126640,1638.0,4.09,-11.5,,11.0
2026-02-03,126640,1548.0,2.11,3.7,0.1,-3.9
2026-02-04,126640,1518.0,2.99,0.4,0.3,-0.0
2026-02-05,126640,1495.0,3.1,-2.7,,2.6
2026-02-06,126640,1455.0,2.75,3.3,,-3.3
2026-02-09,126640,1455.0,3.4,-0.7,,0.7
2026-02-10,126640,1482.0,3.35,0.9,0.0,-0.9
2026-02-11,126640,1485.0,3.51,2.5,-0.0,-2.5
2026-02-12,126640,1511.0,4.0,0.3,,-0.4
2026-02-13,126640,1476.0,4.06,0.1,,-0.1
2026-02-19,126640,1502.0,4.06,0.6,,-0.6
2026-02-20,126640,1519.0,4.11,-0.6,,0.6
2026-02-23,126640,1522.0,4.0,1.6,,-1.6
2026-02-24,126640,1519.0,4.3,1.3,,-1.3
2026-02-25,126640,1561.0,4.54,-7.9,,7.8
2026-02-26,126640,1552.0,3.17,-1.0,,0.9
2026-02-27,126640,1521.0,2.98,-0.5,,0.4
2026-03-03,126640,1499.0,2.89,2.8,0.3,-3.0
2026-03-04,126640,1353.0,3.45,1.0,,-1.1
2026-03-05,126640,1480.0,3.67,3.4,,-3.4
2026-03-06,126640,1481.0,4.34,1.1,,-1.1
2026-03-09,126640,1420.0,4.56,0.4,-0.6,0.2
2026-03-10,126640,1452.0,4.46,-0.5,,0.5
2026-03-11,126640,1510.0,4.35,-0.1,,0.0
2026-03-12,126640,1538.0,4.36,1.5,,-1.4
2026-03-13,126640,1516.0,4.63,-0.9,,0.8
2026-03-16,126640,1550.0,4.47,0.7,,-0.7
2026-03-17,126640,1548.0,4.59,-2.5,,2.4
2026-03-18,126640,1524.0,4.14,0.2,,-0.2
2026-03-19,126640,1499.0,4.18,-0.1,,0.0
2026-03-20,126640,1535.0,4.17,1.1,,-1.1
2026-03-23,126640,1476.0,4.28,0.5,,-0.4
2026-03-24,126640,1506.0,4.39,1.2,,-1.2
2026-03-25,126640,1516.0,4.62,0.8,,-0.8
2026-03-26,126640,1506.0,4.76,0.1,,-0.2
2026-03-27,126640,1500.0,4.79,0.2,,-0.2
2026-03-30,126640,1503.0,4.82,-0.3,-0.0,0.3
2026-03-31,126640,1492.0,4.77,-0.2,,0.2
2026-04-01,126640,1516.0,4.71,0.7,0.6,-1.3
2026-04-02,126640,1471.0,4.84,-0.7,,0.7
2026-04-03,126640,1489.0,4.7,0.2,,-0.2
2026-04-06,126640,1485.0,4.74,0.1,-0.6,0.5
2026-04-07,126640,1494.0,4.75,0.4,,-0.4
2026-04-08,126640,1527.0,4.53,1.7,,-1.7
2026-04-09,126640,1504.0,4.86,-1.1,0.0,1.1
2026-04-10,126640,1528.0,4.65,1.0,,-1.1
2026-04-13,126640,1525.0,4.83,0.1,0.0,-0.1
2026-04-14,126640,1550.0,4.85,1.3,,-1.3
2026-04-15,126640,1571.0,5.0,1.5,,-1.5
2026-04-16,126640,1564.0,5.27,-0.4,,0.6
2026-04-17,126640,1577.0,5.2,1.8,,-1.8
2026-04-20,126640,1572.0,5.53,-1.1,,1.2
2026-04-21,126640,1567.0,5.32,-0.1,-0.0,0.2
2026-04-22,126640,1578.0,5.3,-0.2,,0.2
2026-04-23,126640,1560.0,5.26,-0.0,,0.0
2026-04-24,126640,1561.0,5.26,0.2,,-0.2
2026-04-27,126640,1571.0,5.3,0.6,,-0.7
2026-04-28,126640,1602.0,5.41,-0.1,,-0.2
2026-04-29,126640,1599.0,5.41,-0.7,-0.0,0.7
2026-04-30,126640,1604.0,5.28,0.5,0.0,-0.5
2026-05-04,126640,1568.0,5.37,-0.2,0.3,0.3
2026-05-06,126640,1609.0,5.33,-1.0,-0.0,0.9
2026-05-07,126640,1615.0,5.15,-0.3,-0.0,0.3
2026-05-08,126640,1642.0,5.09,0.9,-0.0,-0.9
2026-05-11,126640,1631.0,5.26,-1.5,0.0,1.7
2026-05-12,126640,1633.0,5.0,1.7,-0.0,-2.3
2026-05-13,126640,1713.0,5.3,0.8,-0.0,-1.3
2026-05-14,126640,1921.0,5.43,1.1,0.0,-1.6
2026-05-15,126640,1893.0,5.62,2.1,0.0,-1.7
2026-05-18,126640,1920.0,5.94,3.8,,-3.4
2026-05-19,126640,1868.0,6.51,-1.3,-0.0,2.1
2026-05-20,126640,1819.0,6.31,3.1,0.0,-3.0
2026-05-21,126640,1825.0,6.84,0.1,0.0,-0.0
2026-05-22,126640,1839.0,6.85,-0.0,-0.1,0.1
2026-05-26,126640,1839.0,6.85,2.1,-0.0,-2.1
2026-05-27,126640,1963.0,7.17,0.9,-0.0,-1.5
2026-05-28,126640,2140.0,7.31,0.7,-0.0,-2.1
2026-05-29,126640,2260.0,7.39,-0.3,-0.0,0.0
2026-06-01,126640,2045.0,7.36,-0.6,-0.3,1.6
2026-06-02,126640,1915.0,7.28,0.4,-0.0,-0.5
2026-06-04,126640,2000.0,7.33,-2.3,0.0,1.9
2026-06-05,126640,2020.0,7.0,-2.2,-0.0,2.2
2026-06-08,126640,2625.0,6.68,-0.2,0.1,0.2
2026-06-09,126640,3410.0,6.65,-2.5,5.8,-4.3
2026-06-10,126640,4430.0,6.44,-26.5,-6.2,-5.7
2026-06-11,126640,4610.0,4.52,-27.6,-0.0,79.2
2026-06-12,126640,4895.0,3.25,-9.1,0.0,9.6
2026-06-15,126640,5260.0,2.75,-4.9,0.0,-2.0
2026-06-16,126640,6830.0,2.38,-5.6,0.2,-26.8
2026-06-17,126640,7060.0,2.16,-6.0,-0.2,-24.3
2026-06-18,126640,5750.0,1.91,10.6,1.2,-13.5
2026-06-19,126640,5680.0,2.48,-12.0,-1.4,13.5
2026-06-22,126640,4735.0,1.94,9.0,0.3,-12.8
2026-06-23,126640,4400.0,2.45,22.7,0.6,-23.8
2026-06-24,126640,4685.0,3.96,-1.9,-0.0,1.7
2026-06-25,126640,4200.0,3.84,-4.7,-0.0,3.7
2026-06-26,126640,3515.0,3.64,11.4,0.0,-12.0
2026-06-29,126640,4565.0,4.68,39.0,-0.9,-37.4
2026-06-30,126640,4450.0,7.43,-43.2,0.4,43.3
2026-07-01,126640,4070.0,4.77,2.8,-0.4,-4.5
2026-07-02,126640,4070.0,4.91,-6.4,0.1,3.4
2026-07-03,126640,4025.0,4.62,3.9,-0.1,-3.6
2026-07-06,126640,3945.0,4.94,1.0,-0.0,-1.1
2026-07-07,126640,3665.0,5.01,6.6,0.1,-6.1
2026-07-08,126640,3600.0,5.53,-2.0,0.0,2.9
2026-07-09,126640,3670.0,5.39,2.5,-0.0,-2.2
2026-07-10,126640,4010.0,5.59,0.9,-0.0,-1.2
2026-07-13,126640,3820.0,5.68,3.1,-0.0,-2.6
2026-07-14,126640,3925.0,5.9,-1.0,0.0,0.9
2026-07-15,126640,4015.0,5.77,1.8,-0.0,-2.3
2026-07-16,126640,4300.0,5.9,-4.9,-0.0,4.4
2025-07-14,126700,15240.0,14.12,0.5,0.5,-1.0
2025-07-15,126700,15290.0,14.1,0.7,-0.4,-0.1
2025-07-16,126700,15240.0,14.26,1.1,1.5,-2.7
2025-07-17,126700,15200.0,14.32,-0.0,0.0,0.0
2025-07-18,126700,15100.0,14.31,-2.1,-0.1,2.2
2025-07-21,126700,15320.0,14.14,2.3,-0.0,-2.6
2025-07-22,126700,15090.0,14.28,-1.3,-1.6,2.9
2025-07-23,126700,15250.0,14.2,1.2,-2.4,1.2
2025-07-24,126700,15140.0,14.21,-1.8,-0.2,1.5
2025-07-25,126700,15150.0,14.08,-0.1,-0.2,-0.7
2025-07-28,126700,15140.0,14.06,-0.4,-0.0,-0.4
2025-07-29,126700,15150.0,14.05,-0.2,-0.0,-0.6
2025-07-30,126700,15320.0,14.04,5.0,0.1,-5.9
2025-07-31,126700,15280.0,14.32,0.2,-0.0,-1.1
2025-08-01,126700,14720.0,14.31,-6.5,-0.0,5.4
2025-08-04,126700,14970.0,13.94,1.5,-0.0,-2.0
2025-08-05,126700,15170.0,14.03,3.3,-0.0,-4.2
2025-08-06,126700,15320.0,14.24,3.4,0.0,-4.7
2025-08-07,126700,15400.0,14.39,3.0,-0.0,-3.9
2025-08-08,126700,15540.0,14.52,3.4,-0.0,-4.2
2025-08-11,126700,15640.0,14.68,1.2,0.0,-2.0
2025-08-12,126700,15550.0,14.74,1.1,-0.0,-1.8
2025-08-13,126700,15790.0,14.79,2.2,-0.0,-2.9
2025-08-14,126700,15540.0,14.88,-1.7,0.0,1.2
2025-08-18,126700,14870.0,14.78,-1.3,0.1,-0.1
2025-08-19,126700,14710.0,14.68,-2.5,-0.3,2.5
2025-08-20,126700,14460.0,14.56,-3.0,0.0,1.9
2025-08-21,126700,14650.0,14.41,-2.1,0.0,1.9
2025-08-22,126700,14550.0,14.31,-3.1,-0.0,1.7
2025-08-25,126700,14800.0,14.16,2.0,0.1,-2.4
2025-08-26,126700,14890.0,14.28,1.1,0.0,-1.3
2025-08-27,126700,15100.0,14.33,1.6,0.0,-2.6
2025-08-28,126700,15100.0,14.4,0.6,-0.2,-0.7
2025-08-29,126700,15310.0,14.42,0.7,-0.1,-1.0
2025-09-01,126700,15100.0,14.45,-2.0,-0.1,1.2
2025-09-02,126700,15040.0,14.34,-0.9,0.0,0.5
2025-09-03,126700,15190.0,14.29,2.0,0.0,-2.5
2025-09-04,126700,15240.0,14.39,1.7,0.0,-1.7
2025-09-05,126700,15200.0,14.48,-0.0,0.0,-0.2
2025-09-08,126700,15260.0,14.46,0.1,0.0,-0.5
2025-09-09,126700,15380.0,14.47,0.6,0.0,-0.6
2025-09-10,126700,15570.0,14.5,1.5,0.0,-1.8
2025-09-11,126700,15610.0,14.56,1.0,0.0,-1.6
2025-09-12,126700,15660.0,14.62,0.4,0.0,-0.6
2025-09-15,126700,15480.0,14.64,2.0,-0.0,-2.0
2025-09-16,126700,15540.0,14.74,2.0,0.0,-2.0
2025-09-17,126700,15300.0,14.83,-1.0,0.0,1.0
2025-09-18,126700,15620.0,14.77,1.3,-0.0,-2.7
2025-09-19,126700,15800.0,14.81,0.7,-0.1,-0.6
2025-09-22,126700,16980.0,14.86,17.2,0.0,-16.2
2025-09-23,126700,16800.0,15.75,-4.0,-2.5,6.5
2025-09-24,126700,16690.0,15.51,-1.9,0.0,1.0
2025-09-25,126700,16450.0,15.44,-6.1,0.0,4.7
2025-09-26,126700,15850.0,15.16,-1.6,0.0,2.1
2025-09-29,126700,15930.0,15.01,-1.7,0.0,1.1
2025-09-30,126700,15830.0,14.93,-2.0,0.0,1.5
2025-10-01,126700,16310.0,14.84,3.0,-1.6,-1.8
2025-10-02,126700,16250.0,15.02,-0.8,0.0,0.1
2025-10-10,126700,15990.0,14.98,-1.7,0.0,2.0
2025-10-13,126700,15510.0,14.91,-0.8,0.0,1.4
2025-10-14,126700,15500.0,14.85,-2.8,0.1,1.9
2025-10-15,126700,15920.0,14.64,1.6,0.0,-1.9
2025-10-16,126700,16180.0,14.74,-0.1,0.0,-0.2
2025-10-17,126700,15780.0,14.73,1.2,0.0,-1.1
2025-10-20,126700,15730.0,14.79,0.3,0.0,-0.3
2025-10-21,126700,15970.0,14.79,2.7,0.0,-2.4
2025-10-22,126700,15990.0,14.93,-1.8,0.6,1.3
2025-10-23,126700,16040.0,14.86,0.7,0.0,-0.7
2025-10-24,126700,15820.0,14.89,1.6,0.0,-1.6
2025-10-27,126700,15830.0,14.92,-0.0,-0.1,0.1
2025-10-28,126700,16070.0,14.93,3.2,0.2,-3.4
2025-10-29,126700,16210.0,15.12,3.9,-1.4,-2.3
2025-10-30,126700,16100.0,15.29,-0.1,0.0,0.3
2025-10-31,126700,16190.0,15.27,2.2,0.0,-1.8
2025-11-03,126700,16010.0,15.36,1.4,-2.4,1.1
2025-11-04,126700,15930.0,15.42,2.4,0.0,-1.8
2025-11-05,126700,15580.0,15.51,-2.8,0.0,2.0
2025-11-06,126700,15800.0,15.31,1.3,-0.3,-1.1
2025-11-07,126700,14970.0,15.36,-8.1,0.0,7.7
2025-11-10,126700,15120.0,14.98,1.6,0.0,-1.6
2025-11-11,126700,15050.0,14.96,0.3,0.0,-0.3
2025-11-12,126700,15720.0,15.0,3.3,0.0,-3.7
2025-11-13,126700,15490.0,15.18,-0.9,0.0,0.9
2025-11-14,126700,15400.0,15.13,-0.5,0.0,0.3
2025-11-17,126700,15370.0,15.11,1.5,0.0,-1.6
2025-11-18,126700,15000.0,15.12,-0.6,-0.7,1.3
2025-11-19,126700,15130.0,15.18,3.2,0.0,-3.1
2025-11-20,126700,15130.0,15.39,-0.5,0.0,0.4
2025-11-21,126700,14580.0,15.36,-4.5,0.0,4.4
2025-11-24,126700,14930.0,15.13,3.4,0.9,-4.4
2025-11-25,126700,14690.0,15.29,-5.9,0.5,5.3
2025-11-26,126700,14640.0,15.01,-3.7,0.0,3.6
2025-11-27,126700,14630.0,14.85,0.3,-0.3,-0.0
2025-11-28,126700,15010.0,14.86,5.3,-0.3,-5.0
2025-12-01,126700,15490.0,15.2,4.3,0.0,-4.4
2025-12-02,126700,15710.0,15.31,1.7,0.0,-1.5
2025-12-03,126700,16120.0,15.39,5.1,0.0,-5.0
2025-12-04,126700,15790.0,15.72,0.1,0.0,-0.3
2025-12-05,126700,15860.0,15.71,1.3,0.0,-1.4
2025-12-08,126700,16100.0,15.72,3.3,0.0,-3.4
2025-12-09,126700,15900.0,15.87,-1.8,0.0,1.8
2025-12-10,126700,15760.0,15.77,0.9,-0.3,-0.7
2025-12-11,126700,15800.0,15.77,3.3,0.0,-3.4
2025-12-12,126700,15800.0,15.84,2.5,0.0,-2.6
2025-12-15,126700,15670.0,15.93,2.2,-1.6,-0.6
2025-12-16,126700,15710.0,16.03,0.6,1.0,-1.6
2025-12-17,126700,15960.0,16.36,-0.9,0.0,0.9
2025-12-18,126700,15920.0,16.3,-0.3,1.0,-0.8
2025-12-19,126700,15820.0,16.3,1.7,-0.1,-1.9
2025-12-22,126700,15900.0,16.34,2.8,-0.2,-2.7
2025-12-23,126700,15740.0,16.52,-1.2,0.0,0.9
2025-12-24,126700,15830.0,16.62,2.0,-1.3,-0.8
2025-12-26,126700,16200.0,16.59,5.7,0.9,-6.2
2025-12-29,126700,16040.0,16.95,0.3,1.5,-1.9
2025-12-30,126700,15930.0,16.98,1.6,-1.4,-0.4
2026-01-02,126700,16140.0,17.05,3.4,0.1,-2.9
2026-01-05,126700,16250.0,17.19,2.3,-0.2,-3.9
2026-01-06,126700,16640.0,17.28,5.4,0.2,-6.2
2026-01-07,126700,16350.0,17.52,-2.7,0.3,2.3
2026-01-08,126700,15630.0,17.41,-8.6,-0.0,8.2
2026-01-09,126700,15450.0,17.05,-2.2,0.0,1.8
2026-01-12,126700,15410.0,16.95,4.6,0.0,-4.5
2026-01-13,126700,15400.0,17.27,-0.9,0.0,1.0
2026-01-14,126700,15600.0,17.28,1.8,1.7,-3.5
2026-01-15,126700,16100.0,17.31,4.5,0.2,-4.9
2026-01-16,126700,15880.0,17.52,1.5,-0.1,-0.1
2026-01-19,126700,16340.0,17.56,7.8,0.0,-8.0
2026-01-20,126700,16380.0,17.89,4.5,-0.4,-4.7
2026-01-21,126700,16230.0,18.08,3.8,0.2,-4.0
2026-01-22,126700,16310.0,18.23,6.3,0.9,-7.3
2026-01-23,126700,16280.0,18.48,-2.7,-0.1,2.8
2026-01-26,126700,16480.0,18.38,3.6,-0.6,-3.2
2026-01-27,126700,17030.0,18.53,-5.8,3.1,2.4
2026-01-28,126700,17010.0,18.23,-4.9,2.2,2.6
2026-01-29,126700,18000.0,18.05,5.1,7.8,-13.2
2026-01-30,126700,17500.0,18.23,-10.9,2.8,8.0
2026-02-02,126700,16300.0,17.81,-4.1,0.0,3.7
2026-02-03,126700,18000.0,17.66,19.8,5.5,-27.2
2026-02-04,126700,18290.0,18.41,1.8,-11.1,9.1
2026-02-05,126700,17610.0,18.48,-8.2,1.2,7.4
2026-02-06,126700,16870.0,18.17,-4.9,-0.0,4.9
2026-02-09,126700,19200.0,17.98,21.2,15.9,-35.5
2026-02-10,126700,21100.0,18.75,-4.3,72.3,-59.3
2026-02-11,126700,20450.0,18.33,-29.8,27.8,2.0
2026-02-12,126700,19420.0,17.34,-3.3,-7.9,9.6
2026-02-13,126700,18250.0,17.25,-10.9,-3.3,12.7
2026-02-19,126700,18290.0,16.84,0.2,-12.7,11.1
2026-02-20,126700,18360.0,16.86,3.0,-12.3,8.9
2026-02-23,126700,18300.0,16.97,4.3,-12.1,6.7
2026-02-24,126700,19090.0,17.06,12.4,-9.9,-2.6
2026-02-25,126700,18860.0,17.52,-6.1,-1.9,12.2
2026-02-26,126700,18870.0,17.23,-6.5,-0.1,6.5
2026-02-27,126700,18850.0,17.02,-3.1,1.4,1.4
2026-03-03,126700,17980.0,16.91,7.6,4.0,-10.3
2026-03-04,126700,15630.0,17.19,4.2,-14.8,9.2
2026-03-05,126700,17090.0,17.34,8.1,-2.9,-5.1
2026-03-06,126700,17320.0,17.67,2.8,-4.8,1.8
2026-03-09,126700,16270.0,17.78,-3.8,0.4,2.7
2026-03-10,126700,16770.0,17.62,10.4,-0.3,-7.3
2026-03-11,126700,18010.0,18.05,3.4,2.8,-5.7
2026-03-12,126700,17690.0,18.17,-20.1,3.3,21.4
2026-03-13,126700,17800.0,17.42,1.8,5.5,-3.9
2026-03-16,126700,17600.0,17.48,-2.8,1.8,1.0
2026-03-17,126700,18190.0,17.38,4.5,0.3,-4.7
2026-03-18,126700,19020.0,17.55,1.0,6.9,-8.3
2026-03-19,126700,18400.0,17.56,-7.3,7.5,-2.8
2026-03-20,126700,18380.0,17.3,3.7,-0.9,-2.8
2026-03-23,126700,17600.0,17.44,-4.9,19.3,-14.5
2026-03-24,126700,18130.0,17.25,-6.6,3.0,3.5
2026-03-25,126700,18450.0,17.02,2.1,-1.3,-1.8
2026-03-26,126700,17370.0,17.08,-11.3,-2.1,13.3
2026-03-27,126700,17160.0,16.66,0.1,-4.0,3.8
2026-03-30,126700,16000.0,16.66,-6.8,-3.2,9.9
2026-03-31,126700,15470.0,16.38,-5.5,0.6,4.8
2026-04-01,126700,16800.0,16.14,2.8,0.0,-2.6
2026-04-02,126700,15800.0,16.25,-5.8,3.1,2.6
2026-04-03,126700,16350.0,16.02,-2.4,4.2,-1.7
2026-04-06,126700,15800.0,15.91,-2.1,0.7,1.3
2026-04-07,126700,15720.0,15.83,-3.7,0.0,4.0
2026-04-08,126700,16570.0,15.67,3.3,-0.6,0.3
2026-04-09,126700,15920.0,15.8,-4.7,0.2,4.6
2026-04-10,126700,16400.0,15.61,5.3,1.1,-6.4
2026-04-13,126700,16400.0,15.82,-1.8,0.1,1.7
2026-04-14,126700,17110.0,15.75,1.3,-0.0,-1.3
2026-04-15,126700,17110.0,15.81,-4.7,3.0,1.6
2026-04-16,126700,17570.0,15.62,5.0,-1.8,-3.2
2026-04-17,126700,18020.0,15.81,3.8,0.2,-3.7
2026-04-20,126700,17890.0,15.96,1.4,-0.8,-0.5
2026-04-21,126700,18360.0,16.02,3.4,-0.2,-3.2
2026-04-22,126700,19310.0,15.94,9.1,4.3,-13.0
2026-04-23,126700,19130.0,16.27,-2.0,2.5,-0.3
2026-04-24,126700,19170.0,16.19,5.4,1.0,-6.0
2026-04-27,126700,19200.0,16.38,0.1,-0.3,1.9
2026-04-28,126700,18920.0,16.5,11.0,3.0,-14.2
2026-04-29,126700,19170.0,17.06,3.6,6.5,-10.2
2026-04-30,126700,18390.0,17.14,2.1,1.0,-3.0
2026-05-04,126700,18360.0,17.2,2.3,3.4,-5.6
2026-05-06,126700,18750.0,17.3,-6.0,-0.1,5.2
2026-05-07,126700,18150.0,16.98,-4.1,-5.6,9.3
2026-05-08,126700,18630.0,16.83,2.9,1.4,-3.6
2026-05-11,126700,18170.0,16.94,2.4,-2.3,-0.0
2026-05-12,126700,17070.0,17.03,4.3,-23.3,17.1
2026-05-13,126700,16890.0,17.2,3.5,-2.1,-1.5
2026-05-14,126700,17460.0,17.34,2.5,1.5,-3.3
2026-05-15,126700,16540.0,17.44,-4.4,-0.6,5.0
2026-05-18,126700,15920.0,17.2,-2.6,-0.6,3.1
2026-05-19,126700,15500.0,17.19,-1.7,-1.0,2.6
2026-05-20,126700,14720.0,17.12,-2.5,-2.8,5.3
2026-05-21,126700,15390.0,17.02,0.0,-0.4,0.4
2026-05-22,126700,16070.0,17.02,0.5,-0.1,-0.4
2026-05-26,126700,15600.0,16.91,-3.2,-0.5,3.7
2026-05-27,126700,14540.0,16.78,-12.0,-1.5,13.2
2026-05-28,126700,14050.0,16.23,-4.6,-0.0,4.4
2026-05-29,126700,13690.0,16.02,-1.0,0.2,0.8
2026-06-01,126700,13090.0,15.96,4.8,-2.2,-2.5
2026-06-02,126700,12800.0,16.2,-2.2,-1.3,3.8
2026-06-04,126700,12650.0,16.09,-2.4,-0.3,2.6
2026-06-05,126700,11910.0,15.97,-4.7,-0.8,5.8
2026-06-08,126700,10910.0,15.71,-0.8,-1.9,3.0
2026-06-09,126700,11280.0,15.66,4.7,-2.9,-1.9
2026-06-10,126700,11090.0,16.0,-0.3,-1.3,1.6
2026-06-11,126700,11530.0,15.95,-1.5,-1.6,2.5
2026-06-12,126700,11580.0,15.86,-0.1,-3.3,3.6
2026-06-15,126700,12310.0,15.86,-1.3,-1.7,3.5
2026-06-16,126700,12640.0,15.78,-4.7,0.5,4.2
2026-06-17,126700,13710.0,15.55,-4.1,4.5,-0.5
2026-06-18,126700,12200.0,15.35,-9.0,-0.0,9.2
2026-06-19,126700,11550.0,14.88,-1.6,-1.7,3.2
2026-06-22,126700,11410.0,14.79,-2.0,-0.3,2.3
2026-06-23,126700,10480.0,14.67,-1.6,-0.4,1.9
2026-06-24,126700,10580.0,14.57,-2.4,1.0,1.3
2026-06-25,126700,10150.0,14.47,-0.8,-1.2,0.9
2026-06-26,126700,9830.0,14.42,0.7,-0.0,-1.4
2026-06-29,126700,10600.0,14.43,-0.4,0.6,-0.1
2026-06-30,126700,10020.0,14.4,-1.4,0.5,0.7
2026-07-01,126700,9930.0,14.3,-1.7,-0.0,2.0
2026-07-02,126700,9680.0,14.19,-2.0,0.6,1.6
2026-07-03,126700,10160.0,14.09,1.6,-0.3,-1.3
2026-07-06,126700,10060.0,14.2,-2.9,2.1,0.6
2026-07-07,126700,9800.0,14.09,-3.1,2.2,0.9
2026-07-08,126700,9200.0,13.88,-3.9,-0.0,3.9
2026-07-09,126700,9080.0,13.6,0.0,-0.0,-0.0
2026-07-10,126700,9990.0,13.6,5.1,-0.6,-4.6
2026-07-13,126700,9880.0,13.94,-1.9,2.3,-0.3
2026-07-14,126700,9090.0,13.82,-5.1,-0.5,5.4
2026-07-15,126700,9450.0,13.39,-1.3,2.4,-1.1
2026-07-16,126700,9160.0,13.29,1.0,-0.1,-0.9
2025-07-14,126720,24150.0,2.29,0.9,0.1,-1.1
2025-07-15,126720,24650.0,2.33,-1.1,0.4,0.6
2025-07-16,126720,24250.0,2.33,-1.9,-0.0,1.9
2025-07-17,126720,24250.0,2.27,0.5,-0.7,0.4
2025-07-18,126720,24100.0,2.28,1.9,0.1,-1.7
2025-07-21,126720,24250.0,2.35,2.6,0.3,-2.9
2025-07-22,126720,23500.0,2.44,0.4,-5.2,4.8
2025-07-23,126720,23500.0,2.42,2.1,-0.7,-1.4
2025-07-24,126720,23500.0,2.49,-2.1,0.5,1.6
2025-07-25,126720,23350.0,2.41,0.1,0.1,-0.3
2025-07-28,126720,23000.0,2.41,0.9,-0.0,-1.0
2025-07-29,126720,23200.0,2.45,0.5,-0.0,-1.6
2025-07-30,126720,23400.0,2.46,-0.2,0.4,-0.1
2025-07-31,126720,23100.0,2.45,0.3,-1.2,0.8
2025-08-01,126720,22200.0,2.45,-0.0,-0.1,1.1
2025-08-04,126720,22600.0,2.45,1.2,-0.2,-1.1
2025-08-05,126720,22800.0,2.49,1.1,-0.5,-0.6
2025-08-06,126720,23400.0,2.54,-0.9,0.0,0.9
2025-08-07,126720,23150.0,2.52,0.4,-0.8,0.3
2025-08-08,126720,23900.0,2.54,-1.0,-0.0,0.6
2025-08-11,126720,24700.0,2.51,-5.1,0.8,4.2
2025-08-12,126720,23950.0,2.38,-1.4,-0.9,2.3
2025-08-13,126720,24100.0,2.32,-1.3,-0.1,1.5
2025-08-14,126720,24300.0,2.31,1.0,0.1,-1.0
2025-08-18,126720,23100.0,2.32,2.3,-3.5,-0.0
2025-08-19,126720,22150.0,2.43,2.1,-3.2,0.6
2025-08-20,126720,21050.0,2.49,0.4,-6.0,8.5
2025-08-21,126720,21850.0,2.5,-1.1,-0.8,2.9
2025-08-22,126720,22200.0,2.42,-1.2,-0.5,1.7
2025-08-25,126720,23000.0,2.42,-0.4,1.3,-0.8
2025-08-26,126720,22400.0,2.43,-0.3,1.3,-0.8
2025-08-27,126720,22300.0,2.43,-2.3,0.0,2.3
2025-08-28,126720,22450.0,2.34,-0.0,-0.5,0.7
2025-08-29,126720,22300.0,2.34,-0.8,0.2,0.7
2025-09-01,126720,22100.0,2.3,-1.0,-0.1,0.5
2025-09-02,126720,22150.0,2.27,0.0,0.1,-0.1
2025-09-03,126720,22400.0,2.28,-0.6,1.0,-0.4
2025-09-04,126720,22900.0,2.26,-0.4,-0.9,0.4
2025-09-05,126720,22750.0,2.25,-0.4,0.0,0.3
2025-09-08,126720,22850.0,2.23,2.2,1.2,-2.8
2025-09-09,126720,22800.0,2.32,1.9,-0.4,-1.5
2025-09-10,126720,23000.0,2.37,1.5,0.3,-1.9
2025-09-11,126720,23000.0,2.43,-0.4,0.3,0.0
2025-09-12,126720,22500.0,2.4,-0.6,2.9,-2.2
2025-09-15,126720,21750.0,2.37,-1.4,0.2,1.4
2025-09-16,126720,22000.0,2.32,0.1,0.6,-0.8
2025-09-17,126720,21600.0,2.33,0.8,-3.3,2.4
2025-09-18,126720,21550.0,2.34,2.0,-3.1,0.8
2025-09-19,126720,21250.0,2.4,-1.0,-0.4,1.4
2025-09-22,126720,21800.0,2.37,-0.9,0.9,0.0
2025-09-23,126720,21850.0,2.33,0.2,-1.1,0.8
2025-09-24,126720,21700.0,2.34,1.3,-5.7,4.4
2025-09-25,126720,21550.0,2.38,-1.2,-1.7,1.7
2025-09-26,126720,21100.0,2.33,-1.4,0.1,1.5
2025-09-29,126720,21200.0,2.28,0.3,-0.3,-0.1
2025-09-30,126720,21100.0,2.29,0.0,0.0,-0.0
2025-10-01,126720,21000.0,2.29,-0.1,-0.2,0.3
2025-10-02,126720,20850.0,2.29,2.6,-1.0,-1.7
2025-10-10,126720,21300.0,2.43,3.3,-2.8,-0.3
2025-10-13,126720,21450.0,2.56,-0.3,0.5,-0.2
2025-10-14,126720,21100.0,2.55,1.0,0.5,-1.6
2025-10-15,126720,22300.0,2.61,2.9,0.6,-3.5
2025-10-16,126720,21850.0,2.74,-1.9,-2.5,4.1
2025-10-17,126720,20950.0,2.62,-3.4,-1.0,4.4
2025-10-20,126720,21000.0,2.46,-1.3,-0.0,1.3
2025-10-21,126720,21400.0,2.41,1.3,0.5,-1.9
2025-10-22,126720,21400.0,2.45,-1.3,0.0,1.3
2025-10-23,126720,21250.0,2.41,0.1,0.6,-0.8
2025-10-24,126720,21800.0,2.42,-0.4,-0.5,0.9
2025-10-27,126720,22200.0,2.34,-1.3,0.0,1.3
2025-10-28,126720,21800.0,2.31,0.1,-0.1,-0.0
2025-10-29,126720,22550.0,2.3,0.0,0.7,-0.8
2025-10-30,126720,22100.0,2.32,-2.1,0.8,1.4
2025-10-31,126720,21800.0,2.34,-2.0,0.3,1.7
2025-11-03,126720,21600.0,2.28,1.6,0.3,-1.9
2025-11-04,126720,21300.0,2.34,0.1,-1.1,1.0
2025-11-05,126720,20700.0,2.31,-3.0,-0.3,3.3
2025-11-06,126720,20550.0,2.14,-1.1,-0.2,1.2
2025-11-07,126720,20400.0,2.09,0.2,0.1,-0.4
2025-11-10,126720,20500.0,2.11,2.7,-0.1,-2.5
2025-11-11,126720,20400.0,2.21,2.3,-1.0,-0.5
2025-11-12,126720,20650.0,2.29,0.7,-0.6,-0.1
2025-11-13,126720,20900.0,2.3,-0.5,0.1,0.4
2025-11-14,126720,20550.0,2.28,-1.0,-0.1,1.1
2025-11-17,126720,20700.0,2.25,-0.4,-0.1,0.5
2025-11-18,126720,20050.0,2.26,-1.3,0.1,1.0
2025-11-19,126720,20400.0,2.22,0.0,0.0,-0.0
2025-11-20,126720,21300.0,2.19,3.8,0.1,-3.9
2025-11-21,126720,20600.0,2.39,-0.7,0.1,0.5
2025-11-24,126720,20600.0,2.36,-1.1,0.1,1.0
2025-11-25,126720,20500.0,2.32,-0.7,-0.3,1.0
2025-11-26,126720,20800.0,2.29,3.5,-0.1,-1.3
2025-11-27,126720,20750.0,2.42,-0.1,-0.0,0.1
2025-11-28,126720,21000.0,2.42,2.9,0.1,-3.0
2025-12-01,126720,20800.0,2.53,-0.3,0.1,0.2
2025-12-02,126720,21000.0,2.52,0.6,0.2,-0.8
2025-12-03,126720,21550.0,2.53,4.1,0.0,-4.3
2025-12-04,126720,21650.0,2.72,-0.1,0.0,0.2
2025-12-05,126720,22250.0,2.68,1.9,0.0,-2.2
2025-12-08,126720,22400.0,2.76,-2.1,1.3,1.0
2025-12-09,126720,22000.0,2.65,-0.6,0.0,-0.2
2025-12-10,126720,21900.0,2.63,-0.4,-0.0,0.4
2025-12-11,126720,22000.0,2.62,3.3,0.2,-3.5
2025-12-12,126720,22250.0,2.87,13.9,-18.2,4.0
2025-12-15,126720,21900.0,3.31,-1.0,-0.1,1.2
2025-12-16,126720,21600.0,3.22,-2.1,0.0,2.1
2025-12-17,126720,21800.0,3.09,-0.7,0.1,0.9
2025-12-18,126720,21450.0,3.06,-1.3,0.4,0.8
2025-12-19,126720,21800.0,3.01,2.1,0.0,-2.0
2025-12-22,126720,22000.0,3.09,0.5,-0.0,-0.5
2025-12-23,126720,21700.0,3.12,-1.3,-0.0,1.4
2025-12-24,126720,21450.0,3.06,-0.9,0.0,0.9
2025-12-26,126720,21050.0,3.03,0.3,0.0,-0.2
2025-12-29,126720,20850.0,3.03,2.0,-0.2,-1.9
2025-12-30,126720,21150.0,3.1,-0.0,-0.1,0.1
2026-01-02,126720,20850.0,3.1,0.5,0.1,-0.6
2026-01-05,126720,21500.0,3.12,1.4,-0.1,-1.3
2026-01-06,126720,21600.0,3.19,0.1,0.1,-0.2
2026-01-07,126720,21100.0,3.24,-2.3,0.1,2.2
2026-01-08,126720,20900.0,3.16,-1.6,1.1,0.5
2026-01-09,126720,21400.0,3.1,0.3,1.6,-1.7
2026-01-12,126720,22200.0,3.15,6.2,-0.3,-7.6
2026-01-13,126720,22500.0,3.4,2.1,0.6,-3.5
2026-01-14,126720,23150.0,3.45,-4.2,5.5,-2.0
2026-01-15,126720,23300.0,3.29,-1.7,2.6,-1.2
2026-01-16,126720,24450.0,3.23,10.7,6.1,-16.4
2026-01-19,126720,26350.0,3.59,-1.1,4.6,-3.9
2026-01-20,126720,27100.0,3.57,-5.6,8.7,-3.3
2026-01-21,126720,26900.0,3.33,5.5,9.2,-14.7
2026-01-22,126720,26150.0,3.54,8.4,2.6,-10.3
2026-01-23,126720,26050.0,3.77,4.1,2.3,-6.1
2026-01-26,126720,25700.0,3.85,0.8,-0.8,-0.1
2026-01-27,126720,26050.0,3.78,-12.1,2.4,9.7
2026-01-28,126720,25850.0,3.39,-1.1,-2.0,3.2
2026-01-29,126720,25800.0,3.2,2.7,5.2,-7.7
2026-01-30,126720,24850.0,3.29,4.0,-0.0,-0.6
2026-02-02,126720,23750.0,3.38,1.9,-0.6,0.4
2026-02-03,126720,24900.0,3.38,-2.2,0.1,1.9
2026-02-04,126720,25500.0,3.28,-0.3,0.6,-0.4
2026-02-05,126720,25750.0,3.23,-1.2,6.7,-5.4
2026-02-06,126720,25900.0,3.18,-1.7,3.7,-1.5
2026-02-09,126720,26650.0,3.15,-3.8,7.5,-3.7
2026-02-10,126720,26050.0,3.04,3.5,1.4,-5.0
2026-02-11,126720,26750.0,3.15,2.6,5.8,-8.6
2026-02-12,126720,26500.0,3.23,1.7,2.5,-4.3
2026-02-13,126720,26400.0,3.31,3.7,0.5,-4.2
2026-02-19,126720,27300.0,3.4,2.7,3.1,-6.2
2026-02-20,126720,29200.0,3.41,5.8,4.5,-8.9
2026-02-23,126720,29050.0,3.68,-9.7,1.5,8.2
2026-02-24,126720,29400.0,3.29,-5.6,0.2,5.6
2026-02-25,126720,29350.0,3.1,-4.0,1.6,2.6
2026-02-26,126720,28450.0,3.0,-2.7,0.0,2.7
2026-02-27,126720,27950.0,2.95,1.0,0.6,-1.1
2026-03-03,126720,26250.0,2.89,3.1,0.4,-3.9
2026-03-04,126720,23300.0,3.0,-0.0,-0.1,0.1
2026-03-05,126720,25150.0,2.91,6.5,-0.1,-4.6
2026-03-06,126720,25200.0,3.1,-2.6,-0.9,3.6
2026-03-09,126720,23900.0,3.1,5.2,-2.0,-3.2
2026-03-10,126720,25900.0,3.19,-4.0,0.3,3.7
2026-03-11,126720,26250.0,3.09,-2.8,0.2,2.5
2026-03-12,126720,28850.0,2.98,0.3,0.1,-0.5
2026-03-13,126720,29300.0,2.99,-5.3,-3.5,8.7
2026-03-16,126720,27400.0,2.88,-3.3,1.0,2.2
2026-03-17,126720,27150.0,2.84,1.0,0.5,1.3
2026-03-18,126720,28600.0,2.83,-2.0,-1.3,3.4
2026-03-19,126720,28000.0,2.8,0.2,1.0,-1.0
2026-03-20,126720,30700.0,2.92,0.7,5.0,-5.4
2026-03-23,126720,30000.0,2.9,-19.5,1.4,18.1
2026-03-24,126720,29150.0,2.16,7.0,3.0,-10.1
2026-03-25,126720,28900.0,2.25,-5.0,-1.6,6.4
2026-03-26,126720,27550.0,2.15,1.3,-2.2,1.3
2026-03-27,126720,26850.0,2.21,0.7,-1.9,1.2
2026-03-30,126720,26500.0,2.29,6.1,-2.1,-4.0
2026-03-31,126720,25900.0,2.47,-0.1,-2.0,2.0
2026-04-01,126720,27500.0,2.53,0.5,-2.0,1.6
2026-04-02,126720,25850.0,2.55,2.5,0.4,-2.9
2026-04-03,126720,27950.0,2.65,3.6,0.5,-5.0
2026-04-06,126720,27400.0,2.79,-4.4,0.1,4.2
2026-04-07,126720,27450.0,2.62,0.6,0.5,-1.2
2026-04-08,126720,28700.0,2.65,2.1,-1.1,-1.0
2026-04-09,126720,28450.0,2.81,0.5,1.4,-1.5
2026-04-10,126720,28750.0,2.78,-0.7,-3.6,4.2
2026-04-13,126720,28300.0,2.73,6.5,-0.6,-5.8
2026-04-14,126720,28900.0,2.9,4.6,-0.1,-4.5
2026-04-15,126720,29200.0,3.0,4.4,-1.4,-3.0
2026-04-16,126720,29700.0,3.06,1.4,0.1,-1.4
2026-04-17,126720,29650.0,3.05,1.8,3.8,-5.6
2026-04-20,126720,28950.0,3.09,-3.0,0.6,2.5
2026-04-21,126720,29050.0,2.99,2.5,-1.0,-1.8
2026-04-22,126720,28600.0,3.02,2.7,-0.4,-2.7
2026-04-23,126720,30650.0,3.1,11.9,0.4,-12.3
2026-04-24,126720,33800.0,3.42,4.2,5.8,-12.4
2026-04-27,126720,33900.0,3.56,-13.8,4.3,9.7
2026-04-28,126720,33750.0,3.2,-5.0,6.1,-0.8
2026-04-29,126720,34400.0,3.1,-4.0,2.3,1.9
2026-04-30,126720,34050.0,2.95,-1.5,3.8,-1.6
2026-05-04,126720,35700.0,2.94,-10.4,0.8,10.7
2026-05-06,126720,34100.0,2.62,-2.5,-4.1,5.6
2026-05-07,126720,34900.0,2.57,-0.9,1.7,-1.5
2026-05-08,126720,33500.0,2.53,-1.3,3.3,-1.8
2026-05-11,126720,32200.0,2.51,4.5,-2.4,-2.3
2026-05-12,126720,31050.0,2.54,9.4,-0.8,-7.1
2026-05-13,126720,29900.0,2.8,1.1,-4.4,3.1
2026-05-14,126720,30700.0,2.8,-0.5,-3.2,3.8
2026-05-15,126720,30200.0,2.76,0.3,1.4,-1.8
2026-05-18,126720,29500.0,2.76,1.0,1.5,-2.5
2026-05-19,126720,29050.0,2.83,2.9,-0.3,-2.6
2026-05-20,126720,27600.0,2.97,-0.9,2.3,-1.1
2026-05-21,126720,28900.0,3.01,1.9,-1.7,-0.4
2026-05-22,126720,29400.0,3.03,-3.8,0.2,3.7
2026-05-26,126720,28400.0,2.91,2.4,-0.8,-1.5
2026-05-27,126720,27700.0,2.94,-0.4,-2.6,2.8
2026-05-28,126720,27400.0,3.05,2.8,7.2,-9.9
2026-05-29,126720,26450.0,3.22,-1.4,0.0,1.5
2026-06-01,126720,25500.0,3.14,2.8,1.3,-4.1
2026-06-02,126720,24900.0,3.17,1.2,-0.5,-0.7
2026-06-04,126720,24300.0,3.22,-2.8,-0.2,2.9
2026-06-05,126720,23600.0,3.11,0.1,-0.0,0.1
2026-06-08,126720,22450.0,3.1,-0.3,2.2,-2.0
2026-06-09,126720,23450.0,3.11,0.1,-0.0,-0.1
2026-06-10,126720,23800.0,3.11,0.6,0.2,-0.8
2026-06-11,126720,23950.0,3.12,0.3,0.1,-0.4
2026-06-12,126720,23900.0,3.14,-1.3,-0.5,1.8
2026-06-15,126720,24750.0,3.06,0.7,0.3,-1.0
2026-06-16,126720,24800.0,3.07,-0.7,0.3,0.3
2026-06-17,126720,24700.0,3.05,0.5,0.4,-1.0
2026-06-18,126720,23750.0,3.06,-2.3,0.0,2.4
2026-06-19,126720,22900.0,2.93,3.3,-3.2,-0.3
2026-06-22,126720,22050.0,2.99,2.9,-2.9,0.0
2026-06-23,126720,20850.0,3.09,1.7,-2.4,0.7
2026-06-24,126720,21000.0,3.16,-0.3,-0.1,0.5
2026-06-25,126720,20500.0,3.16,-2.7,-0.2,2.9
2026-06-26,126720,20250.0,3.07,-1.6,-0.3,2.0
2026-06-29,126720,21700.0,2.99,3.3,0.9,-4.1
2026-06-30,126720,21300.0,3.15,-1.8,0.2,1.5
2026-07-01,126720,22600.0,3.06,-0.7,0.7,-0.2
2026-07-02,126720,21900.0,3.08,-4.4,3.6,0.8
2026-07-03,126720,22250.0,2.93,1.0,-0.1,-0.9
2026-07-06,126720,22100.0,2.95,-1.1,0.0,1.0
2026-07-07,126720,21500.0,2.9,0.2,-0.9,0.7
2026-07-08,126720,20850.0,2.9,0.2,-1.4,1.2
2026-07-09,126720,20750.0,2.9,4.7,-2.3,-2.4
2026-07-10,126720,21800.0,3.07,3.5,-1.2,-2.3
2026-07-13,126720,20850.0,3.22,-1.3,-0.0,1.4
2026-07-14,126720,20700.0,3.13,0.2,-0.8,0.7
2026-07-15,126720,21150.0,3.16,0.4,-0.8,0.5
2026-07-16,126720,20850.0,3.18,0.6,-0.7,0.1
2025-07-14,126730,13320.0,0.55,4.4,-0.0,-4.8
2025-07-15,126730,13380.0,0.94,-1.7,0.0,1.3
2025-07-16,126730,12980.0,0.79,0.8,0.0,-0.9
2025-07-17,126730,12830.0,0.86,0.9,-0.0,-0.9
2025-07-18,126730,12860.0,0.95,-0.2,0.0,0.3
2025-07-21,126730,12450.0,0.95,0.1,0.0,-0.1
2025-07-22,126730,12210.0,0.96,0.5,-0.3,-0.3
2025-07-23,126730,12230.0,1.01,-1.0,,1.0
2025-07-24,126730,12150.0,0.91,-1.5,,1.5
2025-07-25,126730,12010.0,0.76,-0.3,,0.3
2025-07-28,126730,12060.0,0.74,0.2,,-0.2
2025-07-29,126730,11600.0,0.76,-0.2,-0.4,0.6
2025-07-30,126730,12100.0,0.74,-3.4,-0.1,3.6
2025-07-31,126730,11980.0,0.42,-0.4,-0.0,0.3
2025-08-01,126730,11350.0,0.39,-1.3,,1.3
2025-08-04,126730,11640.0,0.28,0.9,,-1.2
2025-08-05,126730,11870.0,0.4,0.3,,-0.1
2025-08-06,126730,11980.0,0.44,0.6,,-0.6
2025-08-07,126730,12000.0,0.5,0.1,,-0.1
2025-08-08,126730,11850.0,0.52,0.4,,-0.5
2025-08-11,126730,11840.0,0.55,-0.1,,0.1
2025-08-12,126730,11900.0,0.54,-0.1,0.0,0.1
2025-08-13,126730,12040.0,0.53,0.5,,-0.5
2025-08-14,126730,12120.0,0.58,0.2,,-0.2
2025-08-18,126730,11650.0,0.59,-0.3,0.0,0.2
2025-08-19,126730,11630.0,0.51,0.2,-0.1,0.2
2025-08-20,126730,11420.0,0.53,-0.0,-0.1,0.3
2025-08-21,126730,11340.0,0.53,0.0,-0.1,0.2
2025-08-22,126730,11390.0,0.53,-0.2,-0.2,0.4
2025-08-25,126730,11670.0,0.5,0.3,0.0,-0.3
2025-08-26,126730,11600.0,0.54,0.5,0.0,-0.5
2025-08-27,126730,11850.0,0.58,0.9,-0.2,-0.8
2025-08-28,126730,11730.0,0.68,0.1,0.0,-0.1
2025-08-29,126730,11680.0,0.68,0.2,0.3,-0.5
2025-09-01,126730,11920.0,0.7,1.1,0.0,-1.1
2025-09-02,126730,12100.0,0.81,0.3,-0.0,-0.3
2025-09-03,126730,12460.0,0.83,1.9,-0.0,-2.2
2025-09-04,126730,12560.0,1.01,1.5,-0.0,-1.5
2025-09-05,126730,12550.0,1.17,1.4,,-1.3
2025-09-08,126730,12410.0,1.31,0.1,,0.2
2025-09-09,126730,12290.0,1.32,1.3,0.4,-1.6
2025-09-10,126730,13770.0,1.44,17.8,0.4,-17.5
2025-09-11,126730,16920.0,2.99,-37.7,-0.7,44.7
2025-09-12,126730,16700.0,0.37,1.3,0.0,-1.3
2025-09-15,126730,17900.0,0.41,2.4,-0.7,0.7
2025-09-16,126730,17580.0,0.59,-0.2,-0.1,0.9
2025-09-17,126730,17000.0,0.57,0.7,-0.2,-0.8
2025-09-18,126730,17360.0,0.63,-2.4,-0.1,2.6
2025-09-19,126730,16550.0,0.46,-0.3,0.0,0.5
2025-09-22,126730,16670.0,0.45,1.2,,-1.1
2025-09-23,126730,16160.0,0.54,0.3,-0.3,-0.3
2025-09-24,126730,15890.0,0.57,8.2,0.0,-8.2
2025-09-25,126730,15450.0,1.18,-0.1,1.0,-0.8
2025-09-26,126730,14730.0,1.17,1.2,0.1,-1.3
2025-09-29,126730,14280.0,1.27,0.4,2.9,-3.3
2025-09-30,126730,14160.0,1.3,1.0,,-1.4
2025-10-01,126730,14300.0,1.38,-4.4,-0.0,4.4
2025-10-02,126730,16060.0,1.04,8.2,-0.0,-17.3
2025-10-10,126730,16100.0,1.67,-1.7,-0.0,0.5
2025-10-13,126730,15080.0,1.54,1.9,,8.3
2025-10-14,126730,14310.0,1.69,-1.3,0.0,1.2
2025-10-15,126730,14650.0,1.6,0.1,-0.0,-0.1
2025-10-16,126730,14740.0,1.6,-0.2,-0.0,0.1
2025-10-17,126730,14470.0,1.61,-2.9,0.0,3.1
2025-10-20,126730,14460.0,1.39,1.7,-0.0,-1.7
2025-10-21,126730,14340.0,1.52,0.2,0.0,-0.2
2025-10-22,126730,14370.0,1.54,0.3,0.0,-0.3
2025-10-23,126730,14350.0,1.56,-0.2,-0.1,0.3
2025-10-24,126730,14650.0,1.54,0.0,,-0.1
2025-10-27,126730,14770.0,1.57,-1.1,-0.3,1.1
2025-10-28,126730,14690.0,1.5,-0.5,0.0,0.5
2025-10-29,126730,14380.0,1.46,0.4,0.0,-0.3
2025-10-30,126730,13770.0,1.49,1.0,,-1.0
2025-10-31,126730,13870.0,1.57,0.1,-0.0,-0.0
2025-11-03,126730,14000.0,1.58,0.9,0.0,-0.9
2025-11-04,126730,14130.0,1.65,0.0,0.0,-0.0
2025-11-05,126730,13550.0,1.65,-0.5,,0.4
2025-11-06,126730,13190.0,1.61,1.0,,-1.0
2025-11-07,126730,12610.0,1.7,1.2,,-1.2
2025-11-10,126730,13020.0,1.8,0.6,-0.3,-0.5
2025-11-11,126730,12740.0,1.86,0.9,-0.0,-1.0
2025-11-12,126730,13040.0,1.95,0.3,,-0.3
2025-11-13,126730,12980.0,1.97,-0.1,,0.1
2025-11-14,126730,12390.0,1.96,-0.5,,0.4
2025-11-17,126730,12260.0,1.91,0.2,,-0.2
2025-11-18,126730,12160.0,1.93,-0.4,0.2,0.3
2025-11-19,126730,11980.0,1.89,0.7,1.2,-1.6
2025-11-20,126730,12410.0,1.97,0.5,0.0,-0.5
2025-11-21,126730,11820.0,2.01,-1.4,0.3,1.4
2025-11-24,126730,11870.0,1.87,-0.1,0.6,-0.7
2025-11-25,126730,12050.0,1.86,0.3,0.4,-0.9
2025-11-26,126730,12430.0,1.9,0.3,-0.0,-0.3
2025-11-27,126730,12330.0,1.94,-0.2,0.3,-0.2
2025-11-28,126730,12660.0,1.92,0.7,-0.0,-0.7
2025-12-01,126730,12670.0,1.98,-1.1,-0.0,1.0
2025-12-02,126730,14010.0,1.85,-0.4,-0.0,0.3
2025-12-03,126730,18210.0,1.81,-2.9,-0.2,-2.2
2025-12-04,126730,16470.0,1.59,-8.0,-0.0,13.3
2025-12-05,126730,16450.0,1.07,-4.8,0.0,4.5
2025-12-08,126730,15770.0,0.75,0.1,0.0,-1.1
2025-12-09,126730,15450.0,0.76,3.9,0.4,-4.2
2025-12-10,126730,15460.0,1.07,-7.4,-0.5,7.0
2025-12-11,126730,15830.0,0.54,1.5,,-1.7
2025-12-12,126730,15380.0,0.65,0.1,-0.0,0.1
2025-12-15,126730,14940.0,0.66,2.2,,-2.5
2025-12-16,126730,14500.0,0.83,0.9,,-0.7
2025-12-17,126730,14610.0,0.93,-0.1,,-0.1
2025-12-18,126730,14350.0,0.92,2.1,,-1.9
2025-12-19,126730,14500.0,1.1,-0.7,,1.0
2025-12-22,126730,14660.0,1.04,0.3,0.0,-0.3
2025-12-23,126730,14250.0,1.06,-0.2,,0.6
2025-12-24,126730,14220.0,1.04,0.2,,-0.2
2025-12-26,126730,14330.0,1.06,-0.7,,0.7
2025-12-29,126730,14650.0,1.0,0.2,,-0.2
2025-12-30,126730,14630.0,1.01,-0.2,,0.3
2026-01-02,126730,14840.0,1.0,0.2,0.0,-0.3
2026-01-05,126730,15000.0,1.02,-0.3,-0.0,0.3
2026-01-06,126730,14880.0,0.99,0.1,-0.0,-0.0
2026-01-07,126730,15630.0,1.0,-8.4,0.5,7.6
2026-01-08,126730,15070.0,0.37,-1.1,,1.3
2026-01-09,126730,14580.0,0.29,0.1,,-0.1
2026-01-12,126730,14860.0,0.29,2.6,,-2.2
2026-01-13,126730,15330.0,0.5,-0.6,,0.1
2026-01-14,126730,15120.0,0.48,1.1,-0.0,-0.9
2026-01-15,126730,15260.0,0.56,0.9,,-0.9
2026-01-16,126730,15100.0,0.63,-1.3,0.0,1.2
2026-01-19,126730,15660.0,0.53,3.7,-0.0,-3.9
2026-01-20,126730,15740.0,0.81,-1.0,-0.0,0.6
2026-01-21,126730,15470.0,0.74,-1.3,,1.3
2026-01-22,126730,16600.0,0.64,12.6,0.0,-11.9
2026-01-23,126730,16770.0,1.54,4.7,-0.0,-4.9
2026-01-26,126730,16920.0,1.88,-7.6,-0.0,7.3
2026-01-27,126730,17550.0,1.28,2.4,0.0,-3.1
2026-01-28,126730,17950.0,1.46,9.1,-0.0,-10.3
2026-01-29,126730,17530.0,2.03,3.3,0.0,-3.2
2026-01-30,126730,16840.0,2.26,-0.0,,-0.1
2026-02-02,126730,16430.0,2.24,1.9,0.0,-2.3
2026-02-03,126730,17500.0,2.39,8.5,0.1,-8.5
2026-02-04,126730,17740.0,2.93,0.2,,-0.3
2026-02-05,126730,16700.0,2.94,-5.0,-0.0,4.9
2026-02-06,126730,16420.0,2.6,-0.3,0.5,-0.2
2026-02-09,126730,17850.0,2.56,13.5,0.5,-13.0
2026-02-10,126730,17840.0,3.46,-22.7,0.5,21.7
2026-02-11,126730,17970.0,1.99,-9.6,0.5,9.0
2026-02-12,126730,17670.0,1.37,-2.5,0.5,2.4
2026-02-13,126730,17100.0,1.2,0.7,0.5,-1.1
2026-02-19,126730,18190.0,1.21,13.2,0.6,-12.0
2026-02-20,126730,18210.0,2.06,5.4,-1.3,-4.2
2026-02-23,126730,21700.0,2.41,-7.7,-0.2,14.7
2026-02-24,126730,20500.0,2.07,-12.4,-0.1,12.5
2026-02-25,126730,20550.0,1.37,-11.0,-0.0,9.0
2026-02-26,126730,20550.0,0.79,-3.2,-0.7,3.9
2026-02-27,126730,20150.0,0.62,-2.9,-0.2,2.9
2026-03-03,126730,19400.0,0.47,-3.7,-0.0,3.1
2026-03-04,126730,16100.0,0.25,0.3,0.0,-0.3
2026-03-05,126730,18610.0,0.31,2.9,,-3.5
2026-03-06,126730,19220.0,0.55,0.3,,-0.2
2026-03-09,126730,17410.0,0.57,-2.2,,3.8
2026-03-10,126730,18650.0,0.43,4.6,,-4.2
2026-03-11,126730,19370.0,0.73,-0.9,,1.5
2026-03-12,126730,19490.0,0.67,-2.0,0.0,2.5
2026-03-13,126730,18950.0,0.54,-1.2,0.0,0.7
2026-03-16,126730,18170.0,0.47,1.7,,-1.3
2026-03-17,126730,19100.0,0.58,-0.8,,0.8
2026-03-18,126730,20100.0,0.54,2.6,-0.0,-2.7
2026-03-19,126730,19860.0,0.68,-3.3,-0.3,3.6
2026-03-20,126730,20050.0,0.49,-1.4,-0.0,1.0
2026-03-23,126730,18900.0,0.42,-0.4,0.3,0.5
2026-03-24,126730,19110.0,0.39,0.8,,-0.4
2026-03-25,126730,20150.0,0.44,2.8,-0.0,-2.8
2026-03-26,126730,19600.0,0.61,-3.8,0.0,3.7
2026-03-27,126730,19100.0,0.39,-1.3,-0.2,1.4
2026-03-30,126730,17700.0,0.39,1.0,-0.4,0.3
2026-03-31,126730,16740.0,0.45,0.3,0.0,-0.4
2026-04-01,126730,18090.0,0.47,4.3,-0.0,-4.1
2026-04-02,126730,16750.0,0.75,-1.8,0.9,0.9
2026-04-03,126730,17070.0,0.64,0.3,1.7,-2.0
2026-04-06,126730,16620.0,0.66,-0.5,0.2,0.3
2026-04-07,126730,16310.0,0.62,-0.7,-0.0,0.7
2026-04-08,126730,17470.0,0.57,2.3,-0.0,-2.3
2026-04-09,126730,17460.0,0.72,-2.4,-0.2,2.6
2026-04-10,126730,18480.0,0.57,-0.9,-0.0,0.8
2026-04-13,126730,18340.0,0.51,-0.5,0.0,0.8
2026-04-14,126730,18310.0,0.38,0.3,-2.7,2.4
2026-04-15,126730,18890.0,0.4,3.5,0.0,-3.7
2026-04-16,126730,19000.0,0.61,3.5,0.0,-3.5
2026-04-17,126730,18490.0,0.82,1.1,0.0,-0.8
2026-04-20,126730,17970.0,0.88,-2.6,-0.0,2.7
2026-04-21,126730,19200.0,0.72,3.4,0.0,-4.5
2026-04-22,126730,20350.0,0.92,-1.3,-0.0,2.0
2026-04-23,126730,21500.0,0.87,23.4,6.0,-28.6
2026-04-24,126730,19680.0,2.14,-17.5,-0.1,17.7
2026-04-27,126730,19410.0,1.17,-2.5,-3.9,6.3
2026-04-28,126730,19330.0,1.04,-0.1,0.0,-0.2
2026-04-29,126730,20100.0,1.09,4.0,0.0,-4.6
2026-04-30,126730,20950.0,1.32,15.9,0.0,-17.5
2026-05-04,126730,22000.0,2.15,20.1,0.2,-19.6
2026-05-06,126730,22700.0,3.15,-11.7,-0.3,12.0
2026-05-07,126730,21050.0,2.6,-4.2,-0.0,4.7
2026-05-08,126730,20550.0,2.38,3.9,-0.0,-3.6
2026-05-11,126730,19750.0,2.59,-9.0,-1.3,11.7
2026-05-12,126730,18880.0,2.08,4.3,0.0,-5.4
2026-05-13,126730,18000.0,2.34,-0.6,-0.0,0.3
2026-05-14,126730,17940.0,2.3,-1.1,-0.0,1.1
2026-05-15,126730,16720.0,2.23,-2.9,-0.0,2.3
2026-05-18,126730,16090.0,2.05,2.4,-0.0,-2.7
2026-05-19,126730,15550.0,2.23,0.9,0.0,-1.3
2026-05-20,126730,20200.0,2.3,-27.4,2.3,25.2
2026-05-21,126730,21700.0,0.57,26.8,7.4,-30.6
2026-05-22,126730,22200.0,2.16,-17.1,0.6,16.0
2026-05-26,126730,23400.0,1.34,-10.5,0.1,13.4
2026-05-27,126730,23700.0,1.02,11.7,-1.2,-10.4
2026-05-28,126730,30800.0,1.71,-26.9,-0.1,33.5
2026-05-29,126730,30150.0,0.5,19.9,-1.2,-18.9
2026-06-01,126730,25200.0,1.35,27.0,-1.0,-25.9
2026-06-02,126730,24700.0,2.5,9.0,0.7,-9.6
2026-06-04,126730,22900.0,2.9,-1.1,-0.7,1.8
2026-06-05,126730,23500.0,2.84,-43.0,-0.0,42.7
2026-06-08,126730,21150.0,0.93,20.4,-0.0,-20.3
2026-06-09,126730,22850.0,2.06,12.8,-0.0,-12.8
2026-06-10,126730,20200.0,2.68,2.0,0.0,-2.2
2026-06-11,126730,21000.0,2.8,-1.2,-0.0,1.0
2026-06-12,126730,21500.0,2.75,0.6,0.0,-0.6
2026-06-15,126730,23350.0,2.78,-8.6,-0.0,8.8
2026-06-16,126730,23250.0,2.37,-6.6,-0.0,6.4
2026-06-17,126730,22700.0,2.05,-8.3,-0.0,9.0
2026-06-18,126730,25700.0,1.65,-13.0,0.0,12.7
2026-06-19,126730,23950.0,1.04,-8.5,-0.0,8.6
2026-06-22,126730,21750.0,0.85,6.3,0.0,-6.5
2026-06-23,126730,17880.0,1.18,5.0,0.0,-7.3
2026-06-24,126730,17070.0,1.45,0.2,-0.0,-0.9
2026-06-25,126730,16140.0,1.48,-1.6,-0.0,2.2
2026-06-26,126730,14600.0,1.38,5.0,0.0,-4.9
2026-06-29,126730,15720.0,1.81,5.7,-0.0,-6.4
2026-06-30,126730,16800.0,2.23,-15.7,-0.0,17.4
2026-07-01,126730,17460.0,1.2,3.2,1.8,-4.8
2026-07-02,126730,15850.0,1.41,2.8,0.2,-2.9
2026-07-03,126730,15820.0,1.61,1.3,0.0,-1.3
2026-07-06,126730,15440.0,1.72,0.9,-0.0,-0.9
2026-07-07,126730,14660.0,1.79,2.2,0.0,-2.4
2026-07-08,126730,13680.0,1.95,2.7,-0.0,-2.6
2026-07-09,126730,14140.0,2.18,1.5,-0.0,-1.5
2026-07-10,126730,15460.0,2.3,2.1,-0.0,-2.0
2026-07-13,126730,13930.0,2.46,-0.7,0.0,0.7
2026-07-14,126730,13440.0,2.4,0.3,0.0,-0.3
2026-07-15,126730,14560.0,2.43,3.6,-0.0,-3.6
2026-07-16,126730,13550.0,2.71,-0.9,0.0,0.9
2025-07-14,126880,3935.0,2.48,-0.2,-0.0,0.2
2025-07-15,126880,3945.0,2.46,-0.2,-0.0,0.2
2025-07-16,126880,3900.0,2.44,-0.1,-0.0,0.1
2025-07-17,126880,4070.0,2.43,2.1,-0.0,-2.1
2025-07-18,126880,4055.0,2.65,-0.3,-0.0,0.2
2025-07-21,126880,4040.0,2.62,0.8,-0.0,-0.7
2025-07-22,126880,4010.0,2.7,0.0,0.0,0.0
2025-07-23,126880,4855.0,2.7,2.1,-0.0,-2.1
2025-07-24,126880,4600.0,2.87,-2.6,-0.0,2.5
2025-07-25,126880,4515.0,2.65,-2.1,-0.0,2.4
2025-07-28,126880,4400.0,2.45,-0.4,-0.0,-0.0
2025-07-29,126880,4395.0,2.41,-1.0,-0.0,1.1
2025-07-30,126880,4400.0,2.32,-0.2,-0.0,0.2
2025-07-31,126880,4305.0,2.3,0.2,-0.0,-0.2
2025-08-01,126880,4275.0,2.32,-0.7,-0.0,0.8
2025-08-04,126880,4335.0,2.24,0.8,-0.0,-0.8
2025-08-05,126880,4385.0,2.32,0.2,0.0,-0.2
2025-08-06,126880,4325.0,2.34,-0.2,-0.0,0.3
2025-08-07,126880,4350.0,2.32,0.9,-0.0,-0.9
2025-08-08,126880,4415.0,2.41,-1.6,-0.0,1.6
2025-08-11,126880,4365.0,2.25,-0.4,-0.0,0.4
2025-08-12,126880,4375.0,2.21,-0.3,0.0,0.4
2025-08-13,126880,4360.0,2.18,-0.4,0.0,0.5
2025-08-14,126880,4350.0,2.13,0.3,-0.0,-0.3
2025-08-18,126880,4270.0,2.17,0.9,-0.0,-0.9
2025-08-19,126880,4255.0,2.26,-0.1,-0.0,-0.9
2025-08-20,126880,4215.0,2.26,0.6,-0.0,-0.6
2025-08-21,126880,4165.0,2.32,0.2,-0.0,-0.2
2025-08-22,126880,4190.0,2.34,0.6,-0.1,-0.4
2025-08-25,126880,4240.0,2.4,0.1,-0.0,-0.1
2025-08-26,126880,4210.0,2.43,-1.2,0.0,1.2
2025-08-27,126880,4280.0,2.31,-0.1,-0.0,0.1
2025-08-28,126880,4380.0,2.3,-1.0,0.0,1.0
2025-08-29,126880,4450.0,2.23,1.2,-0.0,-1.2
2025-09-01,126880,4335.0,2.35,-1.4,-0.0,1.4
2025-09-02,126880,4305.0,2.21,-0.1,-0.0,0.1
2025-09-03,126880,4380.0,2.5,-0.2,-0.0,0.2
2025-09-04,126880,4365.0,2.48,0.2,0.0,-0.2
2025-09-05,126880,4360.0,2.5,-0.4,-0.0,0.4
2025-09-08,126880,4315.0,2.46,1.1,-0.0,-1.1
2025-09-09,126880,4355.0,2.57,0.0,-0.0,-0.0
2025-09-10,126880,4360.0,2.57,0.5,-0.0,-0.5
2025-09-11,126880,4560.0,2.62,1.9,-0.0,-1.1
2025-09-12,126880,4520.0,2.81,-2.6,-0.0,2.6
2025-09-15,126880,4520.0,2.57,0.7,-0.0,-0.7
2025-09-16,126880,4385.0,2.63,-1.4,-0.0,1.4
2025-09-17,126880,4455.0,2.5,-0.9,-0.0,0.9
2025-09-18,126880,4435.0,2.69,-0.5,-0.0,0.5
2025-09-19,126880,4330.0,2.64,-1.3,-0.0,1.3
2025-09-22,126880,4300.0,2.52,-1.1,-0.0,1.7
2025-09-23,126880,4270.0,2.41,-2.1,-0.0,2.1
2025-09-24,126880,4225.0,2.22,-0.5,-0.0,0.5
2025-09-25,126880,4210.0,2.17,-0.4,-0.0,0.4
2025-09-26,126880,4210.0,2.14,-0.9,-0.0,0.9
2025-09-29,126880,4420.0,2.04,3.7,-0.3,-3.9
2025-09-30,126880,4305.0,2.4,0.6,-0.0,-0.6
2025-10-01,126880,4830.0,2.46,-10.5,-0.0,11.0
2025-10-02,126880,4650.0,1.62,6.1,-0.0,-6.1
2025-10-10,126880,4700.0,2.17,-0.7,-0.0,0.7
2025-10-13,126880,4685.0,2.11,-0.9,-0.0,0.9
2025-10-14,126880,4565.0,2.02,1.5,-0.0,-1.5
2025-10-15,126880,4645.0,2.16,2.7,-0.0,-2.7
2025-10-16,126880,4605.0,2.41,-0.1,0.1,-0.1
2025-10-17,126880,4485.0,2.41,-2.9,-0.0,3.7
2025-10-20,126880,4415.0,2.13,-1.0,-0.0,1.0
2025-10-21,126880,4445.0,2.03,-0.0,-0.0,0.0
2025-10-22,126880,4525.0,2.04,-0.2,0.0,0.4
2025-10-23,126880,4520.0,2.23,0.7,-0.0,-0.8
2025-10-24,126880,4470.0,2.3,-0.2,0.0,0.3
2025-10-27,126880,4530.0,2.28,1.9,0.6,-2.5
2025-10-28,126880,4565.0,2.45,-1.0,-0.0,1.2
2025-10-29,126880,4540.0,2.36,-0.6,0.6,-0.1
2025-10-30,126880,4500.0,2.3,-0.3,0.0,0.5
2025-10-31,126880,4435.0,2.27,-1.4,0.0,1.4
2025-11-03,126880,4300.0,2.13,-1.2,-0.0,1.2
2025-11-04,126880,4300.0,2.02,0.7,0.0,-0.7
2025-11-05,126880,4155.0,2.09,-0.4,-0.0,0.3
2025-11-06,126880,4160.0,2.06,-0.2,-0.0,0.2
2025-11-07,126880,4080.0,2.04,0.1,-0.0,-0.1
2025-11-10,126880,4230.0,2.05,0.5,-0.1,-0.4
2025-11-11,126880,4150.0,2.04,-0.2,0.0,0.2
2025-11-12,126880,4160.0,2.0,0.2,-0.0,-0.2
2025-11-13,126880,4155.0,2.02,-0.3,0.0,0.3
2025-11-14,126880,4115.0,1.99,-0.3,-0.0,0.3
2025-11-17,126880,4150.0,1.97,0.4,0.3,-0.7
2025-11-18,126880,4025.0,2.03,-1.0,-0.0,1.0
2025-11-19,126880,3985.0,1.93,0.6,0.0,-0.6
2025-11-20,126880,4045.0,2.11,0.3,-0.0,-0.3
2025-11-21,126880,3925.0,2.14,0.1,0.0,-0.4
2025-11-24,126880,3935.0,2.16,0.4,0.0,-0.4
2025-11-25,126880,3945.0,2.2,1.1,-0.0,-1.1
2025-11-26,126880,3970.0,2.28,0.4,0.0,-0.4
2025-11-27,126880,3965.0,2.32,-0.1,-0.0,0.1
2025-11-28,126880,4030.0,2.31,0.6,0.0,-0.8
2025-12-01,126880,3980.0,2.37,-0.6,0.0,-0.1
2025-12-02,126880,4025.0,2.31,-0.2,0.0,0.2
2025-12-03,126880,4020.0,2.29,1.2,-0.0,-1.2
2025-12-04,126880,3990.0,2.47,-0.7,-0.0,0.7
2025-12-05,126880,4010.0,2.4,0.3,-0.3,-0.0
2025-12-08,126880,4015.0,2.43,-0.2,-0.0,0.2
2025-12-09,126880,3980.0,2.41,-0.2,-0.0,0.2
2025-12-10,126880,3905.0,2.39,-0.1,-0.0,0.1
2025-12-11,126880,3970.0,2.38,0.3,0.0,-0.3
2025-12-12,126880,4000.0,2.41,0.6,-0.0,-0.6
2025-12-15,126880,3950.0,2.48,-0.4,0.0,0.4
2025-12-16,126880,3860.0,2.44,-0.4,0.0,0.4
2025-12-17,126880,3840.0,2.78,-0.0,0.0,0.0
2025-12-18,126880,3795.0,2.77,0.0,0.0,-0.0
2025-12-19,126880,3880.0,2.77,0.3,0.0,-0.3
2025-12-22,126880,3940.0,2.8,0.3,0.0,-0.3
2025-12-23,126880,3860.0,2.83,-0.5,0.0,0.5
2025-12-24,126880,3835.0,2.46,0.1,0.0,-0.1
2025-12-26,126880,3905.0,2.47,-0.2,-0.0,0.3
2025-12-29,126880,3905.0,1.8,0.3,-0.0,-0.3
2025-12-30,126880,3830.0,1.84,-0.2,-0.0,0.2
2026-01-02,126880,3890.0,1.81,0.2,-0.0,0.0
2026-01-05,126880,3850.0,1.84,0.5,-0.0,-0.5
2026-01-06,126880,3875.0,1.96,-0.1,0.0,0.1
2026-01-07,126880,3800.0,2.57,-0.9,-0.0,0.9
2026-01-08,126880,3610.0,2.47,-0.7,-0.2,0.9
2026-01-09,126880,3720.0,2.39,0.0,0.5,-0.7
2026-01-12,126880,3655.0,2.4,0.4,-0.0,-0.4
2026-01-13,126880,3610.0,2.48,0.3,-0.0,-0.3
2026-01-14,126880,3610.0,2.52,0.1,-0.0,-0.1
2026-01-15,126880,3560.0,2.57,1.0,-0.0,-0.9
2026-01-16,126880,3535.0,2.7,1.1,0.0,-1.1
2026-01-19,126880,3570.0,2.82,0.4,-0.0,-0.4
2026-01-20,126880,3650.0,2.87,1.1,0.0,-1.1
2026-01-21,126880,3615.0,3.0,0.3,-0.0,-0.3
2026-01-22,126880,3600.0,3.04,0.2,0.0,-0.2
2026-01-23,126880,3675.0,3.05,0.1,0.0,-0.1
2026-01-26,126880,3735.0,3.06,0.2,-0.0,-0.2
2026-01-27,126880,3735.0,3.09,-0.7,0.0,0.7
2026-01-28,126880,3700.0,3.01,-0.6,0.0,0.6
2026-01-29,126880,3850.0,2.94,-0.0,-0.0,0.0
2026-01-30,126880,3855.0,2.93,-1.2,-0.5,1.7
2026-02-02,126880,3695.0,2.8,-0.8,-0.0,0.8
2026-02-03,126880,3850.0,2.67,-1.1,-0.0,1.1
2026-02-04,126880,3870.0,2.54,0.6,0.0,-0.7
2026-02-05,126880,3845.0,2.61,0.2,0.0,-0.2
2026-02-06,126880,3765.0,2.64,0.0,-0.0,-0.0
2026-02-09,126880,3810.0,2.64,-0.1,-0.0,0.1
2026-02-10,126880,3860.0,2.66,1.5,0.0,-1.5
2026-02-11,126880,3860.0,2.8,-0.6,-0.0,0.6
2026-02-12,126880,3860.0,2.73,0.1,0.0,-0.1
2026-02-13,126880,3840.0,2.75,-0.4,0.0,0.4
2026-02-19,126880,3880.0,2.7,0.6,0.0,-0.7
2026-02-20,126880,3875.0,2.78,1.0,-0.0,-0.6
2026-02-23,126880,3860.0,2.89,0.4,-0.0,-0.4
2026-02-24,126880,3895.0,2.93,0.2,-0.0,-0.1
2026-02-25,126880,3900.0,2.94,-0.2,0.0,0.2
2026-02-26,126880,3800.0,2.91,-1.4,-0.9,2.3
2026-02-27,126880,3710.0,2.76,-1.3,-0.0,1.3
2026-03-03,126880,3710.0,2.61,1.4,0.0,-1.4
2026-03-04,126880,3320.0,2.76,0.2,-0.0,-0.2
2026-03-05,126880,3610.0,2.79,1.4,0.0,-1.4
2026-03-06,126880,3670.0,2.96,0.9,0.0,-0.9
2026-03-09,126880,3600.0,3.07,-0.0,0.3,-0.3
2026-03-10,126880,3600.0,3.07,-0.1,0.0,0.1
2026-03-11,126880,3640.0,3.08,0.1,0.0,-0.1
2026-03-12,126880,3800.0,2.55,0.1,0.0,-0.2
2026-03-13,126880,3730.0,2.57,-0.1,0.0,0.2
2026-03-16,126880,3635.0,2.54,0.1,-0.0,-0.1
2026-03-17,126880,3655.0,2.55,0.3,-0.0,-0.3
2026-03-18,126880,3675.0,2.59,0.3,-0.0,-0.3
2026-03-19,126880,3660.0,2.71,-0.6,0.0,0.6
2026-03-20,126880,3800.0,2.64,3.2,-0.0,-3.2
2026-03-23,126880,3675.0,3.0,-0.8,-0.0,0.8
2026-03-24,126880,3735.0,2.91,-0.0,0.0,-0.0
2026-03-25,126880,3760.0,2.9,0.4,-0.0,-0.4
2026-03-26,126880,3765.0,2.95,-0.6,-0.0,0.7
2026-03-27,126880,3740.0,2.89,0.5,-0.0,-0.5
2026-03-30,126880,3630.0,2.98,0.1,0.0,-0.1
2026-03-31,126880,3570.0,2.98,-0.3,-0.0,0.3
2026-04-01,126880,3695.0,2.95,1.1,-0.0,-1.1
2026-04-02,126880,3560.0,3.08,-0.1,-0.0,0.1
2026-04-03,126880,3690.0,3.07,0.9,0.0,-0.8
2026-04-06,126880,3700.0,3.17,0.4,-0.0,-0.4
2026-04-07,126880,3610.0,3.22,0.4,0.0,-0.1
2026-04-08,126880,3975.0,3.27,4.6,0.0,-4.6
2026-04-09,126880,3950.0,3.78,-5.5,0.0,5.4
2026-04-10,126880,3950.0,3.19,0.7,-0.1,-0.6
2026-04-13,126880,3930.0,3.26,0.4,-0.0,-0.4
2026-04-14,126880,4120.0,3.3,3.3,-0.0,-3.6
2026-04-15,126880,4035.0,3.65,0.4,-0.0,-0.4
2026-04-16,126880,4030.0,3.7,0.8,-0.0,-0.8
2026-04-17,126880,4070.0,3.79,-0.2,0.0,0.3
2026-04-20,126880,4020.0,3.77,-1.1,0.0,1.2
2026-04-21,126880,3970.0,3.65,1.1,0.0,-1.1
2026-04-22,126880,3935.0,3.77,0.3,-0.0,-0.3
2026-04-23,126880,3935.0,3.8,-0.2,-0.0,0.1
2026-04-24,126880,4010.0,3.78,0.7,-0.0,-0.7
2026-04-27,126880,4005.0,3.85,-0.8,-0.0,0.8
2026-04-28,126880,3965.0,3.77,0.0,-0.4,0.5
2026-04-29,126880,4120.0,3.77,0.8,-0.0,-1.0
2026-04-30,126880,3975.0,3.86,-1.0,0.0,0.9
2026-05-04,126880,3925.0,3.76,-1.1,0.0,1.2
2026-05-06,126880,3915.0,3.63,-4.9,0.0,4.9
2026-05-07,126880,3870.0,3.14,2.1,0.0,-2.2
2026-05-08,126880,3860.0,3.37,-1.6,0.0,1.8
2026-05-11,126880,3700.0,3.19,-1.6,-0.0,1.7
2026-05-12,126880,3570.0,3.01,-1.3,0.0,1.3
2026-05-13,126880,3550.0,2.84,-0.3,-0.0,0.3
2026-05-14,126880,3500.0,2.79,-0.6,-0.0,0.7
2026-05-15,126880,3430.0,2.74,-0.4,-0.0,0.4
2026-05-18,126880,3300.0,2.7,1.1,-0.1,-1.0
2026-05-19,126880,3245.0,2.84,-0.3,0.0,0.3
2026-05-20,126880,3220.0,2.8,-0.5,-0.0,0.5
2026-05-21,126880,3150.0,2.83,-1.9,-0.0,1.9
2026-05-22,126880,3320.0,2.57,0.0,0.0,-1.3
2026-05-26,126880,3385.0,2.57,-0.7,-0.0,0.8
2026-05-27,126880,3315.0,2.48,-0.7,-0.0,0.2
2026-05-28,126880,3265.0,2.45,-0.8,0.2,0.3
2026-05-29,126880,3135.0,2.44,-0.2,-0.0,0.1
2026-06-01,126880,3085.0,2.42,-1.5,-0.0,1.4
2026-06-02,126880,2995.0,2.28,0.5,-0.0,-0.5
2026-06-04,126880,3130.0,2.08,-0.1,-0.0,-0.3
2026-06-05,126880,3185.0,2.07,0.1,-0.0,-0.2
2026-06-08,126880,2915.0,2.08,-0.0,0.0,-0.0
2026-06-09,126880,2930.0,2.08,0.5,-0.0,-0.8
2026-06-10,126880,2975.0,2.15,0.2,0.0,-0.6
2026-06-11,126880,3085.0,2.18,0.0,0.0,-0.0
2026-06-12,126880,3115.0,2.19,-0.4,-0.0,-0.4
2026-06-15,126880,3115.0,2.14,-0.1,-0.0,0.1
2026-06-16,126880,3220.0,2.12,0.3,-0.0,-0.5
2026-06-17,126880,3295.0,2.16,0.4,-0.3,-0.4
2026-06-18,126880,3200.0,2.21,-0.5,0.0,0.4
2026-06-19,126880,2930.0,2.16,0.1,-0.0,-0.2
2026-06-22,126880,3010.0,2.18,0.6,-0.0,-0.9
2026-06-23,126880,2880.0,2.26,0.1,-0.0,-0.2
2026-06-24,126880,2895.0,2.27,0.1,0.0,-0.4
2026-06-25,126880,2910.0,2.29,-0.1,-0.0,0.0
2026-06-26,126880,2830.0,2.31,0.0,0.0,-0.5
2026-06-29,126880,2885.0,2.31,0.6,-0.0,-0.5
2026-06-30,126880,3025.0,2.4,-0.1,0.0,-0.0
2026-07-01,126880,3060.0,2.39,0.7,-0.0,-0.8
2026-07-02,126880,3035.0,2.45,0.0,0.0,-0.0
2026-07-03,126880,2985.0,2.46,0.4,0.0,-0.3
2026-07-06,126880,3020.0,2.51,0.5,-0.0,-0.5
2026-07-07,126880,2950.0,2.58,0.4,0.0,-0.4
2026-07-08,126880,2840.0,2.64,0.0,-0.0,-0.0
2026-07-09,126880,2800.0,2.77,-0.1,-0.0,0.1
2026-07-10,126880,2920.0,2.76,0.1,-0.0,-0.1
2026-07-13,126880,2795.0,2.77,-0.2,-0.0,0.2
2026-07-14,126880,2740.0,2.84,-0.1,-0.0,0.1
2026-07-15,126880,2785.0,2.81,0.2,0.0,-0.1
2026-07-16,126880,2820.0,2.84,-0.1,-0.0,0.1
2025-07-14,127120,13730.0,2.53,-6.9,-0.2,7.0
2025-07-15,127120,14060.0,2.4,0.2,0.1,-0.4
2025-07-16,127120,13620.0,2.55,-14.1,0.0,13.7
2025-07-17,127120,12970.0,2.17,-6.7,0.0,6.3
2025-07-18,127120,12890.0,1.98,0.0,0.0,-0.1
2025-07-21,127120,13430.0,1.99,-4.5,0.0,4.7
2025-07-22,127120,14000.0,1.87,2.7,0.0,-3.1
2025-07-23,127120,14530.0,1.93,-1.9,-0.0,1.5
2025-07-24,127120,15140.0,1.88,-11.9,0.0,4.7
2025-07-25,127120,15120.0,1.56,-13.2,0.0,13.2
2025-07-28,127120,14550.0,1.25,-8.3,0.0,8.6
2025-07-29,127120,14180.0,1.05,0.5,0.0,-0.7
2025-07-30,127120,14180.0,1.07,-0.8,0.0,0.8
2025-07-31,127120,13860.0,1.05,1.2,0.0,-0.8
2025-08-01,127120,13830.0,1.09,1.0,0.0,-1.1
2025-08-04,127120,15300.0,1.12,14.3,3.2,-18.0
2025-08-05,127120,15300.0,1.48,-2.5,0.3,2.3
2025-08-06,127120,15810.0,1.43,0.9,0.1,-1.2
2025-08-07,127120,15180.0,1.48,-14.2,-0.8,15.0
2025-08-08,127120,15210.0,1.14,-3.1,0.5,2.5
2025-08-11,127120,17140.0,1.06,27.6,0.4,-28.1
2025-08-12,127120,16790.0,1.69,-1.6,2.4,-0.8
2025-08-13,127120,16740.0,1.58,0.6,0.0,-0.7
2025-08-14,127120,16960.0,1.59,1.9,0.7,-2.5
2025-08-18,127120,17300.0,1.63,0.5,0.2,-1.0
2025-08-19,127120,17260.0,1.67,-3.7,-1.5,4.9
2025-08-20,127120,17230.0,1.55,-0.2,0.6,-0.4
2025-08-21,127120,17000.0,1.52,0.4,,-0.5
2025-08-22,127120,17160.0,1.47,2.8,-0.2,-2.4
2025-08-25,127120,17250.0,1.48,1.7,0.1,0.0
2025-08-26,127120,17280.0,1.53,3.5,0.7,-4.3
2025-08-27,127120,18380.0,1.61,27.7,0.0,-28.1
2025-08-28,127120,18050.0,2.1,-13.1,1.1,12.1
2025-08-29,127120,18200.0,1.84,-7.5,0.3,6.2
2025-09-01,127120,17900.0,1.72,-24.8,0.0,24.3
2025-09-02,127120,17690.0,1.23,-5.0,-0.7,5.5
2025-09-03,127120,17680.0,1.14,-2.0,0.0,2.0
2025-09-04,127120,17660.0,1.09,27.3,1.6,-18.7
2025-09-05,127120,17830.0,1.52,-1.6,-0.6,2.1
2025-09-08,127120,17120.0,1.49,-26.6,-1.9,27.8
2025-09-09,127120,16910.0,0.96,7.8,-1.0,-4.8
2025-09-10,127120,17560.0,1.15,3.7,-0.1,-2.3
2025-09-11,127120,17770.0,1.22,-1.9,-0.2,57.6
2025-09-12,127120,17370.0,1.18,-5.1,0.0,5.3
2025-09-15,127120,19420.0,1.09,86.0,0.1,-93.0
2025-09-16,127120,19480.0,2.6,9.4,0.1,-9.5
2025-09-17,127120,19070.0,2.77,-13.5,-0.2,13.0
2025-09-18,127120,19900.0,2.53,18.4,6.1,18.8
2025-09-19,127120,23550.0,2.84,60.5,10.5,-71.3
2025-09-22,127120,23500.0,3.75,-10.0,-2.1,12.5
2025-09-23,127120,25100.0,3.61,-4.7,0.8,3.0
2025-09-24,127120,25100.0,3.57,-6.0,2.6,3.4
2025-09-25,127120,24200.0,3.49,-10.8,1.9,9.6
2025-09-26,127120,24450.0,3.24,-6.1,-0.0,5.7
2025-09-29,127120,23500.0,3.15,-13.0,1.5,11.3
2025-09-30,127120,21450.0,2.97,-65.1,0.8,63.4
2025-10-01,127120,21600.0,1.97,-2.0,1.9,5.7
2025-10-02,127120,20850.0,1.95,-13.1,-0.2,9.0
2025-10-10,127120,22050.0,1.74,6.0,3.8,-10.4
2025-10-13,127120,23250.0,1.83,-17.9,5.2,13.0
2025-10-14,127120,22350.0,1.78,-27.9,-0.2,27.0
2025-10-15,127120,21700.0,1.49,-11.1,-11.2,20.7
2025-10-16,127120,21750.0,1.32,3.2,-0.0,-2.8
2025-10-17,127120,20100.0,1.49,-4.4,1.5,2.5
2025-10-20,127120,20250.0,1.35,-0.7,0.2,0.5
2025-10-21,127120,20650.0,1.33,0.2,2.1,-1.1
2025-10-22,127120,20950.0,1.34,2.0,-0.1,-1.8
2025-10-23,127120,20150.0,1.48,-5.4,0.1,4.4
2025-10-24,127120,20000.0,1.39,0.6,-2.0,-0.8
2025-10-27,127120,19200.0,1.42,-12.6,-0.9,10.4
2025-10-28,127120,19970.0,1.2,5.6,15.0,-20.2
2025-10-29,127120,19270.0,1.3,-13.5,-2.1,15.7
2025-10-30,127120,20700.0,1.07,29.5,4.0,-32.8
2025-10-31,127120,20950.0,1.56,-14.2,11.3,3.2
2025-11-03,127120,20700.0,1.33,-19.4,8.5,9.6
2025-11-04,127120,20100.0,1.03,-2.6,13.5,-9.0
2025-11-05,127120,20850.0,0.99,4.6,2.4,-7.2
2025-11-06,127120,20650.0,1.07,-6.5,9.0,-2.7
2025-11-07,127120,20500.0,0.97,-0.4,7.1,-6.4
2025-11-10,127120,20050.0,0.96,-1.7,10.0,-9.4
2025-11-11,127120,19550.0,1.0,-4.6,6.3,-1.8
2025-11-12,127120,19590.0,0.84,-0.1,5.9,-5.6
2025-11-13,127120,18140.0,0.84,1.9,-0.6,-1.5
2025-11-14,127120,16680.0,0.87,12.4,0.2,-13.2
2025-11-17,127120,17130.0,1.1,0.5,0.5,-1.5
2025-11-18,127120,17210.0,1.11,-1.1,0.1,-2.2
2025-11-19,127120,17330.0,1.09,-3.7,-1.2,3.2
2025-11-20,127120,18960.0,1.0,12.8,0.6,-15.7
2025-11-21,127120,20100.0,1.22,5.2,1.3,-15.9
2025-11-24,127120,19720.0,1.31,-17.9,10.6,4.9
2025-11-25,127120,19870.0,1.02,-3.3,4.2,-3.8
2025-11-26,127120,19810.0,0.97,1.2,0.2,-2.2
2025-11-27,127120,19860.0,1.08,-4.9,2.4,-3.5
2025-11-28,127120,19790.0,1.0,0.9,0.4,-1.4
2025-12-01,127120,19140.0,1.02,-2.7,0.1,-3.1
2025-12-02,127120,19030.0,1.01,5.8,-0.0,-8.8
2025-12-03,127120,19210.0,1.11,6.7,0.1,-9.6
2025-12-04,127120,19400.0,1.22,9.5,0.0,-9.9
2025-12-05,127120,19430.0,1.37,3.5,-0.0,-4.2
2025-12-08,127120,18880.0,1.42,-2.2,0.0,1.9
2025-12-09,127120,18980.0,1.39,4.3,-0.0,-7.0
2025-12-10,127120,18510.0,1.46,-3.0,-0.4,2.6
2025-12-11,127120,17900.0,1.4,-6.7,-1.8,7.2
2025-12-12,127120,17020.0,1.28,-7.1,-0.6,5.5
2025-12-15,127120,16050.0,1.18,10.7,0.7,-12.0
2025-12-16,127120,17010.0,1.39,7.2,-0.1,-9.7
2025-12-17,127120,17220.0,1.53,-1.9,0.5,1.3
2025-12-18,127120,17400.0,1.5,8.9,0.4,-8.8
2025-12-19,127120,17620.0,1.63,3.5,0.8,-4.1
2025-12-22,127120,17430.0,1.69,-0.6,-0.0,0.4
2025-12-23,127120,17150.0,1.51,-1.1,-0.2,2.8
2025-12-24,127120,17300.0,1.5,10.0,-0.3,-11.2
2025-12-26,127120,18630.0,1.68,20.7,-0.0,-21.5
2025-12-29,127120,19530.0,2.04,-21.8,-2.2,24.2
2025-12-30,127120,17850.0,1.7,-27.6,-23.8,50.9
2026-01-02,127120,17200.0,1.24,-8.6,-1.8,8.3
2026-01-05,127120,17060.0,1.11,-2.2,2.5,-0.1
2026-01-06,127120,16740.0,1.1,-3.8,-1.5,4.0
2026-01-07,127120,18250.0,1.02,12.5,-1.2,-10.4
2026-01-08,127120,19090.0,1.26,2.4,2.0,-4.5
2026-01-09,127120,18700.0,1.37,-5.0,0.5,4.5
2026-01-12,127120,17480.0,1.28,-5.5,-2.2,7.3
2026-01-13,127120,17340.0,1.21,-4.7,-0.2,4.7
2026-01-14,127120,17170.0,1.15,-0.5,0.3,0.2
2026-01-15,127120,18250.0,1.18,2.6,-0.4,-2.3
2026-01-16,127120,19890.0,1.31,30.7,7.0,-37.8
2026-01-19,127120,21300.0,1.96,12.6,6.7,-15.9
2026-01-20,127120,20200.0,2.11,-5.9,5.1,0.8
2026-01-21,127120,20900.0,1.91,0.9,2.3,-3.1
2026-01-22,127120,22700.0,1.93,5.4,3.1,-8.4
2026-01-23,127120,21850.0,2.03,-2.0,2.9,-1.2
2026-01-26,127120,24050.0,1.96,33.5,6.8,-40.3
2026-01-27,127120,23000.0,2.58,-2.6,-1.5,4.1
2026-01-28,127120,23800.0,2.45,14.8,1.3,-16.1
2026-01-29,127120,21650.0,2.64,-16.7,-5.4,22.8
2026-01-30,127120,20850.0,2.28,-2.5,-0.6,3.6
2026-02-02,127120,22250.0,2.18,4.1,-3.5,-0.3
2026-02-03,127120,28550.0,2.29,56.2,56.7,-106.5
2026-02-04,127120,30900.0,3.15,17.3,53.6,-70.7
2026-02-05,127120,31050.0,3.24,13.2,8.8,-21.4
2026-02-06,127120,29150.0,3.29,-4.0,7.1,-3.4
2026-02-09,127120,28850.0,3.09,1.3,0.6,-1.2
2026-02-10,127120,28650.0,3.08,-2.1,-2.8,5.5
2026-02-11,127120,30000.0,2.93,-17.2,7.5,8.6
2026-02-12,127120,30500.0,2.7,-14.1,11.9,1.7
2026-02-13,127120,32050.0,2.68,7.5,1.2,-9.5
2026-02-19,127120,30700.0,2.77,-18.0,-1.5,20.8
2026-02-20,127120,36500.0,2.59,20.8,12.2,-33.9
2026-02-23,127120,37300.0,2.78,-0.7,0.5,-0.5
2026-02-24,127120,35700.0,2.77,-17.2,-10.7,26.7
2026-02-25,127120,37800.0,2.51,4.4,-4.3,0.9
2026-02-26,127120,36700.0,2.5,-12.2,-4.7,16.4
2026-02-27,127120,39050.0,2.4,25.3,10.2,-35.2
2026-03-03,127120,37350.0,2.59,7.4,-0.4,-8.0
2026-03-04,127120,31950.0,2.65,37.5,2.2,-37.1
2026-03-05,127120,36050.0,2.99,-1.0,-8.7,10.3
2026-03-06,127120,39650.0,2.98,12.0,0.2,-12.4
2026-03-09,127120,37650.0,3.14,-37.6,21.5,14.9
2026-03-10,127120,37700.0,2.81,-2.0,8.2,-6.1
2026-03-11,127120,36850.0,2.88,-35.4,9.8,26.8
2026-03-12,127120,38200.0,2.47,3.4,23.0,-27.1
2026-03-13,127120,41900.0,2.48,9.3,12.1,-24.2
2026-03-16,127120,41100.0,2.6,-22.9,21.0,0.1
2026-03-17,127120,40050.0,2.43,-2.9,11.1,-8.8
2026-03-18,127120,38650.0,2.41,-20.7,3.6,15.5
2026-03-19,127120,39250.0,2.15,8.8,13.5,-23.1
2026-03-20,127120,40200.0,2.31,2.4,-2.9,0.8
2026-03-23,127120,35250.0,2.3,-21.7,3.0,18.1
2026-03-24,127120,37800.0,2.13,1.6,-9.4,8.1
2026-03-25,127120,37050.0,2.12,-6.8,5.9,1.7
2026-03-26,127120,37350.0,2.05,-2.9,-0.2,3.0
2026-03-27,127120,37850.0,2.07,-12.4,19.2,-8.3
2026-03-30,127120,38100.0,2.05,-9.3,1.8,5.0
2026-03-31,127120,37950.0,1.96,-0.4,8.2,-9.4
2026-04-01,127120,38900.0,2.0,-2.2,-0.8,2.7
2026-04-02,127120,38800.0,1.9,3.4,31.2,-34.1
2026-04-03,127120,41150.0,2.03,34.6,30.6,-59.7
2026-04-06,127120,40500.0,2.44,-27.1,26.1,0.1
2026-04-07,127120,40050.0,2.19,-20.4,25.4,-4.8
2026-04-08,127120,39350.0,2.01,-20.4,5.5,14.4
2026-04-09,127120,41000.0,1.77,12.9,-3.2,-9.5
2026-04-10,127120,42600.0,1.92,23.1,1.6,-24.9
2026-04-13,127120,44200.0,2.15,13.3,2.6,-16.0
2026-04-14,127120,47350.0,2.32,7.9,25.7,-34.0
2026-04-15,127120,48900.0,2.63,10.5,5.2,-15.8
2026-04-16,127120,47150.0,2.46,-12.7,5.5,7.2
2026-04-17,127120,46400.0,2.33,1.5,3.0,-4.8
2026-04-20,127120,43850.0,2.31,-38.5,11.6,27.4
2026-04-21,127120,40950.0,1.94,4.2,-32.8,31.2
2026-04-22,127120,42350.0,1.94,-10.0,17.1,-6.8
2026-04-23,127120,44200.0,1.88,-7.7,11.3,-3.6
2026-04-24,127120,44000.0,1.86,-10.5,8.9,2.4
2026-04-27,127120,43700.0,1.8,11.4,-12.0,0.6
2026-04-28,127120,42300.0,1.86,1.1,-8.6,6.6
2026-04-29,127120,41100.0,1.86,13.9,-34.9,22.9
2026-04-30,127120,40800.0,2.14,8.1,-4.3,-4.0
2026-05-04,127120,44100.0,2.22,18.2,12.4,-30.2
2026-05-06,127120,40650.0,2.52,-36.5,-5.4,41.2
2026-05-07,127120,41150.0,2.12,-17.7,-1.1,18.9
2026-05-08,127120,43400.0,1.97,73.4,-2.8,-71.1
2026-05-11,127120,40400.0,2.6,-44.6,-13.9,61.6
2026-05-12,127120,40250.0,2.14,4.8,-0.3,-4.4
2026-05-13,127120,40400.0,2.17,-10.2,-0.6,11.4
2026-05-14,127120,40500.0,2.15,9.7,1.8,-12.1
2026-05-15,127120,35600.0,2.26,-14.9,-14.9,25.8
2026-05-18,127120,33900.0,2.07,4.8,0.2,-5.2
2026-05-19,127120,35900.0,2.14,1.3,9.5,-9.4
2026-05-20,127120,36550.0,2.12,-13.5,2.5,12.5
2026-05-21,127120,35250.0,2.02,-23.7,6.1,17.0
2026-05-22,127120,39400.0,1.84,-4.9,26.9,-21.8
2026-05-26,127120,39400.0,1.83,-19.9,8.7,10.7
2026-05-27,127120,37100.0,1.67,6.8,0.2,-7.2
2026-05-28,127120,40600.0,1.7,32.7,26.6,-60.8
2026-05-29,127120,41450.0,2.02,-1.3,4.6,-3.3
2026-06-01,127120,42850.0,2.02,7.2,9.0,-16.8
2026-06-02,127120,38850.0,2.13,-10.2,-1.1,11.0
2026-06-04,127120,40050.0,2.06,3.1,28.7,-31.9
2026-06-05,127120,39700.0,2.22,-33.5,34.4,-1.2
2026-06-08,127120,31450.0,2.01,-9.2,-5.3,15.3
2026-06-09,127120,34550.0,2.03,6.5,-1.6,-5.4
2026-06-10,127120,30900.0,2.14,-18.4,27.6,-8.5
2026-06-11,127120,32850.0,1.89,1.7,-0.6,-1.3
2026-06-12,127120,32950.0,1.9,-5.9,0.6,4.6
2026-06-15,127120,35700.0,1.82,11.3,-0.1,-11.2
2026-06-16,127120,36100.0,1.96,-3.1,0.1,1.1
2026-06-17,127120,35000.0,1.92,10.2,-5.0,-5.5
2026-06-18,127120,35200.0,1.99,9.8,-0.2,-9.6
2026-06-19,127120,35900.0,2.08,5.7,2.3,-7.9
2026-06-22,127120,35250.0,2.15,-4.4,1.6,-1.5
2026-06-23,127120,30900.0,2.12,13.8,1.3,-12.3
2026-06-24,127120,35150.0,2.26,-7.1,4.7,0.3
2026-06-25,127120,34600.0,2.23,-15.6,18.3,-2.7
2026-06-26,127120,34950.0,2.07,-6.3,7.7,-1.5
2026-06-29,127120,36200.0,1.98,8.9,0.0,-9.7
2026-06-30,127120,37450.0,2.06,11.3,0.4,-12.4
2026-07-01,127120,36350.0,2.19,0.5,,-0.3
2026-07-02,127120,36150.0,2.19,9.7,-4.7,-5.2
2026-07-03,127120,36450.0,2.27,2.1,-0.1,-1.2
2026-07-06,127120,36900.0,2.29,1.9,-0.1,-3.3
2026-07-07,127120,37500.0,2.3,-0.8,-0.0,0.0
2026-07-08,127120,36500.0,2.3,0.7,-5.7,5.4
2026-07-09,127120,37350.0,2.3,2.3,-0.7,-3.0
2026-07-10,127120,38950.0,2.32,15.6,-0.3,-15.3
2026-07-13,127120,36950.0,2.44,3.8,-4.1,6.8
2026-07-14,127120,36950.0,2.47,10.0,-11.5,4.4
2026-07-15,127120,40250.0,2.55,41.9,5.2,-45.0
2026-07-16,127120,34750.0,2.95,-30.0,2.6,27.9
2025-07-14,127710,1134.0,0.01,,,-0.1
2025-07-15,127710,1133.0,0.01,,,0.0
2025-07-16,127710,1131.0,0.01,0.0,,-0.0
2025-07-17,127710,1142.0,0.01,0.0,,0.0
2025-07-18,127710,1120.0,0.01,-0.0,,0.0
2025-07-21,127710,1103.0,0.01,-0.0,,-0.0
2025-07-22,127710,1103.0,0.01,,,0.0
2025-07-23,127710,1097.0,0.01,,,-0.0
2025-07-24,127710,1097.0,0.01,,,0.0
2025-07-25,127710,1117.0,0.01,-0.0,,0.0
2025-07-28,127710,1101.0,0.01,-0.0,,0.0
2025-07-29,127710,1082.0,0.01,0.0,,-0.0
2025-07-30,127710,1090.0,0.01,,,0.0
2025-07-31,127710,1082.0,0.01,0.0,,0.0
2025-08-01,127710,1094.0,0.01,,,0.0
2025-08-04,127710,1095.0,0.01,0.0,,-0.0
2025-08-05,127710,1116.0,0.01,-0.0,,0.0
2025-08-06,127710,1091.0,0.01,,,-0.0
2025-08-07,127710,1101.0,0.01,0.0,,0.0
2025-08-08,127710,1088.0,0.01,-0.0,,0.0
2025-08-11,127710,1095.0,0.01,-0.0,,-0.0
2025-08-12,127710,1101.0,0.01,,,0.0
2025-08-13,127710,1113.0,0.01,0.0,,-0.0
2025-08-14,127710,1083.0,0.01,0.0,,-0.1
2025-08-18,127710,1107.0,0.02,,,0.1
2025-08-19,127710,1115.0,0.02,-0.0,,0.0
2025-08-20,127710,1091.0,0.02,-0.0,,0.0
2025-08-21,127710,1090.0,0.01,-0.0,,0.0
2025-08-22,127710,1090.0,0.01,,,0.0
2025-08-25,127710,1114.0,0.01,,,0.0
2025-08-26,127710,1101.0,0.01,,,0.0
2025-08-27,127710,1113.0,0.01,,,0.0
2025-08-28,127710,1119.0,0.01,-0.0,,0.0
2025-08-29,127710,1120.0,0.01,,,0.0
2025-09-01,127710,1102.0,0.01,-0.0,,-0.0
2025-09-02,127710,1104.0,0.01,,,0.0
2025-09-03,127710,1109.0,0.01,,,0.0
2025-09-04,127710,1087.0,0.01,,,0.0
2025-09-05,127710,1098.0,0.01,,,0.0
2025-09-08,127710,1099.0,0.01,-0.0,,0.0
2025-09-09,127710,1100.0,0.01,,,-0.0
2025-09-10,127710,1090.0,0.01,,,-0.0
2025-09-11,127710,1090.0,0.01,,,-0.0
2025-09-12,127710,1105.0,0.01,,,0.0
2025-09-15,127710,1107.0,0.01,,,0.0
2025-09-16,127710,1091.0,0.01,,,-0.0
2025-09-17,127710,1092.0,0.01,,,0.0
2025-09-18,127710,1094.0,0.01,,,0.0
2025-09-19,127710,1081.0,0.01,,,0.0
2025-09-22,127710,1079.0,0.01,,,0.0
2025-09-23,127710,1083.0,0.01,,,0.0
2025-09-24,127710,1065.0,0.01,,,0.0
2025-09-25,127710,1064.0,0.01,,,0.0
2025-09-26,127710,1085.0,0.01,,,-0.0
2025-09-29,127710,1098.0,0.01,,,0.0
2025-09-30,127710,1052.0,0.01,,,-0.0
2025-10-01,127710,1076.0,0.01,,,0.0
2025-10-02,127710,1076.0,0.01,,,0.0
2025-10-10,127710,1065.0,0.01,,,0.0
2025-10-13,127710,1046.0,0.01,,,-0.0
2025-10-14,127710,1048.0,0.01,,,0.0
2025-10-15,127710,1031.0,0.01,,,-0.1
2025-10-16,127710,1013.0,0.01,,,0.1
2025-10-17,127710,1013.0,0.01,,,-0.0
2025-10-20,127710,1004.0,0.01,,,-0.0
2025-10-21,127710,1006.0,0.01,,,0.0
2025-10-22,127710,1010.0,0.01,,,0.0
2025-10-23,127710,1012.0,0.01,,,0.0
2025-10-24,127710,1013.0,0.01,,,0.0
2025-10-27,127710,1006.0,0.01,,,-0.0
2025-10-28,127710,1008.0,0.01,,,-0.0
2025-10-29,127710,1010.0,0.01,,,0.0
2025-10-30,127710,970.0,0.01,,,-0.0
2025-10-31,127710,936.0,0.01,,,-0.0
2025-11-03,127710,935.0,0.01,,,0.0
2025-11-04,127710,936.0,0.01,,,-0.0
2025-11-05,127710,950.0,0.01,,,0.0
2025-11-06,127710,955.0,0.01,,,0.0
2025-11-07,127710,954.0,0.01,,,0.1
2025-11-10,127710,954.0,0.01,,,-0.0
2025-11-11,127710,955.0,0.01,,,0.0
2025-11-12,127710,1018.0,0.01,,,0.2
2025-11-13,127710,1000.0,0.01,,,0.0
2025-11-14,127710,994.0,0.01,,,-0.0
2025-11-17,127710,1013.0,0.01,0.0,,0.0
2025-11-18,127710,963.0,0.01,-0.0,,0.0
2025-11-19,127710,975.0,0.01,,,0.1
2025-11-20,127710,984.0,0.01,0.0,,0.1
2025-11-21,127710,1000.0,0.02,,,0.0
2025-11-24,127710,973.0,0.02,-0.0,,-0.0
2025-11-25,127710,961.0,0.01,0.0,,-0.0
2025-11-26,127710,962.0,0.02,-0.0,,0.0
2025-11-27,127710,991.0,0.02,,,0.1
2025-11-28,127710,991.0,0.02,,,0.0
2025-12-01,127710,956.0,0.02,,,-0.0
2025-12-02,127710,960.0,0.02,,,-0.0
2025-12-03,127710,971.0,0.02,-0.0,,0.0
2025-12-04,127710,971.0,0.02,-0.0,,0.0
2025-12-05,127710,965.0,0.01,-0.0,,0.0
2025-12-08,127710,973.0,0.01,-0.0,,0.0
2025-12-09,127710,978.0,0.01,-0.0,,0.0
2025-12-10,127710,973.0,0.01,-0.0,,0.0
2025-12-11,127710,983.0,0.01,-0.0,,0.0
2025-12-12,127710,978.0,0.01,,,0.0
2025-12-15,127710,990.0,0.01,-0.0,,0.0
2025-12-16,127710,961.0,0.01,-0.0,,0.0
2025-12-17,127710,941.0,0.01,,,0.0
2025-12-18,127710,931.0,0.01,,,0.0
2025-12-19,127710,932.0,0.01,,,0.0
2025-12-22,127710,953.0,0.01,,,-1.2
2025-12-23,127710,965.0,0.01,,,-0.2
2025-12-24,127710,1057.0,0.01,0.0,,-2.3
2025-12-26,127710,1060.0,0.01,0.0,0.2,-3.6
2025-12-29,127710,1065.0,0.02,-0.0,0.0,-0.8
2025-12-30,127710,1060.0,0.02,-0.0,,-0.4
2026-01-02,127710,1081.0,0.01,,-0.0,-0.1
2026-01-05,127710,1094.0,0.01,-0.0,,-0.1
2026-01-06,127710,1099.0,0.01,0.0,,-0.3
2026-01-07,127710,1077.0,0.01,,,-0.1
2026-01-08,127710,1019.0,0.01,0.0,,-0.0
2026-01-09,127710,1005.0,0.01,-0.0,,-0.0
2026-01-12,127710,1095.0,0.01,0.0,0.0,-0.0
2026-01-13,127710,1085.0,0.01,0.0,0.0,-0.1
2026-01-14,127710,1130.0,0.02,-0.0,0.0,0.0
2026-01-15,127710,1127.0,0.02,0.0,0.0,-0.0
2026-01-16,127710,1114.0,0.03,0.0,,-0.0
2026-01-19,127710,1097.0,0.03,-0.0,,0.0
2026-01-20,127710,1100.0,0.03,-0.0,0.0,0.0
2026-01-21,127710,1089.0,0.02,0.0,,-0.0
2026-01-22,127710,1080.0,0.03,0.0,,-0.1
2026-01-23,127710,1073.0,0.04,0.0,,0.0
2026-01-26,127710,1139.0,0.04,0.2,,-0.2
2026-01-27,127710,1108.0,0.1,-0.0,0.0,0.0
2026-01-28,127710,1091.0,0.09,0.0,0.0,-0.0
2026-01-29,127710,1119.0,0.09,0.0,,0.0
2026-01-30,127710,1094.0,0.1,-0.0,,0.0
2026-02-02,127710,1053.0,0.09,-0.0,,0.0
2026-02-03,127710,1065.0,0.08,0.0,,-0.0
2026-02-04,127710,1091.0,0.09,-0.0,0.0,0.0
2026-02-05,127710,1130.0,0.09,0.0,0.0,0.0
2026-02-06,127710,1095.0,0.09,-0.0,,-0.0
2026-02-09,127710,1085.0,0.09,0.0,0.0,-0.0
2026-02-10,127710,1082.0,0.09,0.0,0.0,-0.0
2026-02-11,127710,1069.0,0.09,-0.0,,0.0
2026-02-12,127710,1077.0,0.09,-0.0,,0.0
2026-02-13,127710,1046.0,0.09,-0.0,0.2,-0.7
2026-02-19,127710,993.0,0.09,-0.1,,0.1
2026-02-20,127710,1027.0,0.06,0.0,,-0.1
2026-02-23,127710,1035.0,0.07,0.1,,-0.1
2026-02-24,127710,1061.0,0.08,-0.0,,0.0
2026-02-25,127710,1062.0,0.08,0.0,,0.0
2026-02-26,127710,1124.0,0.08,0.1,-0.3,0.2
2026-02-27,127710,1148.0,0.1,0.2,-0.2,0.1
2026-03-03,127710,1192.0,0.13,-0.5,-0.4,0.8
2026-03-04,127710,1136.0,0.05,0.4,-0.3,-0.2
2026-03-05,127710,1201.0,0.14,0.3,-1.1,0.8
2026-03-06,127710,1211.0,0.2,0.3,-0.9,0.6
2026-03-09,127710,1184.0,0.25,0.0,0.2,-0.2
2026-03-10,127710,1206.0,0.25,-0.0,0.2,-0.1
2026-03-11,127710,1235.0,0.25,-0.0,0.4,-0.4
2026-03-12,127710,1279.0,0.25,0.3,-0.0,-0.2
2026-03-13,127710,1304.0,0.3,-0.0,-0.1,0.2
2026-03-16,127710,1336.0,0.3,0.2,0.3,-0.4
2026-03-17,127710,1387.0,0.33,-0.3,0.0,0.3
2026-03-18,127710,1430.0,0.29,-0.6,0.4,0.2
2026-03-19,127710,1450.0,0.2,0.2,0.5,-0.7
2026-03-20,127710,1497.0,0.22,0.3,0.9,-1.2
2026-03-23,127710,1515.0,0.26,-0.5,1.0,-0.5
2026-03-24,127710,1598.0,0.18,0.3,0.2,-0.3
2026-03-25,127710,1617.0,0.23,-0.3,0.4,-0.2
2026-03-26,127710,1670.0,0.19,0.3,1.2,-1.5
2026-03-27,127710,1782.0,0.23,0.2,1.3,-1.5
2026-03-30,127710,1666.0,0.26,-0.6,1.2,-0.7
2026-03-31,127710,1645.0,0.19,-0.0,1.7,-1.7
2026-04-01,127710,1689.0,0.19,0.1,1.4,-1.5
2026-04-02,127710,1684.0,0.2,-0.1,1.6,-1.5
2026-04-03,127710,1741.0,0.19,0.7,1.3,-2.0
2026-04-06,127710,1750.0,0.28,-0.2,1.2,-1.0
2026-04-07,127710,1750.0,0.26,-0.0,1.5,-1.5
2026-04-08,127710,1695.0,0.26,-0.5,1.8,-1.3
2026-04-09,127710,1604.0,0.19,-0.0,1.0,-0.9
2026-04-10,127710,1620.0,0.18,0.0,1.0,-1.0
2026-04-13,127710,1598.0,0.19,-0.1,1.0,-0.9
2026-04-14,127710,1643.0,0.18,0.1,1.4,-1.5
2026-04-15,127710,1714.0,0.18,1.6,1.0,-2.6
2026-04-16,127710,1730.0,0.39,-0.8,1.3,-0.6
2026-04-17,127710,1745.0,0.29,-0.1,1.5,-1.4
2026-04-20,127710,1753.0,0.28,0.0,1.5,-1.5
2026-04-21,127710,1753.0,0.28,-0.0,1.8,-1.7
2026-04-22,127710,1744.0,0.28,-0.1,0.9,-0.9
2026-04-23,127710,1703.0,0.27,-0.1,1.3,-1.2
2026-04-24,127710,1692.0,0.26,0.1,1.1,-1.2
2026-04-27,127710,1705.0,0.27,0.0,1.3,-1.3
2026-04-28,127710,1599.0,0.28,-0.2,0.2,-0.1
2026-04-29,127710,1463.0,0.25,-0.2,0.4,-0.2
2026-04-30,127710,1398.0,0.23,0.3,-0.2,-0.1
2026-05-04,127710,1484.0,0.27,0.5,0.8,-1.3
2026-05-06,127710,1480.0,0.35,-0.5,1.7,-1.1
2026-05-07,127710,1520.0,0.27,-0.5,3.0,-2.5
2026-05-08,127710,1460.0,0.19,-0.0,0.0,0.0
2026-05-11,127710,1301.0,0.19,-0.1,-0.0,0.1
2026-05-12,127710,1241.0,0.16,0.3,0.0,-0.3
2026-05-13,127710,1242.0,0.22,0.0,0.0,-0.0
2026-05-14,127710,1295.0,0.22,0.1,-0.0,-0.1
2026-05-15,127710,1212.0,0.24,-0.1,0.0,0.1
2026-05-18,127710,1183.0,0.22,1.0,0.0,-1.0
2026-05-19,127710,1169.0,0.41,0.0,-0.0,-0.0
2026-05-20,127710,1171.0,0.42,-0.0,-0.0,0.0
2026-05-21,127710,1153.0,0.41,-0.2,,0.2
2026-05-22,127710,1152.0,0.37,-0.0,0.0,-0.0
2026-05-26,127710,1115.0,0.37,-0.0,-0.0,0.0
2026-05-27,127710,1050.0,0.37,0.0,0.1,-0.1
2026-05-28,127710,1028.0,0.37,0.0,-0.0,-0.0
2026-05-29,127710,1017.0,0.38,-0.1,0.0,0.1
2026-06-01,127710,970.0,0.36,-0.0,0.0,0.0
2026-06-02,127710,962.0,0.35,0.0,-0.0,-0.0
2026-06-04,127710,1040.0,0.35,0.0,-0.0,0.0
2026-06-05,127710,1023.0,0.36,-0.0,,0.0
2026-06-08,127710,972.0,0.35,-0.0,0.0,0.0
2026-06-09,127710,935.0,0.34,0.1,-0.0,-0.1
2026-06-10,127710,930.0,0.36,0.0,0.0,-0.0
2026-06-11,127710,910.0,0.36,-0.0,0.0,0.0
2026-06-12,127710,910.0,0.36,-0.0,,0.0
2026-06-15,127710,914.0,0.36,0.0,-0.0,-0.0
2026-06-16,127710,910.0,0.36,-0.0,-0.0,0.0
2026-06-17,127710,897.0,0.35,-0.0,-0.0,0.0
2026-06-18,127710,880.0,0.35,0.0,0.0,-0.0
2026-06-19,127710,865.0,0.36,-0.0,-0.0,0.0
2026-06-22,127710,858.0,0.35,0.0,-0.0,-0.0
2026-06-23,127710,872.0,0.36,-0.0,-0.0,0.0
2026-06-24,127710,880.0,0.35,-0.0,0.0,0.0
2026-06-25,127710,799.0,0.35,-0.0,0.0,-0.0
2026-06-26,127710,799.0,0.35,0.0,-0.0,-0.0
2026-06-29,127710,808.0,0.36,-0.0,0.0,0.0
2026-06-30,127710,830.0,0.35,0.0,0.0,-0.0
2026-07-01,127710,883.0,0.35,0.0,-0.0,-0.0
2026-07-02,127710,885.0,0.36,-0.0,-0.0,0.0
2026-07-03,127710,869.0,0.36,-0.1,0.0,0.1
2026-07-06,127710,918.0,0.33,-0.0,,0.0
2026-07-07,127710,942.0,0.33,-0.0,,0.0
2026-07-08,127710,922.0,0.33,-0.0,0.0,0.0
2026-07-09,127710,982.0,0.32,-0.9,0.5,0.3
2026-07-10,127710,1047.0,0.15,0.2,-0.0,-0.2
2026-07-13,127710,1031.0,0.2,0.0,0.0,-0.0
2026-07-14,127710,1125.0,0.2,-0.1,0.3,-0.3
2026-07-15,127710,1075.0,0.19,-0.0,0.0,0.0
2026-07-16,127710,1000.0,0.19,-0.1,-0.0,0.1
2025-07-14,127980,5990.0,0.17,-0.0,,0.0
2025-07-15,127980,6110.0,0.17,-0.2,,0.1
2025-07-16,127980,6060.0,0.13,0.1,,-0.1
2025-07-17,127980,6040.0,0.14,0.1,,0.0
2025-07-18,127980,6080.0,0.16,-0.1,,0.1
2025-07-21,127980,6030.0,0.15,0.0,,-0.0
2025-07-22,127980,6040.0,0.15,0.0,,-0.1
2025-07-23,127980,6020.0,0.15,-0.0,,0.0
2025-07-24,127980,5960.0,0.15,-0.1,,0.0
2025-07-25,127980,5930.0,0.14,-0.0,,0.0
2025-07-28,127980,5860.0,0.14,-0.0,,0.0
2025-07-29,127980,5980.0,0.14,0.0,,0.0
2025-07-30,127980,5960.0,0.14,-0.0,,0.0
2025-07-31,127980,5910.0,0.13,-0.0,,0.0
2025-08-01,127980,5810.0,0.13,0.0,,-0.0
2025-08-04,127980,5810.0,0.13,-0.0,,0.0
2025-08-05,127980,5910.0,0.13,0.0,,0.0
2025-08-06,127980,5920.0,0.13,0.0,,-0.0
2025-08-07,127980,5850.0,0.13,-0.0,,0.0
2025-08-08,127980,5930.0,0.13,-0.0,,0.0
2025-08-11,127980,5900.0,0.13,0.0,,-0.0
2025-08-12,127980,5900.0,0.13,0.1,,-0.1
2025-08-13,127980,5970.0,0.14,-0.0,,0.0
2025-08-14,127980,5950.0,0.14,-0.0,,0.0
2025-08-18,127980,5930.0,0.14,-0.0,,0.0
2025-08-19,127980,5860.0,0.14,-0.0,,0.0
2025-08-20,127980,5840.0,0.14,-0.0,,0.0
2025-08-21,127980,5820.0,0.14,0.0,,-0.0
2025-08-22,127980,5920.0,0.14,0.0,,0.0
2025-08-25,127980,5940.0,0.14,-0.0,,0.0
2025-08-26,127980,5940.0,0.14,-0.0,,0.0
2025-08-27,127980,5850.0,0.14,-0.0,,0.0
2025-08-28,127980,5850.0,0.13,-0.0,,0.0
2025-08-29,127980,5790.0,0.13,-0.0,,0.0
2025-09-01,127980,5860.0,0.13,-0.0,,0.0
2025-09-02,127980,5940.0,0.13,-0.0,,0.0
2025-09-03,127980,6090.0,0.13,0.1,,-0.1
2025-09-04,127980,6170.0,0.14,-0.1,,0.2
2025-09-05,127980,6430.0,0.12,0.1,,0.3
2025-09-08,127980,6490.0,0.14,-0.0,,0.0
2025-09-09,127980,6360.0,0.14,0.0,,0.0
2025-09-10,127980,6320.0,0.14,0.2,,-0.2
2025-09-11,127980,6190.0,0.17,0.2,,-0.3
2025-09-12,127980,6350.0,0.2,-0.1,,0.1
2025-09-15,127980,6490.0,0.18,0.1,,0.1
2025-09-16,127980,6570.0,0.2,0.1,,-0.1
2025-09-17,127980,6570.0,0.22,-0.2,,0.2
2025-09-18,127980,6590.0,0.19,-0.1,,0.1
2025-09-19,127980,6440.0,0.18,-0.1,,0.1
2025-09-22,127980,6540.0,0.17,0.0,,-0.0
2025-09-23,127980,6580.0,0.17,0.1,,-0.1
2025-09-24,127980,6630.0,0.18,0.4,,-0.4
2025-09-25,127980,6580.0,0.22,-0.4,,0.4
2025-09-26,127980,6410.0,0.18,0.0,,-0.0
2025-09-29,127980,6350.0,0.18,0.1,,-0.1
2025-09-30,127980,6460.0,0.19,-0.1,,0.1
2025-10-01,127980,6350.0,0.18,-0.1,,0.1
2025-10-02,127980,6510.0,0.17,0.2,,-0.2
2025-10-10,127980,6570.0,0.2,0.0,,0.0
2025-10-13,127980,6550.0,0.2,-0.0,,0.0
2025-10-14,127980,6600.0,0.2,-0.2,,0.3
2025-10-15,127980,6650.0,0.17,0.5,,-0.5
2025-10-16,127980,6780.0,0.24,-0.4,,0.4
2025-10-17,127980,6680.0,0.19,-0.4,,0.4
2025-10-20,127980,6590.0,0.15,0.2,,-0.2
2025-10-21,127980,6420.0,0.17,0.3,,-0.3
2025-10-22,127980,6490.0,0.21,-0.1,,0.1
2025-10-23,127980,6490.0,0.19,0.1,,-0.1
2025-10-24,127980,6440.0,0.21,0.0,,-0.0
2025-10-27,127980,6350.0,0.21,-0.1,,-0.0
2025-10-28,127980,6380.0,0.2,-0.1,,0.1
2025-10-29,127980,6320.0,0.19,-0.2,,0.2
2025-10-30,127980,6250.0,0.16,-0.1,,0.2
2025-10-31,127980,6400.0,0.14,0.0,,0.0
2025-11-03,127980,6320.0,0.15,-0.0,,0.0
2025-11-04,127980,6330.0,0.14,-0.0,,0.0
2025-11-05,127980,6570.0,0.14,0.3,,-0.3
2025-11-06,127980,6440.0,0.18,-0.1,,0.1
2025-11-07,127980,6310.0,0.16,-0.1,,0.1
2025-11-10,127980,6330.0,0.15,0.6,-0.6,-0.0
2025-11-11,127980,6380.0,0.23,-0.1,,0.1
2025-11-12,127980,6390.0,0.21,-0.1,,0.1
2025-11-13,127980,6410.0,0.2,0.1,,-0.1
2025-11-14,127980,6280.0,0.21,-0.0,,0.0
2025-11-17,127980,6210.0,0.21,0.0,-0.1,0.0
2025-11-18,127980,6070.0,0.22,-0.1,,0.1
2025-11-19,127980,6110.0,0.2,0.2,,-0.2
2025-11-20,127980,6120.0,0.24,0.0,,-0.0
2025-11-21,127980,5890.0,0.24,0.0,,-0.0
2025-11-24,127980,5930.0,0.24,-0.1,,0.1
2025-11-25,127980,5950.0,0.24,0.1,,-0.1
2025-11-26,127980,5980.0,0.24,0.2,,-0.2
2025-11-27,127980,5990.0,0.27,-0.2,,0.2
2025-11-28,127980,5990.0,0.25,0.1,,-0.1
2025-12-01,127980,5990.0,0.26,-0.1,,0.1
2025-12-02,127980,6100.0,0.26,0.2,,-0.1
2025-12-03,127980,6170.0,0.28,-0.0,,0.0
2025-12-04,127980,6020.0,0.28,0.0,,-0.0
2025-12-05,127980,6110.0,0.28,0.1,,-0.1
2025-12-08,127980,6200.0,0.3,-0.1,,0.1
2025-12-09,127980,6250.0,0.28,-0.1,,0.1
2025-12-10,127980,6110.0,0.27,0.1,,-0.1
2025-12-11,127980,6140.0,0.29,0.0,,-0.0
2025-12-12,127980,6120.0,0.29,0.0,,-0.1
2025-12-15,127980,6100.0,0.3,-0.0,,-0.0
2025-12-16,127980,6010.0,0.3,-0.0,,0.0
2025-12-17,127980,5990.0,0.42,0.1,,-0.1
2025-12-18,127980,6020.0,0.43,-0.0,,0.0
2025-12-19,127980,6070.0,0.43,0.0,,-0.0
2025-12-22,127980,6010.0,0.43,0.0,,-0.0
2025-12-23,127980,5980.0,0.44,-0.0,,0.0
2025-12-24,127980,6020.0,0.44,0.0,,-0.0
2025-12-26,127980,6080.0,0.44,0.1,,-0.1
2025-12-29,127980,6000.0,0.33,-0.1,,0.1
2025-12-30,127980,6000.0,0.32,0.0,,-0.0
2026-01-02,127980,5900.0,0.32,0.0,,-0.0
2026-01-05,127980,5830.0,0.32,0.1,,-0.1
2026-01-06,127980,5790.0,0.33,-0.1,,0.1
2026-01-07,127980,5730.0,0.32,-0.0,,0.0
2026-01-08,127980,5620.0,0.32,0.0,,-0.0
2026-01-09,127980,5600.0,0.32,-0.0,,0.0
2026-01-12,127980,5680.0,0.32,0.0,,-0.0
2026-01-13,127980,5660.0,0.32,0.0,,-0.0
2026-01-14,127980,5650.0,0.33,-0.0,,0.0
2026-01-15,127980,5630.0,0.33,0.0,,0.0
2026-01-16,127980,5630.0,0.33,-0.0,,0.0
2026-01-19,127980,5540.0,0.33,0.1,,-0.1
2026-01-20,127980,5540.0,0.35,-0.1,,0.1
2026-01-21,127980,5530.0,0.33,-0.0,,0.0
2026-01-22,127980,5480.0,0.33,0.1,,-0.1
2026-01-23,127980,5550.0,0.35,0.0,,-0.0
2026-01-26,127980,5630.0,0.35,0.1,,-0.1
2026-01-27,127980,5560.0,0.36,-0.0,,0.0
2026-01-28,127980,5570.0,0.36,0.0,,-0.0
2026-01-29,127980,5580.0,0.36,0.0,,-0.1
2026-01-30,127980,5510.0,0.36,-0.0,,0.0
2026-02-02,127980,5440.0,0.36,0.0,,-0.0
2026-02-03,127980,5470.0,0.36,-0.1,,0.1
2026-02-04,127980,5440.0,0.35,0.0,,-0.1
2026-02-05,127980,5410.0,0.36,-0.0,,0.0
2026-02-06,127980,5410.0,0.36,-0.0,,0.0
2026-02-09,127980,5420.0,0.35,0.0,,0.0
2026-02-10,127980,5480.0,0.35,0.0,,-0.0
2026-02-11,127980,5440.0,0.36,-0.0,,0.0
2026-02-12,127980,5520.0,0.35,-0.0,,0.0
2026-02-13,127980,5450.0,0.35,-0.0,,0.0
2026-02-19,127980,5290.0,0.35,0.2,,-0.2
2026-02-20,127980,5380.0,0.39,-0.0,,0.0
2026-02-23,127980,5420.0,0.39,0.0,,-0.0
2026-02-24,127980,5380.0,0.39,0.0,,-0.0
2026-02-25,127980,5350.0,0.39,-0.0,,0.0
2026-02-26,127980,5420.0,0.38,-0.0,,0.0
2026-02-27,127980,5300.0,0.38,0.0,,-0.0
2026-03-03,127980,5240.0,0.38,0.0,,-0.1
2026-03-04,127980,4885.0,0.39,-0.2,,0.2
2026-03-05,127980,5060.0,0.35,0.0,,-0.0
2026-03-06,127980,5050.0,0.36,-0.0,,0.0
2026-03-09,127980,4960.0,0.36,-0.0,,0.0
2026-03-10,127980,5100.0,0.35,-0.0,,0.0
2026-03-11,127980,5120.0,0.35,0.0,,-0.0
2026-03-12,127980,5130.0,0.35,0.0,,0.0
2026-03-13,127980,5130.0,0.35,0.0,,-0.0
2026-03-16,127980,5150.0,0.35,-0.0,,0.0
2026-03-17,127980,5180.0,0.35,0.0,,-0.0
2026-03-18,127980,5150.0,0.36,0.0,,0.1
2026-03-19,127980,5020.0,0.36,-0.0,,0.0
2026-03-20,127980,5020.0,0.36,0.0,,-0.0
2026-03-23,127980,5040.0,0.36,-0.0,,0.0
2026-03-24,127980,5170.0,0.36,-0.0,,0.0
2026-03-25,127980,5180.0,0.36,-0.0,,0.0
2026-03-26,127980,5230.0,0.36,-0.0,,0.0
2026-03-27,127980,5150.0,0.35,-0.0,,0.0
2026-03-30,127980,5100.0,0.35,0.0,,-0.0
2026-03-31,127980,5090.0,0.35,0.0,,-0.0
2026-04-01,127980,5090.0,0.35,-0.0,,0.0
2026-04-02,127980,4980.0,0.35,0.0,,-0.0
2026-04-03,127980,5000.0,0.35,-0.0,,0.0
2026-04-06,127980,4985.0,0.35,-0.0,,0.0
2026-04-07,127980,5020.0,0.35,0.0,,-0.0
2026-04-08,127980,5050.0,0.35,-0.0,,0.0
2026-04-09,127980,5000.0,0.35,-0.0,,0.0
2026-04-10,127980,5060.0,0.35,0.0,,-0.0
2026-04-13,127980,5190.0,0.36,-0.0,,0.0
2026-04-14,127980,5200.0,0.35,0.0,,-0.0
2026-04-15,127980,5290.0,0.35,-0.0,,0.0
2026-04-16,127980,5240.0,0.35,0.0,,-0.0
2026-04-17,127980,5250.0,0.35,-0.0,,0.0
2026-04-20,127980,5260.0,0.35,-0.0,,0.0
2026-04-21,127980,6830.0,0.34,-0.5,,0.4
2026-04-22,127980,6460.0,0.29,1.4,,-1.5
2026-04-23,127980,6080.0,0.59,-1.4,,1.5
2026-04-24,127980,6050.0,0.4,-0.6,,0.7
2026-04-27,127980,6000.0,0.37,-0.8,,0.8
2026-04-28,127980,6000.0,0.26,1.3,,-1.4
2026-04-29,127980,6010.0,0.45,0.1,0.0,-0.1
2026-04-30,127980,7010.0,0.46,4.5,0.0,-4.6
2026-05-04,127980,6760.0,1.04,0.2,0.0,-0.7
2026-05-06,127980,7140.0,1.07,1.9,0.0,-1.8
2026-05-07,127980,6570.0,1.3,-0.3,-0.0,0.5
2026-05-08,127980,6560.0,1.26,-0.1,0.0,0.1
2026-05-11,127980,6840.0,1.21,0.0,-0.0,-0.5
2026-05-12,127980,6230.0,1.21,-0.5,0.0,0.3
2026-05-13,127980,6340.0,1.15,0.2,-0.0,-0.2
2026-05-14,127980,6330.0,1.18,0.4,-0.0,-0.5
2026-05-15,127980,5910.0,1.24,-0.4,0.0,0.5
2026-05-18,127980,5700.0,1.18,0.3,-0.0,-0.3
2026-05-19,127980,5470.0,1.22,1.0,0.0,-1.0
2026-05-20,127980,5250.0,1.37,0.1,-0.0,-0.0
2026-05-21,127980,5400.0,1.38,-0.5,-0.0,0.5
2026-05-22,127980,5490.0,1.31,-0.5,-0.0,0.5
2026-05-26,127980,5230.0,1.24,-0.2,0.0,0.2
2026-05-27,127980,5090.0,1.21,0.2,-0.0,-0.3
2026-05-28,127980,5000.0,1.24,-0.2,0.0,0.3
2026-05-29,127980,4700.0,1.21,-0.5,-0.0,0.5
2026-06-01,127980,4615.0,1.13,0.5,-0.0,-0.5
2026-06-02,127980,4360.0,1.22,0.2,-0.0,-0.2
2026-06-04,127980,4025.0,1.26,0.4,0.0,-0.4
2026-06-05,127980,4220.0,1.34,0.0,-0.0,-0.0
2026-06-08,127980,3675.0,1.35,-0.1,0.0,0.1
2026-06-09,127980,3820.0,1.33,0.9,-0.0,-0.9
2026-06-10,127980,3675.0,1.53,0.0,-0.0,0.0
2026-06-11,127980,3745.0,1.53,0.1,-0.0,-0.1
2026-06-12,127980,3910.0,1.56,-0.0,0.0,0.0
2026-06-15,127980,3835.0,1.55,-0.4,-0.0,0.3
2026-06-16,127980,3890.0,1.47,-0.1,-0.0,0.1
2026-06-17,127980,3925.0,1.44,0.0,0.0,-0.0
2026-06-18,127980,3755.0,1.45,-0.1,0.0,0.1
2026-06-19,127980,3770.0,1.42,0.1,-0.0,-0.1
2026-06-22,127980,3575.0,1.45,-0.1,-0.0,0.1
2026-06-23,127980,3225.0,1.41,-0.1,0.0,0.1
2026-06-24,127980,3185.0,1.29,0.1,-0.0,-0.1
2026-06-25,127980,3300.0,1.28,0.1,-0.0,-0.1
2026-06-26,127980,3185.0,1.31,-0.1,0.0,0.1
2026-06-29,127980,3360.0,1.27,0.2,0.0,-0.3
2026-06-30,127980,3270.0,1.34,-0.1,0.0,0.1
2026-07-01,127980,3360.0,1.33,0.0,,-0.0
2026-07-02,127980,3310.0,1.33,-0.0,0.0,0.0
2026-07-03,127980,3280.0,1.32,-0.1,-0.0,0.1
2026-07-06,127980,3260.0,1.31,-0.0,-0.0,0.0
2026-07-07,127980,3205.0,1.31,-0.0,0.0,-0.0
2026-07-08,127980,3110.0,1.31,-0.1,-0.0,0.1
2026-07-09,127980,3060.0,1.29,0.0,-0.0,-0.0
2026-07-10,127980,3265.0,1.29,0.0,-0.0,-0.0
2026-07-13,127980,3040.0,1.29,-0.0,0.0,0.0
2026-07-14,127980,3045.0,1.29,-0.0,0.0,0.0
2026-07-15,127980,3025.0,1.28,0.2,-0.0,-0.2
2026-07-16,127980,3240.0,1.34,0.2,-0.0,-0.2
2025-07-14,128540,1648.0,2.27,-0.0,0.0,0.1
2025-07-15,128540,1644.0,2.27,0.0,-0.0,-0.0
2025-07-16,128540,1637.0,2.27,-0.0,-0.0,0.1
2025-07-17,128540,1637.0,2.26,0.0,0.0,0.0
2025-07-18,128540,1692.0,2.25,0.6,0.0,-0.6
2025-07-21,128540,1718.0,2.38,0.4,0.0,-0.4
2025-07-22,128540,1707.0,2.47,0.0,0.0,-0.0
2025-07-23,128540,1712.0,2.47,-0.1,0.0,0.0
2025-07-24,128540,1669.0,2.46,-0.4,-0.0,0.4
2025-07-25,128540,1692.0,2.37,-0.2,-0.0,0.3
2025-07-28,128540,1702.0,2.32,0.1,-0.0,-0.2
2025-07-29,128540,1712.0,2.35,0.0,0.0,-0.1
2025-07-30,128540,1830.0,2.34,-3.7,-0.0,3.5
2025-07-31,128540,1790.0,1.67,0.7,0.0,-1.0
2025-08-01,128540,1711.0,1.82,1.2,0.0,-1.2
2025-08-04,128540,1945.0,2.08,0.9,0.0,-0.7
2025-08-05,128540,1900.0,2.31,-1.7,-0.0,1.8
2025-08-06,128540,1898.0,1.99,-0.3,0.0,0.4
2025-08-07,128540,1870.0,1.92,-2.0,0.0,1.8
2025-08-08,128540,1855.0,1.54,0.8,0.0,-0.9
2025-08-11,128540,1929.0,1.71,1.4,-0.0,-1.5
2025-08-12,128540,1891.0,1.98,-1.0,0.0,0.9
2025-08-13,128540,1931.0,1.79,0.0,0.0,-0.0
2025-08-14,128540,1920.0,1.79,0.1,-0.0,-0.1
2025-08-18,128540,1885.0,1.81,0.2,0.0,-0.2
2025-08-19,128540,1850.0,1.84,0.4,0.0,-0.4
2025-08-20,128540,1916.0,1.91,0.9,-0.0,-0.8
2025-08-21,128540,1921.0,2.08,1.1,-0.0,-1.1
2025-08-22,128540,1891.0,2.29,0.5,0.0,-0.5
2025-08-25,128540,1890.0,2.4,-0.1,0.0,0.2
2025-08-26,128540,1870.0,2.37,-0.4,0.0,0.4
2025-08-27,128540,1801.0,2.3,-0.3,-0.0,0.3
2025-08-28,128540,1800.0,2.23,0.1,0.0,-0.1
2025-08-29,128540,1819.0,2.26,-0.1,0.0,0.2
2025-09-01,128540,1779.0,2.24,-0.4,0.0,0.3
2025-09-02,128540,1770.0,2.15,0.0,0.0,-0.2
2025-09-03,128540,1773.0,2.16,-0.2,-0.0,0.1
2025-09-04,128540,1840.0,2.12,0.8,0.0,-0.9
2025-09-05,128540,1854.0,2.28,-0.0,-0.0,0.0
2025-09-08,128540,1903.0,2.27,1.1,-0.0,-0.9
2025-09-09,128540,1907.0,2.49,-0.0,0.0,-0.2
2025-09-10,128540,1882.0,2.48,0.1,0.0,-0.2
2025-09-11,128540,1914.0,2.51,0.2,-0.0,-0.2
2025-09-12,128540,1920.0,2.55,0.4,-0.0,-0.4
2025-09-15,128540,1893.0,2.63,-0.4,-0.0,0.1
2025-09-16,128540,1881.0,2.54,-0.6,0.0,0.7
2025-09-17,128540,1881.0,2.45,0.1,0.0,-0.1
2025-09-18,128540,1904.0,2.48,0.9,-0.1,-1.2
2025-09-19,128540,1883.0,2.65,-0.2,0.0,0.2
2025-09-22,128540,1878.0,2.6,-0.4,-0.1,0.6
2025-09-23,128540,1896.0,2.52,-0.1,-0.2,0.3
2025-09-24,128540,1910.0,2.51,0.2,-0.2,0.0
2025-09-25,128540,1881.0,2.54,-0.3,-0.2,0.3
2025-09-26,128540,1813.0,2.49,-0.6,-0.1,0.5
2025-09-29,128540,1803.0,2.37,-0.2,0.0,0.2
2025-09-30,128540,1751.0,2.33,-0.3,-0.1,0.5
2025-10-01,128540,1712.0,2.26,-0.1,-0.0,-0.0
2025-10-02,128540,1699.0,2.25,-0.2,-0.0,0.2
2025-10-10,128540,1665.0,2.21,0.0,-0.2,0.0
2025-10-13,128540,1671.0,2.21,-0.6,-0.0,0.6
2025-10-14,128540,1673.0,2.08,0.3,0.0,-0.3
2025-10-15,128540,1720.0,2.14,0.0,0.0,-0.3
2025-10-16,128540,1691.0,2.15,-0.9,0.0,0.7
2025-10-17,128540,1692.0,1.95,-0.2,-0.0,0.2
2025-10-20,128540,1710.0,1.91,0.1,-0.0,-0.1
2025-10-21,128540,1712.0,1.94,0.3,0.0,-0.4
2025-10-22,128540,1810.0,2.02,1.1,0.0,-1.1
2025-10-23,128540,1773.0,2.24,-0.5,0.0,0.5
2025-10-24,128540,1805.0,2.13,0.6,-0.0,-0.5
2025-10-27,128540,1771.0,2.26,-0.1,0.0,0.1
2025-10-28,128540,1770.0,2.24,-0.1,0.0,0.1
2025-10-29,128540,1766.0,2.21,-0.1,0.0,0.1
2025-10-30,128540,1728.0,2.2,-0.9,0.0,0.9
2025-10-31,128540,1735.0,2.01,0.2,-0.0,-0.2
2025-11-03,128540,1669.0,2.05,-0.9,-0.0,0.8
2025-11-04,128540,1613.0,1.86,-0.2,0.0,0.2
2025-11-05,128540,1596.0,1.81,-0.0,-0.0,-0.1
2025-11-06,128540,1601.0,1.8,-0.3,0.0,0.2
2025-11-07,128540,1554.0,1.74,-0.3,0.0,0.3
2025-11-10,128540,1582.0,1.67,0.3,-0.2,-0.1
2025-11-11,128540,1585.0,1.73,0.0,0.0,-0.0
2025-11-12,128540,1615.0,1.74,0.0,-0.0,-0.0
2025-11-13,128540,1591.0,1.78,0.1,0.1,-0.2
2025-11-14,128540,1600.0,1.78,-0.0,-0.1,0.1
2025-11-17,128540,1616.0,1.78,-1.7,0.0,1.5
2025-11-18,128540,1572.0,1.44,-0.1,0.0,0.1
2025-11-19,128540,1615.0,1.42,0.1,-0.0,-0.0
2025-11-20,128540,1669.0,1.46,0.5,0.0,-0.5
2025-11-21,128540,1643.0,1.57,0.2,0.0,-0.2
2025-11-24,128540,1626.0,1.6,-0.0,-0.0,0.0
2025-11-25,128540,1621.0,1.6,-0.2,-0.0,0.2
2025-11-26,128540,1652.0,1.57,0.0,-0.0,-0.0
2025-11-27,128540,1609.0,1.61,-0.0,0.0,0.0
2025-11-28,128540,1661.0,1.6,0.3,0.0,-0.3
2025-12-01,128540,1731.0,1.66,-0.0,-0.0,0.0
2025-12-02,128540,1760.0,1.66,-0.2,0.0,0.3
2025-12-03,128540,1764.0,1.6,-0.2,0.0,0.1
2025-12-04,128540,1746.0,1.57,-0.1,-0.0,0.2
2025-12-05,128540,1779.0,1.55,0.5,0.0,-0.5
2025-12-08,128540,1780.0,1.64,0.8,0.0,-0.8
2025-12-09,128540,1755.0,1.82,0.2,0.0,-0.2
2025-12-10,128540,1798.0,1.85,-0.2,0.0,0.2
2025-12-11,128540,1785.0,1.82,-0.1,0.0,0.1
2025-12-12,128540,1793.0,1.8,0.1,-0.0,-0.1
2025-12-15,128540,1770.0,1.83,0.2,0.0,-0.2
2025-12-16,128540,1724.0,1.88,0.1,0.0,-0.2
2025-12-17,128540,1758.0,1.9,0.1,0.0,-0.1
2025-12-18,128540,1722.0,1.93,-0.1,-0.0,0.1
2025-12-19,128540,1758.0,1.92,0.1,0.0,-0.1
2025-12-22,128540,1764.0,1.94,0.3,-0.0,-0.3
2025-12-23,128540,1728.0,2.01,-0.1,0.0,0.1
2025-12-24,128540,1728.0,1.99,0.4,-0.0,-0.4
2025-12-26,128540,1726.0,2.07,0.1,-0.0,-0.1
2025-12-29,128540,1777.0,2.1,0.2,,-0.3
2025-12-30,128540,1770.0,2.14,0.2,,-0.2
2026-01-02,128540,1839.0,2.17,0.9,,-0.9
2026-01-05,128540,1830.0,2.37,-0.0,,0.1
2026-01-06,128540,1848.0,2.36,0.3,,-0.3
2026-01-07,128540,1868.0,2.42,0.3,,-0.3
2026-01-08,128540,1770.0,2.47,0.0,,-0.0
2026-01-09,128540,1865.0,2.47,1.3,,-1.2
2026-01-12,128540,1825.0,2.73,0.0,,-0.0
2026-01-13,128540,2370.0,2.73,-4.4,,2.0
2026-01-14,128540,2845.0,2.01,-1.7,0.0,4.1
2026-01-15,128540,2845.0,1.86,-0.5,,4.2
2026-01-16,128540,2685.0,1.83,-1.6,,1.8
2026-01-19,128540,2715.0,1.62,0.2,,1.3
2026-01-20,128540,2765.0,1.64,-2.3,,3.4
2026-01-21,128540,2635.0,1.42,3.2,-0.0,-3.0
2026-01-22,128540,2480.0,1.87,4.0,,-4.0
2026-01-23,128540,2410.0,2.46,1.8,,-1.8
2026-01-26,128540,2375.0,2.85,-1.0,,1.0
2026-01-27,128540,2365.0,2.7,1.0,,-1.0
2026-01-28,128540,2420.0,2.84,-1.1,,1.1
2026-01-29,128540,2490.0,2.68,-0.3,,0.3
2026-01-30,128540,2400.0,2.63,0.0,,-0.1
2026-02-02,128540,2370.0,2.64,1.0,,-0.9
2026-02-03,128540,2425.0,2.8,-0.3,,0.4
2026-02-04,128540,2480.0,2.75,-1.2,0.3,0.9
2026-02-05,128540,2390.0,2.57,-0.4,,0.4
2026-02-06,128540,2350.0,2.51,3.3,,-3.3
2026-02-09,128540,2415.0,3.04,0.6,,-0.9
2026-02-10,128540,2400.0,3.13,-0.3,0.0,0.2
2026-02-11,128540,2400.0,3.08,0.7,,-0.7
2026-02-12,128540,2380.0,3.19,-0.1,,0.1
2026-02-13,128540,2300.0,3.18,-0.3,,0.3
2026-02-19,128540,2260.0,3.13,1.1,,-1.1
2026-02-20,128540,2265.0,3.31,-0.0,,0.0
2026-02-23,128540,2335.0,3.29,0.8,,-0.5
2026-02-24,128540,2415.0,3.42,-0.8,,1.1
2026-02-25,128540,2420.0,3.3,-0.3,,0.2
2026-02-26,128540,2365.0,3.25,0.2,,-0.2
2026-02-27,128540,2135.0,3.31,-0.2,,0.3
2026-03-03,128540,2080.0,3.29,0.7,0.3,-1.1
2026-03-04,128540,1852.0,3.44,0.3,,-0.3
2026-03-05,128540,2010.0,3.52,1.0,,-1.1
2026-03-06,128540,2015.0,3.71,0.2,,-0.2
2026-03-09,128540,1914.0,3.74,0.2,-0.6,0.3
2026-03-10,128540,1923.0,3.79,0.1,,0.1
2026-03-11,128540,1900.0,3.81,-0.2,,0.1
2026-03-12,128540,1899.0,3.77,-0.5,,0.5
2026-03-13,128540,1884.0,3.67,1.1,,-1.2
2026-03-16,128540,1855.0,3.89,0.1,,-0.1
2026-03-17,128540,1870.0,3.91,-0.1,,0.1
2026-03-18,128540,1910.0,3.91,0.3,,-0.3
2026-03-19,128540,1867.0,3.97,-1.0,,1.0
2026-03-20,128540,1924.0,3.77,0.9,,-0.9
2026-03-23,128540,1868.0,3.97,0.2,,-0.2
2026-03-24,128540,1937.0,4.01,0.9,,-0.9
2026-03-25,128540,1921.0,4.18,-0.5,,0.5
2026-03-26,128540,1897.0,4.03,-0.4,,0.4
2026-03-27,128540,1870.0,3.95,-0.1,,0.1
2026-03-30,128540,1847.0,3.94,0.3,-0.0,-0.3
2026-03-31,128540,1785.0,4.01,-0.5,,0.5
2026-04-01,128540,1863.0,3.95,0.4,0.5,-0.8
2026-04-02,128540,1770.0,4.04,-1.2,,1.2
2026-04-03,128540,1774.0,3.78,0.2,,-0.2
2026-04-06,128540,1736.0,3.83,-0.2,-0.5,0.7
2026-04-07,128540,1751.0,3.78,0.0,,-0.0
2026-04-08,128540,1812.0,3.78,0.4,,-0.4
2026-04-09,128540,1794.0,3.86,-0.2,0.0,0.2
2026-04-10,128540,1818.0,3.83,0.4,,-0.4
2026-04-13,128540,1790.0,3.92,-0.1,0.0,0.0
2026-04-14,128540,1838.0,3.9,0.5,,-0.5
2026-04-15,128540,1850.0,4.0,-0.3,,0.3
2026-04-16,128540,1899.0,3.93,0.3,,-0.3
2026-04-17,128540,1887.0,3.99,-0.4,,0.2
2026-04-20,128540,1924.0,3.91,-1.1,,1.1
2026-04-21,128540,1900.0,3.7,-0.1,-0.0,0.2
2026-04-22,128540,1903.0,3.68,0.1,,-0.0
2026-04-23,128540,1890.0,3.69,-0.1,,0.1
2026-04-24,128540,1891.0,3.68,0.2,,-0.1
2026-04-27,128540,1889.0,3.71,-0.1,,0.0
2026-04-28,128540,1872.0,3.69,0.1,,-0.1
2026-04-29,128540,1919.0,3.72,0.4,-0.0,-0.5
2026-04-30,128540,1895.0,3.79,-0.5,-0.0,0.5
2026-05-04,128540,1972.0,3.7,-0.7,-0.0,0.8
2026-05-06,128540,1909.0,3.57,-1.5,0.0,1.4
2026-05-07,128540,1867.0,3.28,-0.5,0.0,0.2
2026-05-08,128540,1913.0,3.19,0.4,0.0,-0.3
2026-05-11,128540,1880.0,3.26,-0.2,-0.0,0.3
2026-05-12,128540,1847.0,3.21,-0.2,-0.0,0.2
2026-05-13,128540,1838.0,3.17,0.3,-0.0,-0.4
2026-05-14,128540,1865.0,3.24,-0.2,0.0,0.2
2026-05-15,128540,1786.0,3.2,0.2,-0.0,-0.2
2026-05-18,128540,1688.0,3.23,1.1,-0.0,-1.1
2026-05-19,128540,1701.0,3.44,0.1,-0.0,-0.1
2026-05-20,128540,1621.0,3.37,-0.3,-0.0,0.3
2026-05-21,128540,1621.0,3.24,0.1,-0.0,-0.1
2026-05-22,128540,1730.0,3.26,0.2,-0.0,-0.2
2026-05-26,128540,1634.0,3.3,-0.5,0.0,0.5
2026-05-27,128540,1552.0,3.17,-0.8,-0.0,0.8
2026-05-28,128540,1534.0,2.99,0.2,0.0,-0.2
2026-05-29,128540,1462.0,3.03,-0.2,-0.0,0.2
2026-06-01,128540,1398.0,2.99,0.0,0.2,-0.2
2026-06-02,128540,1378.0,3.0,0.1,0.0,-0.1
2026-06-04,128540,1414.0,2.99,0.1,-0.0,-0.1
2026-06-05,128540,1416.0,3.01,-0.3,0.0,0.3
2026-06-08,128540,1350.0,2.93,-0.3,-0.0,0.3
2026-06-09,128540,1410.0,2.86,-0.4,-0.0,0.4
2026-06-10,128540,1410.0,2.79,0.3,0.0,-0.4
2026-06-11,128540,1421.0,2.89,-0.0,-0.0,-0.1
2026-06-12,128540,1480.0,2.89,-0.1,-0.0,0.1
2026-06-15,128540,1533.0,2.86,-1.8,0.0,1.7
2026-06-16,128540,1513.0,2.48,0.1,-0.0,-0.2
2026-06-17,128540,1527.0,2.51,0.0,-0.0,-0.1
2026-06-18,128540,1495.0,2.52,0.1,-0.0,0.2
2026-06-19,128540,1448.0,2.54,0.0,0.0,0.0
2026-06-22,128540,1430.0,2.13,0.0,-0.0,0.0
2026-06-23,128540,1322.0,2.13,-0.1,0.0,0.1
2026-06-24,128540,1314.0,2.1,0.0,0.0,-0.0
2026-06-25,128540,1276.0,2.1,-0.3,-0.0,0.3
2026-06-26,128540,1250.0,2.01,0.0,-0.0,-0.0
2026-06-29,128540,1360.0,2.02,-0.2,-0.0,0.1
2026-06-30,128540,1398.0,1.99,0.1,-0.0,-0.0
2026-07-01,128540,1396.0,2.01,0.1,-0.2,0.2
2026-07-02,128540,1362.0,2.02,0.6,0.0,-0.7
2026-07-03,128540,1324.0,2.19,0.1,0.0,-0.1
2026-07-06,128540,1325.0,2.21,0.1,0.0,-0.1
2026-07-07,128540,1341.0,2.24,0.0,-0.0,-0.0
2026-07-08,128540,1308.0,2.24,0.2,-0.0,-0.2
2026-07-09,128540,1278.0,2.3,-0.1,0.0,0.1
2026-07-10,128540,1356.0,2.28,0.1,0.0,-0.1
2026-07-13,128540,1279.0,2.31,-0.0,0.0,0.1
2026-07-14,128540,1252.0,2.3,0.2,-0.0,-0.2
2026-07-15,128540,1299.0,2.36,0.2,-0.0,-0.2
2026-07-16,128540,1307.0,2.4,0.1,0.0,-0.1
2025-07-14,128660,3060.0,1.45,-0.1,,0.1
2025-07-15,128660,3090.0,1.43,0.2,,-0.2
2025-07-16,128660,3085.0,1.46,-0.0,,0.0
2025-07-17,128660,3085.0,1.46,0.5,,-0.5
2025-07-18,128660,3140.0,1.52,-0.5,,0.4
2025-07-21,128660,3155.0,1.46,-0.3,,0.3
2025-07-22,128660,3170.0,1.42,-0.7,,0.7
2025-07-23,128660,3160.0,1.33,-0.1,,0.1
2025-07-24,128660,3150.0,1.31,-0.1,,0.1
2025-07-25,128660,3120.0,1.3,0.1,,-0.1
2025-07-28,128660,3135.0,1.31,0.2,,-0.2
2025-07-29,128660,3150.0,1.34,-0.2,,0.2
2025-07-30,128660,3125.0,1.32,0.2,,-0.2
2025-07-31,128660,3115.0,1.34,-0.1,,0.1
2025-08-01,128660,3010.0,1.34,-0.7,,0.7
2025-08-04,128660,3025.0,1.24,0.5,,-0.5
2025-08-05,128660,3030.0,1.3,0.1,,-0.1
2025-08-06,128660,3045.0,1.32,-0.1,,0.1
2025-08-07,128660,3045.0,1.3,-0.4,,0.4
2025-08-08,128660,3040.0,1.25,-0.0,,0.0
2025-08-11,128660,3050.0,1.24,0.0,0.1,-0.1
2025-08-12,128660,3065.0,1.25,0.1,0.0,-0.2
2025-08-13,128660,3065.0,1.27,0.0,0.0,-0.0
2025-08-14,128660,3060.0,1.27,0.0,0.0,-0.0
2025-08-18,128660,2985.0,1.27,-0.6,0.2,0.4
2025-08-19,128660,3000.0,1.22,-0.3,0.1,0.2
2025-08-20,128660,2960.0,1.14,-0.2,0.0,0.2
2025-08-21,128660,2955.0,1.12,-0.1,0.0,0.1
2025-08-22,128660,2965.0,1.1,-0.3,0.0,0.3
2025-08-25,128660,2965.0,1.07,-0.1,0.0,0.1
2025-08-26,128660,2955.0,1.08,-0.2,0.0,0.2
2025-08-27,128660,2930.0,1.06,-0.1,,0.1
2025-08-28,128660,2945.0,1.05,-0.2,,0.1
2025-08-29,128660,2925.0,1.03,-0.4,,0.4
2025-09-01,128660,2870.0,0.99,-0.2,,0.2
2025-09-02,128660,2885.0,0.92,-0.0,,0.1
2025-09-03,128660,2885.0,0.93,-0.0,,0.0
2025-09-04,128660,2930.0,0.92,-0.1,,0.1
2025-09-05,128660,2920.0,0.9,-0.2,,0.3
2025-09-08,128660,2920.0,0.88,-0.2,,0.2
2025-09-09,128660,2930.0,0.86,-0.0,,0.1
2025-09-10,128660,2930.0,1.17,-0.1,,0.1
2025-09-11,128660,2915.0,1.15,-0.1,,0.1
2025-09-12,128660,2915.0,1.14,-0.2,,0.2
2025-09-15,128660,2905.0,1.12,-0.1,,0.1
2025-09-16,128660,2875.0,1.11,-0.2,,0.3
2025-09-17,128660,2845.0,1.08,-0.3,,0.2
2025-09-18,128660,2910.0,1.04,-0.3,,0.2
2025-09-19,128660,2900.0,1.0,-0.3,,0.3
2025-09-22,128660,2860.0,0.96,-0.4,,0.4
2025-09-23,128660,2835.0,0.9,-0.6,,0.8
2025-09-24,128660,2845.0,0.82,-0.3,,0.3
2025-09-25,128660,2840.0,0.78,-0.3,,0.3
2025-09-26,128660,2840.0,0.75,-0.1,0.0,0.2
2025-09-29,128660,2840.0,0.73,-0.1,-0.0,0.1
2025-09-30,128660,2820.0,0.71,-0.2,0.0,0.2
2025-10-01,128660,2820.0,0.68,-0.0,0.0,0.0
2025-10-02,128660,2805.0,0.68,0.6,-0.9,0.3
2025-10-10,128660,2755.0,0.77,-0.5,0.0,0.5
2025-10-13,128660,2755.0,0.7,0.0,-0.0,-0.0
2025-10-14,128660,2770.0,0.7,0.1,-0.1,-0.1
2025-10-15,128660,2820.0,0.71,0.3,-0.0,-0.3
2025-10-16,128660,2805.0,0.75,0.1,-0.5,0.4
2025-10-17,128660,2820.0,0.79,0.1,,-0.1
2025-10-20,128660,2780.0,0.81,-0.1,,0.1
2025-10-21,128660,2760.0,0.9,-0.1,,0.0
2025-10-22,128660,2735.0,0.88,-0.4,,0.4
2025-10-23,128660,2745.0,0.87,-0.0,,0.0
2025-10-24,128660,2740.0,0.85,-0.1,,0.1
2025-10-27,128660,2745.0,0.83,-0.0,,0.0
2025-10-28,128660,2745.0,0.83,-0.1,,0.1
2025-10-29,128660,2725.0,0.81,-0.2,,0.2
2025-10-30,128660,2700.0,0.78,0.2,,-0.2
2025-10-31,128660,2705.0,0.81,-0.2,,0.2
2025-11-03,128660,2710.0,0.82,-0.2,,0.2
2025-11-04,128660,2670.0,0.79,-0.3,,0.3
2025-11-05,128660,2660.0,0.79,0.2,,-0.2
2025-11-06,128660,2655.0,0.78,-0.2,,0.2
2025-11-07,128660,2635.0,0.76,-0.0,,0.0
2025-11-10,128660,2650.0,0.75,-0.0,,-0.0
2025-11-11,128660,2650.0,0.75,-0.0,,0.0
2025-11-12,128660,2705.0,0.74,0.1,,-0.1
2025-11-13,128660,2735.0,0.75,-0.0,,0.0
2025-11-14,128660,2725.0,0.75,0.0,,-0.1
2025-11-17,128660,2720.0,0.75,-0.1,,0.1
2025-11-18,128660,2680.0,0.74,-0.1,,-0.0
2025-11-19,128660,2675.0,0.73,-0.0,,0.1
2025-11-20,128660,2695.0,0.72,0.1,,-0.1
2025-11-21,128660,2660.0,0.74,-0.0,,0.0
2025-11-24,128660,2665.0,0.73,0.0,,-0.0
2025-11-25,128660,2680.0,0.73,-0.1,,0.1
2025-11-26,128660,2695.0,0.72,0.1,,-0.1
2025-11-27,128660,2735.0,0.73,0.1,,-0.1
2025-11-28,128660,2745.0,0.75,0.1,,-0.1
2025-12-01,128660,2765.0,0.76,0.1,,-0.1
2025-12-02,128660,2810.0,0.82,0.2,,-0.2
2025-12-03,128660,2810.0,0.85,0.0,,-0.0
2025-12-04,128660,2815.0,0.89,-0.0,,-0.1
2025-12-05,128660,2805.0,0.87,-0.0,,-0.1
2025-12-08,128660,2795.0,0.84,0.1,,-0.2
2025-12-09,128660,2795.0,0.85,0.0,,0.0
2025-12-10,128660,2790.0,0.85,-0.0,,-0.1
2025-12-11,128660,2800.0,0.85,0.1,,-0.2
2025-12-12,128660,2815.0,0.86,0.1,,-0.1
2025-12-15,128660,2860.0,0.87,0.1,,-0.3
2025-12-16,128660,2830.0,0.89,0.0,,-0.1
2025-12-17,128660,2830.0,0.89,0.0,,-0.0
2025-12-18,128660,2820.0,0.9,0.0,,-0.0
2025-12-19,128660,2865.0,0.9,0.2,,-0.2
2025-12-22,128660,2875.0,0.93,0.1,,-0.1
2025-12-23,128660,2865.0,0.98,0.0,,-0.1
2025-12-24,128660,2840.0,0.6,0.1,,-0.1
2025-12-26,128660,2900.0,0.65,0.2,,-0.3
2025-12-29,128660,2835.0,0.66,0.4,,-0.4
2025-12-30,128660,2790.0,0.69,0.1,,-0.1
2026-01-02,128660,2795.0,0.7,-0.1,0.0,0.1
2026-01-05,128660,2795.0,0.69,-0.2,-0.0,0.3
2026-01-06,128660,2945.0,0.7,-0.0,1.3,-1.2
2026-01-07,128660,2905.0,0.87,-1.1,-1.3,2.4
2026-01-08,128660,2820.0,0.72,-0.3,-0.0,0.4
2026-01-09,128660,2765.0,0.68,0.3,0.2,-0.5
2026-01-12,128660,2915.0,0.72,0.4,1.6,-2.0
2026-01-13,128660,2920.0,0.78,-0.0,-0.2,0.2
2026-01-14,128660,2920.0,0.84,1.3,-0.3,-1.0
2026-01-15,128660,2985.0,1.02,-0.5,-0.5,0.8
2026-01-16,128660,2980.0,0.96,-2.3,-0.8,3.0
2026-01-19,128660,3060.0,0.64,0.9,0.3,-1.3
2026-01-20,128660,3070.0,0.78,-0.2,-0.3,0.5
2026-01-21,128660,3015.0,0.76,-0.1,0.1,-0.1
2026-01-22,128660,3010.0,0.75,0.4,-0.2,-0.1
2026-01-23,128660,3000.0,0.8,0.2,-0.2,-0.0
2026-01-26,128660,3025.0,0.83,0.7,0.2,-0.9
2026-01-27,128660,3005.0,0.92,-0.1,-0.0,0.1
2026-01-28,128660,3000.0,0.9,0.2,-0.0,-0.2
2026-01-29,128660,2990.0,0.93,0.8,0.3,-1.1
2026-01-30,128660,3015.0,1.04,-0.4,0.0,0.3
2026-02-02,128660,2970.0,0.99,-0.4,-0.5,0.9
2026-02-03,128660,2990.0,0.95,-0.4,0.0,0.1
2026-02-04,128660,3085.0,0.89,0.2,0.2,-0.4
2026-02-05,128660,3100.0,0.91,0.7,2.1,-2.2
2026-02-06,128660,3310.0,0.99,0.1,-0.1,0.1
2026-02-09,128660,3265.0,1.0,0.1,-0.0,-0.1
2026-02-10,128660,3235.0,1.02,0.5,-0.1,-0.4
2026-02-11,128660,3180.0,1.09,0.3,0.4,-0.7
2026-02-12,128660,3165.0,1.12,0.7,-0.0,-0.7
2026-02-13,128660,3170.0,1.22,-0.9,-0.4,1.2
2026-02-19,128660,3290.0,1.1,4.1,-0.8,-3.4
2026-02-20,128660,3210.0,1.61,-2.1,-0.6,2.7
2026-02-23,128660,3205.0,1.34,0.4,-0.5,0.2
2026-02-24,128660,3200.0,1.38,-0.0,0.0,0.1
2026-02-25,128660,3285.0,1.34,-0.9,-0.1,0.9
2026-02-26,128660,3205.0,1.23,-0.7,-0.0,0.8
2026-02-27,128660,3155.0,1.15,0.1,0.0,-0.1
2026-03-03,128660,3060.0,1.16,0.5,0.0,-0.5
2026-03-04,128660,2950.0,1.22,2.0,0.4,-2.7
2026-03-05,128660,3295.0,1.49,-0.3,0.7,-0.1
2026-03-06,128660,3285.0,1.49,-0.5,-1.1,1.6
2026-03-09,128660,3265.0,1.44,-0.4,0.2,0.0
2026-03-10,128660,3220.0,1.43,-1.0,-0.1,1.1
2026-03-11,128660,3305.0,1.45,3.0,0.0,-3.0
2026-03-12,128660,3315.0,1.8,0.3,-0.2,-0.2
2026-03-13,128660,3325.0,1.82,-2.1,-0.1,2.0
2026-03-16,128660,3255.0,1.59,-2.3,0.3,2.0
2026-03-17,128660,3315.0,1.13,0.5,0.0,-0.6
2026-03-18,128660,3250.0,1.2,-0.3,-0.2,0.5
2026-03-19,128660,3200.0,1.16,0.1,0.0,-0.1
2026-03-20,128660,3290.0,1.17,0.8,-0.0,-0.8
2026-03-23,128660,3200.0,1.27,-0.2,0.6,-0.4
2026-03-24,128660,3285.0,1.24,0.7,0.2,-0.9
2026-03-25,128660,3175.0,1.31,-1.8,-0.9,2.7
2026-03-26,128660,3120.0,1.08,-0.4,0.0,0.3
2026-03-27,128660,3100.0,1.03,0.1,0.6,-0.7
2026-03-30,128660,3075.0,1.05,-0.3,0.1,0.2
2026-03-31,128660,3630.0,1.01,11.1,-0.3,-10.5
2026-04-01,128660,3325.0,2.26,3.1,4.1,-7.0
2026-04-02,128660,3210.0,2.64,-2.4,-2.9,5.3
2026-04-03,128660,3350.0,2.4,10.8,0.7,-11.8
2026-04-06,128660,3510.0,3.87,-10.0,-2.4,12.4
2026-04-07,128660,3380.0,2.8,5.4,-0.2,-5.0
2026-04-08,128660,3450.0,3.48,1.0,-0.1,-0.8
2026-04-09,128660,3445.0,3.6,-1.3,-0.0,1.3
2026-04-10,128660,3545.0,3.47,3.0,0.3,-3.5
2026-04-13,128660,3975.0,3.83,-7.4,0.4,7.3
2026-04-14,128660,3810.0,3.13,-1.2,-0.7,2.0
2026-04-15,128660,3725.0,3.01,1.3,-0.0,-1.3
2026-04-16,128660,3610.0,3.21,0.1,-0.0,-0.3
2026-04-17,128660,3685.0,3.13,-0.2,0.0,0.1
2026-04-20,128660,3615.0,3.1,0.2,-0.0,0.0
2026-04-21,128660,3530.0,3.01,-0.3,0.2,0.1
2026-04-22,128660,3530.0,2.96,-4.5,0.2,4.5
2026-04-23,128660,3570.0,2.46,0.7,-0.2,-0.3
2026-04-24,128660,3610.0,2.55,3.3,-0.1,-3.5
2026-04-27,128660,3600.0,2.93,0.5,-0.0,-0.7
2026-04-28,128660,3660.0,2.99,-2.6,0.3,2.3
2026-04-29,128660,3645.0,2.8,1.2,-0.1,-1.1
2026-04-30,128660,3615.0,2.94,-1.0,-0.2,1.4
2026-05-04,128660,3715.0,2.83,-0.9,-0.0,1.1
2026-05-06,128660,3620.0,2.75,-1.5,0.0,1.8
2026-05-07,128660,3520.0,2.59,0.6,0.3,-1.0
2026-05-08,128660,3520.0,2.66,1.1,-0.1,-0.9
2026-05-11,128660,3470.0,2.78,0.7,-0.0,-0.7
2026-05-12,128660,3380.0,2.86,0.3,0.4,-0.7
2026-05-13,128660,3305.0,2.77,1.5,-0.5,-1.1
2026-05-14,128660,3340.0,2.94,-2.1,0.2,1.6
2026-05-15,128660,3310.0,2.72,2.6,-0.2,-2.1
2026-05-18,128660,3250.0,3.05,1.0,0.2,-1.0
2026-05-19,128660,3225.0,3.18,0.7,-0.1,-0.5
2026-05-20,128660,3100.0,3.28,0.7,-0.1,-0.4
2026-05-21,128660,3110.0,3.37,-0.1,0.2,-0.1
2026-05-22,128660,3220.0,3.35,-0.4,-0.0,0.4
2026-05-26,128660,3135.0,3.31,-0.9,-0.2,1.1
2026-05-27,128660,3085.0,3.16,0.6,0.0,-0.6
2026-05-28,128660,3130.0,3.24,-0.6,-0.0,0.6
2026-05-29,128660,3065.0,3.16,-0.9,0.0,0.5
2026-06-01,128660,3105.0,3.05,0.1,-0.0,-0.0
2026-06-02,128660,3020.0,3.07,0.2,0.0,-0.2
2026-06-04,128660,3000.0,3.1,-0.7,-0.0,0.7
2026-06-05,128660,2970.0,2.86,-0.1,0.0,0.1
2026-06-08,128660,2785.0,2.92,-0.3,0.0,0.3
2026-06-09,128660,2910.0,2.92,-0.4,0.1,0.3
2026-06-10,128660,2850.0,2.84,0.2,-0.1,-0.1
2026-06-11,128660,2800.0,2.87,-0.5,0.0,0.4
2026-06-12,128660,2865.0,2.82,-0.2,0.2,0.1
2026-06-15,128660,2880.0,2.79,-1.0,-0.2,1.2
2026-06-16,128660,2835.0,2.66,0.2,0.0,-0.2
2026-06-17,128660,2860.0,2.64,-0.3,-0.0,0.3
2026-06-18,128660,2815.0,2.64,-0.4,0.0,0.3
2026-06-19,128660,2760.0,2.58,-0.3,-0.0,0.3
2026-06-22,128660,2755.0,2.54,0.3,0.1,-0.4
2026-06-23,128660,2620.0,2.58,-0.6,-0.1,0.7
2026-06-24,128660,2705.0,2.51,-0.7,0.1,0.6
2026-06-25,128660,2705.0,2.41,-0.7,-0.1,0.7
2026-06-26,128660,2640.0,2.33,0.2,0.2,-0.4
2026-06-29,128660,2775.0,2.38,0.3,-0.0,-0.3
2026-06-30,128660,2745.0,2.44,-0.7,-0.1,0.8
2026-07-01,128660,2810.0,2.33,0.1,-0.1,-0.0
2026-07-02,128660,2730.0,2.35,-0.1,0.0,0.1
2026-07-03,128660,2795.0,2.33,0.2,-0.0,-0.1
2026-07-06,128660,2800.0,2.36,0.0,0.0,-0.1
2026-07-07,128660,2775.0,2.36,0.4,-0.0,-0.4
2026-07-08,128660,2700.0,2.42,-0.1,0.0,0.1
2026-07-09,128660,2690.0,2.41,-0.1,0.0,0.1
2026-07-10,128660,2755.0,2.39,0.5,-0.0,-0.5
2026-07-13,128660,2670.0,2.46,-0.1,0.0,-0.0
2026-07-14,128660,2670.0,2.92,0.1,-0.0,-0.0
2026-07-15,128660,2715.0,2.91,-0.1,0.0,-0.0
2026-07-16,128660,2740.0,2.89,0.5,-0.0,-0.5
2025-07-14,128820,5960.0,3.32,-1.7,0.0,1.9
2025-07-15,128820,5480.0,3.26,1.4,1.4,-3.3
2025-07-16,128820,5200.0,3.31,4.3,-1.1,-2.7
2025-07-17,128820,5070.0,3.49,1.0,-0.8,0.3
2025-07-18,128820,4950.0,3.54,-0.2,0.5,-0.8
2025-07-21,128820,4945.0,3.54,-3.0,0.0,3.0
2025-07-22,128820,4965.0,3.41,-3.3,-0.4,3.5
2025-07-23,128820,4915.0,3.26,-5.2,-0.1,5.1
2025-07-24,128820,4610.0,3.03,-1.3,1.0,0.2
2025-07-25,128820,4645.0,2.97,-0.8,0.0,0.8
2025-07-28,128820,4510.0,2.93,1.4,0.3,-1.8
2025-07-29,128820,4510.0,3.0,-1.1,0.2,0.7
2025-07-30,128820,4445.0,2.95,0.1,-0.0,-0.4
2025-07-31,128820,4475.0,2.95,-0.1,0.1,0.1
2025-08-01,128820,4325.0,2.96,2.9,-0.2,-2.7
2025-08-04,128820,4375.0,3.11,-0.3,0.0,0.3
2025-08-05,128820,4430.0,3.1,0.1,0.0,-0.2
2025-08-06,128820,4500.0,3.11,0.2,-0.0,-0.2
2025-08-07,128820,4450.0,3.12,-0.8,-0.0,0.7
2025-08-08,128820,4240.0,3.08,-1.6,0.0,1.4
2025-08-11,128820,4300.0,3.0,-7.5,0.4,6.9
2025-08-12,128820,4330.0,2.65,2.3,0.0,-2.5
2025-08-13,128820,4345.0,2.76,0.0,0.0,-0.1
2025-08-14,128820,4335.0,2.76,-1.0,0.0,1.0
2025-08-18,128820,4000.0,2.71,0.4,0.7,-1.1
2025-08-19,128820,4000.0,2.77,1.9,0.0,-1.9
2025-08-20,128820,4030.0,2.85,2.8,0.1,-2.8
2025-08-21,128820,4040.0,3.0,-0.6,0.0,0.6
2025-08-22,128820,3995.0,2.97,-0.2,-1.2,1.4
2025-08-25,128820,4075.0,2.96,1.4,-0.1,-1.4
2025-08-26,128820,4055.0,3.03,-0.3,-0.0,0.3
2025-08-27,128820,4030.0,3.02,-0.7,0.0,0.7
2025-08-28,128820,4085.0,2.98,0.5,-0.0,-0.5
2025-08-29,128820,4125.0,3.01,-0.5,0.0,0.5
2025-09-01,128820,4055.0,2.98,-1.6,0.0,1.6
2025-09-02,128820,3995.0,2.89,-1.1,0.0,1.1
2025-09-03,128820,3980.0,2.83,0.3,0.0,-0.7
2025-09-04,128820,4005.0,2.85,0.9,-0.0,-1.3
2025-09-05,128820,4030.0,2.9,-0.9,-0.0,0.7
2025-09-08,128820,4025.0,2.85,0.3,-0.1,-0.3
2025-09-09,128820,4045.0,2.86,0.8,-0.2,-0.3
2025-09-10,128820,4225.0,2.9,0.3,-0.3,-0.1
2025-09-11,128820,4485.0,2.92,-0.1,-0.1,0.1
2025-09-12,128820,4515.0,2.92,-0.6,-0.1,0.7
2025-09-15,128820,4490.0,2.89,-0.2,-0.1,0.3
2025-09-16,128820,4670.0,2.88,-10.4,0.1,8.0
2025-09-17,128820,4595.0,2.39,-4.4,0.0,4.4
2025-09-18,128820,4575.0,2.18,0.8,-0.2,-0.3
2025-09-19,128820,4525.0,2.22,1.0,-0.1,-0.8
2025-09-22,128820,4435.0,2.26,0.3,-0.1,-0.2
2025-09-23,128820,4370.0,2.28,0.8,-0.1,-0.5
2025-09-24,128820,4415.0,2.32,-0.2,-0.2,0.3
2025-09-25,128820,4255.0,2.31,0.1,-0.2,-0.5
2025-09-26,128820,4335.0,2.32,0.0,-0.1,0.4
2025-09-29,128820,4245.0,2.32,-1.2,-0.1,1.1
2025-09-30,128820,4270.0,2.26,-0.5,-0.1,0.7
2025-10-01,128820,4505.0,2.23,-2.3,-0.1,2.1
2025-10-02,128820,4410.0,2.14,-1.4,-0.2,1.9
2025-10-10,128820,4185.0,2.07,-0.2,-0.0,0.3
2025-10-13,128820,4135.0,2.06,1.2,0.1,-1.3
2025-10-14,128820,4120.0,2.1,-0.2,-1.6,1.8
2025-10-15,128820,4180.0,2.09,0.2,0.0,-0.3
2025-10-16,128820,4180.0,2.11,-0.3,0.1,0.2
2025-10-17,128820,4145.0,2.09,-0.0,-0.0,0.0
2025-10-20,128820,4170.0,2.09,-0.6,0.0,0.5
2025-10-21,128820,4120.0,2.06,-0.2,0.0,0.3
2025-10-22,128820,4170.0,2.05,0.5,-0.0,-0.6
2025-10-23,128820,4145.0,2.08,0.6,-0.0,1.2
2025-10-24,128820,4185.0,2.11,-0.0,-0.0,0.2
2025-10-27,128820,4185.0,2.11,1.0,0.0,-0.9
2025-10-28,128820,4280.0,2.16,0.4,0.0,-0.4
2025-10-29,128820,4210.0,2.18,-0.6,-0.0,1.0
2025-10-30,128820,4150.0,2.15,1.1,0.0,0.0
2025-10-31,128820,4005.0,2.21,-0.4,-0.0,0.1
2025-11-03,128820,4005.0,2.2,-0.6,-0.0,0.3
2025-11-04,128820,3905.0,2.16,4.3,0.1,-4.8
2025-11-05,128820,3965.0,2.41,2.5,0.1,-2.8
2025-11-06,128820,4010.0,2.55,-0.4,0.0,0.1
2025-11-07,128820,3920.0,2.53,1.6,-2.5,0.8
2025-11-10,128820,4185.0,2.62,3.0,0.1,-2.8
2025-11-11,128820,4375.0,2.71,3.9,0.2,-4.1
2025-11-12,128820,4485.0,2.9,1.7,0.1,-1.9
2025-11-13,128820,4480.0,2.99,1.7,-0.0,-1.7
2025-11-14,128820,4320.0,3.07,1.4,0.0,-1.4
2025-11-17,128820,4325.0,3.14,-0.4,0.0,0.4
2025-11-18,128820,4320.0,3.13,0.7,0.0,-0.4
2025-11-19,128820,4455.0,3.48,-3.5,0.5,3.0
2025-11-20,128820,4705.0,3.3,3.5,0.4,-4.2
2025-11-21,128820,4190.0,3.47,-7.0,-0.1,6.9
2025-11-24,128820,4120.0,3.12,-1.6,0.0,1.8
2025-11-25,128820,4705.0,3.03,-22.0,0.1,22.0
2025-11-26,128820,4710.0,2.01,-13.3,-0.1,15.2
2025-11-27,128820,4515.0,1.44,-7.4,1.0,6.4
2025-11-28,128820,4440.0,1.2,-1.2,0.0,1.3
2025-12-01,128820,4380.0,1.21,0.2,0.1,-0.2
2025-12-02,128820,4795.0,1.22,15.0,-0.2,-14.7
2025-12-03,128820,6230.0,1.94,-4.7,0.0,6.1
2025-12-04,128820,5430.0,1.81,-7.5,0.1,8.2
2025-12-05,128820,5540.0,1.61,-10.0,-0.0,10.9
2025-12-08,128820,5140.0,1.22,7.0,0.9,-7.8
2025-12-09,128820,5130.0,1.5,-12.2,0.0,11.4
2025-12-10,128820,5940.0,0.99,-1.4,0.6,0.2
2025-12-11,128820,7720.0,1.01,-7.3,-2.2,12.0
2025-12-12,128820,8100.0,0.85,16.8,-3.8,-12.4
2025-12-15,128820,7790.0,1.42,7.6,-0.1,-7.0
2025-12-16,128820,8030.0,1.62,-0.2,-0.1,-7.3
2025-12-17,128820,10430.0,1.55,-1.2,-0.1,-16.4
2025-12-18,128820,11810.0,1.51,7.1,-0.8,-7.3
2025-12-19,128820,10550.0,1.64,4.3,-0.2,-14.7
2025-12-22,128820,10900.0,1.67,-0.1,0.0,-0.7
2025-12-23,128820,9810.0,1.43,-17.8,-0.0,15.5
2025-12-24,128820,8250.0,1.07,-4.0,0.0,1.7
2025-12-26,128820,7960.0,0.99,5.3,0.0,-9.7
2025-12-29,128820,7680.0,1.14,8.6,0.0,-9.7
2025-12-30,128820,7180.0,1.39,0.1,-0.0,-1.8
2026-01-02,128820,7280.0,1.4,0.8,-0.0,-2.4
2026-01-05,128820,7080.0,1.43,5.3,-0.0,-6.1
2026-01-06,128820,6920.0,1.59,1.6,-0.0,-3.4
2026-01-07,128820,6660.0,1.65,7.0,0.1,-5.8
2026-01-08,128820,6500.0,1.88,-1.7,0.0,0.8
2026-01-09,128820,6450.0,1.83,-5.5,-0.0,1.7
2026-01-12,128820,6480.0,1.67,1.8,0.0,-1.8
2026-01-13,128820,6200.0,1.89,8.9,0.0,-9.9
2026-01-14,128820,7230.0,2.27,-32.4,-0.0,33.8
2026-01-15,128820,6390.0,1.26,-7.6,0.0,8.7
2026-01-16,128820,6520.0,1.03,13.3,-0.0,-13.0
2026-01-19,128820,6310.0,1.48,-1.0,-0.0,0.6
2026-01-20,128820,6330.0,1.46,-3.8,-0.0,3.5
2026-01-21,128820,5960.0,1.34,-6.3,0.0,6.7
2026-01-22,128820,5880.0,1.12,5.2,-0.0,-5.4
2026-01-23,128820,6200.0,1.32,10.4,0.0,-10.9
2026-01-26,128820,6100.0,1.69,2.3,0.0,-2.4
2026-01-27,128820,6310.0,1.78,-4.4,-0.0,4.3
2026-01-28,128820,6500.0,1.48,1.2,-0.0,-2.6
2026-01-29,128820,6690.0,1.5,-2.7,-0.0,2.3
2026-01-30,128820,7350.0,1.42,-3.1,-0.1,2.8
2026-02-02,128820,8350.0,1.35,-25.9,-0.5,27.8
2026-02-03,128820,8650.0,0.76,21.8,-0.0,-21.7
2026-02-04,128820,11240.0,1.44,22.0,-0.6,-15.6
2026-02-05,128820,9800.0,1.93,-14.4,0.0,14.3
2026-02-06,128820,8430.0,1.66,-9.4,-0.1,9.0
2026-02-09,128820,8560.0,1.34,12.5,6.0,-18.7
2026-02-10,128820,8800.0,1.56,-4.3,-0.1,4.2
2026-02-11,128820,8560.0,1.46,7.6,1.4,-8.9
2026-02-12,128820,8620.0,1.66,3.8,-0.0,-4.0
2026-02-13,128820,8390.0,1.76,-0.6,0.1,0.2
2026-02-19,128820,8500.0,1.79,8.7,-0.0,-8.7
2026-02-20,128820,8850.0,2.09,-27.0,0.0,26.8
2026-02-23,128820,9530.0,1.44,4.2,0.0,-4.9
2026-02-24,128820,9250.0,1.59,-5.2,0.7,5.3
2026-02-25,128820,8960.0,1.36,-4.9,0.3,4.5
2026-02-26,128820,8750.0,1.31,8.2,0.8,-10.1
2026-02-27,128820,8420.0,1.54,-28.8,0.0,25.6
2026-03-03,128820,10870.0,0.82,3.8,-0.5,-0.5
2026-03-04,128820,9130.0,0.93,38.1,0.1,-8.9
2026-03-05,128820,9200.0,1.87,12.9,-0.0,-11.8
2026-03-06,128820,8430.0,2.11,-31.6,0.9,33.6
2026-03-09,128820,8470.0,1.18,4.2,0.0,-2.1
2026-03-10,128820,8140.0,1.26,2.5,0.1,-2.9
2026-03-11,128820,8520.0,1.3,26.5,-0.0,-26.0
2026-03-12,128820,8340.0,1.97,-7.4,0.2,7.5
2026-03-13,128820,8140.0,1.77,-10.4,0.0,10.4
2026-03-16,128820,7880.0,1.55,4.5,-0.3,-4.2
2026-03-17,128820,7960.0,1.67,-0.9,-0.0,0.1
2026-03-18,128820,7360.0,1.65,-13.5,-3.7,17.3
2026-03-19,128820,7410.0,1.26,-11.7,-1.2,12.7
2026-03-20,128820,7550.0,0.91,12.3,-0.7,-11.5
2026-03-23,128820,7080.0,1.29,-1.8,0.0,0.9
2026-03-24,128820,7140.0,1.25,8.9,-0.0,-8.7
2026-03-25,128820,7280.0,1.52,0.9,-0.0,-0.8
2026-03-26,128820,7130.0,1.55,-1.8,0.0,1.7
2026-03-27,128820,7040.0,1.48,5.0,-2.1,-2.5
2026-03-30,128820,6640.0,1.57,-3.9,-0.0,4.2
2026-03-31,128820,6630.0,1.45,-17.8,-0.0,17.6
2026-04-01,128820,6900.0,0.92,8.6,0.0,-8.3
2026-04-02,128820,6450.0,1.21,2.6,-0.0,-2.8
2026-04-03,128820,6650.0,1.29,6.1,-0.0,-6.0
2026-04-06,128820,6510.0,1.5,-1.1,-0.0,0.8
2026-04-07,128820,6460.0,1.46,2.6,-0.0,-2.6
2026-04-08,128820,6990.0,1.44,9.1,-0.0,-9.4
2026-04-09,128820,6890.0,1.75,-2.4,0.0,1.8
2026-04-10,128820,7040.0,1.67,0.5,-0.0,-0.7
2026-04-13,128820,7300.0,1.69,-3.0,-0.0,3.3
2026-04-14,128820,7320.0,1.6,-3.2,-0.0,3.3
2026-04-15,128820,7210.0,1.52,-1.2,-0.0,1.0
2026-04-16,128820,7220.0,1.51,3.3,-0.0,-4.1
2026-04-17,128820,7180.0,1.64,1.2,-0.2,-0.6
2026-04-20,128820,7070.0,1.67,3.4,-0.2,-3.0
2026-04-21,128820,7050.0,1.79,-0.5,-0.0,0.2
2026-04-22,128820,6940.0,1.77,0.5,-0.0,-0.0
2026-04-23,128820,6940.0,1.79,1.0,-0.0,-1.4
2026-04-24,128820,7060.0,1.89,2.7,0.0,-2.8
2026-04-27,128820,7200.0,1.98,-1.1,-0.0,1.2
2026-04-28,128820,7030.0,1.95,-1.9,-0.0,1.9
2026-04-29,128820,7200.0,1.8,2.5,-0.0,-2.8
2026-04-30,128820,7080.0,1.92,-3.3,-0.0,3.6
2026-05-04,128820,7170.0,1.85,-1.3,-0.0,1.6
2026-05-06,128820,6800.0,1.82,-11.4,-0.2,12.1
2026-05-07,128820,6660.0,1.45,3.7,0.0,-3.5
2026-05-08,128820,6700.0,1.57,0.7,-0.0,-0.6
2026-05-11,128820,6550.0,1.6,-0.2,0.2,-0.7
2026-05-12,128820,6380.0,1.59,2.9,-0.3,-2.4
2026-05-13,128820,7530.0,1.71,-29.6,-0.0,31.9
2026-05-14,128820,8090.0,0.84,4.8,0.2,-4.2
2026-05-15,128820,7320.0,1.03,-13.6,0.2,15.3
2026-05-18,128820,6810.0,0.65,-4.1,-0.2,4.5
2026-05-19,128820,6500.0,0.55,4.8,0.0,-5.2
2026-05-20,128820,6230.0,0.71,2.6,-0.0,-2.6
2026-05-21,128820,6300.0,0.81,2.4,-0.1,-1.8
2026-05-22,128820,6540.0,0.91,1.2,-0.2,-0.9
2026-05-26,128820,6300.0,0.95,-2.1,0.0,2.3
2026-05-27,128820,6130.0,0.8,2.0,0.4,-2.3
2026-05-28,128820,6030.0,0.87,2.8,0.0,-2.2
2026-05-29,128820,5800.0,0.99,2.5,0.0,-2.5
2026-06-01,128820,5580.0,1.06,3.9,-0.2,-3.5
2026-06-02,128820,5380.0,1.22,-10.3,0.0,10.0
2026-06-04,128820,5510.0,0.85,-2.9,-0.1,3.3
2026-06-05,128820,5220.0,0.74,3.1,-0.0,-1.7
2026-06-08,128820,5050.0,0.88,5.4,0.0,-5.6
2026-06-09,128820,5160.0,1.11,2.4,-0.2,-2.2
2026-06-10,128820,5150.0,1.23,1.1,-0.3,-0.9
2026-06-11,128820,5180.0,1.3,1.4,-0.7,-0.8
2026-06-12,128820,5170.0,1.36,-0.7,-0.0,0.7
2026-06-15,128820,5270.0,1.31,-2.8,-0.0,2.7
2026-06-16,128820,5270.0,1.2,-0.4,-0.3,0.8
2026-06-17,128820,5130.0,1.14,0.7,-1.0,0.2
2026-06-18,128820,4910.0,1.17,-0.1,-0.3,-0.1
2026-06-19,128820,4795.0,1.16,3.0,-0.0,-3.5
2026-06-22,128820,4640.0,1.3,2.9,0.3,-2.7
2026-06-23,128820,4430.0,1.44,5.3,-0.0,-5.4
2026-06-24,128820,4510.0,1.71,3.8,0.0,-3.9
2026-06-25,128820,4450.0,1.9,2.5,-0.0,-3.1
2026-06-26,128820,4225.0,2.02,3.5,0.0,-2.6
2026-06-29,128820,4440.0,2.2,2.9,-0.0,-3.1
2026-06-30,128820,4375.0,2.35,-0.8,-0.0,0.6
2026-07-01,128820,4440.0,2.22,0.5,0.0,-0.5
2026-07-02,128820,4250.0,2.24,-0.3,0.0,0.3
2026-07-03,128820,4300.0,2.22,-0.2,-0.0,0.1
2026-07-06,128820,4300.0,2.27,0.8,-0.0,-0.8
2026-07-07,128820,4150.0,2.31,0.7,0.0,-0.7
2026-07-08,128820,4165.0,2.34,0.9,0.1,-1.0
2026-07-09,128820,4130.0,2.38,0.9,0.2,-1.3
2026-07-10,128820,4260.0,2.43,1.7,0.2,-1.9
2026-07-13,128820,4160.0,2.52,-1.0,0.0,0.9
2026-07-14,128820,4115.0,2.47,-0.8,0.0,0.7
2026-07-15,128820,4245.0,2.4,0.9,-0.0,-0.8
2026-07-16,128820,4070.0,2.44,-1.2,0.0,1.1
2025-07-14,128940,280000.0,11.28,13.4,-95.9,80.5
2025-07-15,128940,289000.0,11.3,89.4,-2.6,-91.3
2025-07-16,128940,284000.0,11.57,-13.0,-32.7,44.5
2025-07-17,128940,296000.0,11.52,80.5,67.3,-136.7
2025-07-18,128940,292500.0,11.77,-21.2,0.6,19.5
2025-07-21,128940,288500.0,11.65,-21.6,-39.9,59.6
2025-07-22,128940,287000.0,11.58,6.1,-12.3,5.2
2025-07-23,128940,287500.0,11.59,5.6,-21.2,15.5
2025-07-24,128940,290500.0,11.55,4.0,-6.8,2.5
2025-07-25,128940,282000.0,11.55,-53.4,-41.6,91.2
2025-07-28,128940,276500.0,11.39,-19.4,-36.6,54.4
2025-07-29,128940,281000.0,11.34,31.6,-44.6,15.5
2025-07-30,128940,279500.0,11.43,28.9,-32.9,4.4
2025-07-31,128940,279500.0,11.51,20.0,-25.5,2.7
2025-08-01,128940,270000.0,11.59,102.9,-96.9,-9.4
2025-08-04,128940,276500.0,11.89,20.5,7.9,-28.0
2025-08-05,128940,282500.0,11.97,68.0,-60.0,-4.8
2025-08-06,128940,283500.0,12.17,24.8,19.4,-42.2
2025-08-07,128940,285000.0,12.25,14.1,-12.8,-1.3
2025-08-08,128940,279000.0,12.28,-4.7,-18.6,23.6
2025-08-11,128940,279000.0,12.38,17.2,-1.1,-17.9
2025-08-12,128940,282000.0,12.49,17.7,-4.9,-8.7
2025-08-13,128940,281500.0,12.53,57.2,-80.8,23.2
2025-08-14,128940,279500.0,12.69,107.7,-92.3,-15.5
2025-08-18,128940,281500.0,13.05,20.4,-1.6,-18.6
2025-08-19,128940,284000.0,13.11,6.4,29.7,-35.5
2025-08-20,128940,282500.0,13.15,1.6,-0.7,0.8
2025-08-21,128940,282000.0,13.09,20.0,-29.1,8.1
2025-08-22,128940,283000.0,13.15,11.7,-4.0,-7.5
2025-08-25,128940,290000.0,13.19,51.2,9.6,-59.7
2025-08-26,128940,298000.0,13.36,50.0,92.3,-138.7
2025-08-27,128940,300000.0,13.51,-23.4,46.2,-23.9
2025-08-28,128940,303500.0,13.44,8.0,20.5,-26.8
2025-08-29,128940,303000.0,13.46,-13.9,35.1,-19.3
2025-09-01,128940,304000.0,13.42,-6.4,54.6,-45.9
2025-09-02,128940,309000.0,13.4,0.1,26.7,-26.5
2025-09-03,128940,305000.0,13.41,31.4,-25.5,-5.8
2025-09-04,128940,304500.0,13.51,18.8,-10.8,-3.9
2025-09-05,128940,305500.0,13.52,14.1,10.2,-24.2
2025-09-08,128940,306000.0,13.56,-30.8,5.0,23.3
2025-09-09,128940,290500.0,13.47,-135.2,-135.5,267.7
2025-09-10,128940,291000.0,13.03,-17.6,-73.6,90.9
2025-09-11,128940,292000.0,12.98,22.9,-36.2,8.7
2025-09-12,128940,296000.0,13.07,56.1,18.4,-69.9
2025-09-15,128940,299000.0,13.37,21.6,-15.2,-6.5
2025-09-16,128940,319000.0,13.43,220.9,83.3,-300.9
2025-09-17,128940,312000.0,14.08,-52.8,35.0,13.5
2025-09-18,128940,332500.0,13.9,27.1,158.8,-182.3
2025-09-19,128940,360500.0,14.03,97.3,127.4,-217.0
2025-09-22,128940,366000.0,14.23,-122.8,61.4,60.3
2025-09-23,128940,384500.0,13.9,-103.1,67.9,34.4
2025-09-24,128940,393000.0,13.66,-66.4,86.9,-21.3
2025-09-25,128940,375000.0,13.53,36.6,-63.3,28.6
2025-09-26,128940,377000.0,13.75,-15.3,-1.1,15.4
2025-09-29,128940,372500.0,13.65,-7.2,23.3,-15.1
2025-09-30,128940,367000.0,13.5,-169.5,-159.5,324.7
2025-10-01,128940,360500.0,13.14,86.6,-36.1,-55.6
2025-10-02,128940,354500.0,13.39,113.1,-121.8,8.5
2025-10-10,128940,354500.0,13.66,-11.4,-8.1,16.1
2025-10-13,128940,349000.0,13.64,-0.1,14.5,-12.0
2025-10-14,128940,342000.0,13.68,-6.6,10.2,-5.5
2025-10-15,128940,352000.0,13.66,-128.2,75.8,45.2
2025-10-16,128940,342500.0,13.35,-127.0,-0.6,125.1
2025-10-17,128940,346000.0,13.03,-98.3,96.8,-1.3
2025-10-20,128940,353500.0,12.8,-114.6,102.7,12.0
2025-10-21,128940,343500.0,12.55,-97.8,1.9,95.6
2025-10-22,128940,349000.0,12.33,-50.5,56.8,-13.7
2025-10-23,128940,344500.0,12.12,-54.3,22.1,25.4
2025-10-24,128940,339000.0,12.0,56.2,-118.5,62.4
2025-10-27,128940,428000.0,12.16,-300.2,159.6,151.4
2025-10-28,128940,405500.0,11.67,-83.7,-53.6,148.7
2025-10-29,128940,393500.0,11.51,-31.7,-61.5,94.6
2025-10-30,128940,390500.0,11.46,-80.2,-17.2,88.1
2025-10-31,128940,425000.0,11.24,208.1,311.0,-529.0
2025-11-03,128940,424000.0,11.72,-150.4,15.1,135.7
2025-11-04,128940,451500.0,11.39,-149.8,20.8,120.8
2025-11-05,128940,459000.0,11.07,-230.7,59.4,158.8
2025-11-06,128940,443500.0,10.65,-19.5,40.1,-31.8
2025-11-07,128940,439000.0,10.83,119.1,29.1,-143.2
2025-11-10,128940,443500.0,11.11,-70.7,91.5,-21.2
2025-11-11,128940,454000.0,10.99,33.9,145.3,-177.3
2025-11-12,128940,479500.0,11.04,-98.8,168.6,-69.9
2025-11-13,128940,483000.0,10.83,-122.0,100.6,12.8
2025-11-14,128940,473000.0,10.65,-42.0,11.0,23.9
2025-11-17,128940,474000.0,10.58,21.3,-49.2,28.9
2025-11-18,128940,461000.0,10.7,16.0,-6.0,-6.2
2025-11-19,128940,450000.0,10.74,82.5,-8.4,-64.2
2025-11-20,128940,456500.0,10.99,72.0,-55.3,-16.1
2025-11-21,128940,445500.0,11.1,4.8,15.1,-12.5
2025-11-24,128940,446000.0,10.96,-31.2,11.5,16.3
2025-11-25,128940,444500.0,10.88,21.4,8.2,-29.7
2025-11-26,128940,455500.0,10.85,43.7,44.3,-91.2
2025-11-27,128940,449500.0,10.96,-23.4,-27.5,51.8
2025-11-28,128940,456500.0,10.89,29.7,41.8,-68.1
2025-12-01,128940,451000.0,10.94,51.1,-46.2,1.9
2025-12-02,128940,430000.0,11.05,66.2,-169.5,93.4
2025-12-03,128940,434000.0,11.18,83.4,-7.7,-75.2
2025-12-04,128940,430000.0,11.31,118.1,-77.1,-42.3
2025-12-05,128940,426000.0,11.6,41.1,-44.5,4.0
2025-12-08,128940,421500.0,11.68,48.8,-38.7,-9.5
2025-12-09,128940,428000.0,11.64,-6.9,-48.5,54.3
2025-12-10,128940,433500.0,11.6,-33.8,34.3,6.6
2025-12-11,128940,450000.0,11.54,-81.3,227.1,-140.0
2025-12-12,128940,445500.0,11.44,-69.3,18.0,51.4
2025-12-15,128940,448000.0,11.31,-2.9,27.0,-24.6
2025-12-16,128940,436500.0,11.32,13.1,1.7,-14.6
2025-12-17,128940,434500.0,11.33,13.1,25.2,-38.6
2025-12-18,128940,434000.0,11.26,-98.8,-13.2,109.8
2025-12-19,128940,441000.0,11.05,-21.7,61.9,-42.3
2025-12-22,128940,438000.0,11.08,-71.3,-1.0,67.9
2025-12-23,128940,440000.0,10.81,45.1,12.5,-57.5
2025-12-24,128940,440500.0,10.94,-6.5,37.0,-27.5
2025-12-26,128940,450500.0,11.02,-0.8,122.4,-116.2
2025-12-29,128940,451000.0,10.91,-4.2,34.0,-25.2
2025-12-30,128940,452000.0,10.9,-13.6,49.6,-33.2
2026-01-02,128940,443000.0,10.85,-62.4,-34.1,95.0
2026-01-05,128940,452000.0,10.71,117.8,7.3,-113.4
2026-01-06,128940,469000.0,11.04,-4.5,37.8,-30.2
2026-01-07,128940,464000.0,11.18,-33.6,-19.0,55.5
2026-01-08,128940,463000.0,11.09,-36.4,-7.3,50.2
2026-01-09,128940,477000.0,11.09,-49.2,7.4,36.3
2026-01-12,128940,481500.0,11.04,-79.4,62.9,4.3
2026-01-13,128940,431000.0,10.85,-332.4,-701.9,1059.3
2026-01-14,128940,424500.0,10.2,-44.1,-87.9,132.1
2026-01-15,128940,436500.0,10.17,47.6,17.2,-80.8
2026-01-16,128940,436500.0,10.38,80.1,4.8,-91.2
2026-01-19,128940,444500.0,10.57,175.9,111.9,-271.4
2026-01-20,128940,445000.0,10.94,133.4,11.7,-144.6
2026-01-21,128940,415000.0,11.22,-53.3,-223.2,273.5
2026-01-22,128940,430500.0,10.96,236.5,-46.5,-187.7
2026-01-23,128940,465500.0,11.46,518.7,134.6,-650.2
2026-01-26,128940,481000.0,12.51,185.3,-14.0,-177.5
2026-01-27,128940,475000.0,12.8,160.3,-8.2,-152.8
2026-01-28,128940,519000.0,13.05,230.0,-61.9,-189.8
2026-01-29,128940,505000.0,13.04,-31.3,-63.1,86.2
2026-01-30,128940,484000.0,12.93,91.7,-12.1,-78.0
2026-02-02,128940,467000.0,13.11,91.8,-65.8,-26.5
2026-02-03,128940,503000.0,13.31,112.2,38.7,-146.5
2026-02-04,128940,540000.0,13.53,8.4,340.1,-348.5
2026-02-05,128940,541000.0,13.42,-205.8,141.8,45.8
2026-02-06,128940,552000.0,12.96,-46.1,299.0,-246.5
2026-02-09,128940,563000.0,12.9,-49.0,134.4,-91.3
2026-02-10,128940,591000.0,12.83,-135.1,234.1,-113.3
2026-02-11,128940,626000.0,12.65,-224.6,265.9,-28.1
2026-02-12,128940,614000.0,12.37,182.1,28.5,-211.3
2026-02-13,128940,601000.0,12.62,32.5,10.8,-40.3
2026-02-19,128940,621000.0,12.68,39.8,41.0,-84.3
2026-02-20,128940,610000.0,12.73,63.3,-92.5,32.4
2026-02-23,128940,616000.0,12.83,63.8,-6.2,-61.6
2026-02-24,128940,616000.0,12.91,40.3,53.4,-90.4
2026-02-25,128940,591000.0,13.0,94.0,-215.7,134.5
2026-02-26,128940,594000.0,13.07,112.8,-109.3,-12.9
2026-02-27,128940,593000.0,13.25,91.6,-202.3,117.3
2026-03-03,128940,571000.0,13.38,80.9,-58.7,-28.5
2026-03-04,128940,478000.0,13.54,264.4,-140.2,-116.9
2026-03-05,128940,519000.0,13.97,150.5,-69.5,-79.3
2026-03-06,128940,516000.0,14.23,114.3,-114.7,8.2
2026-03-09,128940,481500.0,14.4,249.0,-106.2,-105.0
2026-03-10,128940,511000.0,14.69,34.0,-50.4,11.2
2026-03-11,128940,490000.0,14.65,-4.4,-127.8,169.7
2026-03-12,128940,488000.0,14.51,247.0,-407.6,167.6
2026-03-13,128940,496500.0,14.91,-10.4,49.0,-40.7
2026-03-16,128940,500000.0,14.8,-76.4,108.9,-30.3
2026-03-17,128940,520000.0,14.54,-111.0,123.7,-13.5
2026-03-18,128940,531000.0,14.47,-26.5,102.8,-72.5
2026-03-19,128940,519000.0,14.43,-15.3,-8.4,16.1
2026-03-20,128940,560000.0,14.41,-49.8,123.5,-72.7
2026-03-23,128940,501000.0,14.37,-19.8,26.5,-4.7
2026-03-24,128940,511000.0,14.33,11.0,22.4,-36.6
2026-03-25,128940,541000.0,14.35,40.6,58.1,-94.2
2026-03-26,128940,551000.0,14.42,-103.4,143.1,-50.8
2026-03-27,128940,549000.0,14.27,53.9,-13.2,-41.7
2026-03-30,128940,524000.0,14.28,36.5,24.3,-57.7
2026-03-31,128940,515000.0,14.37,-78.4,122.5,-41.6
2026-04-01,128940,553000.0,14.26,-18.6,91.2,-70.0
2026-04-02,128940,505000.0,14.24,-53.6,-84.7,136.2
2026-04-03,128940,507000.0,14.15,-11.8,-19.1,30.7
2026-04-06,128940,500000.0,14.14,44.9,-59.0,14.8
2026-04-07,128940,507000.0,14.19,26.9,-31.6,5.0
2026-04-08,128940,493500.0,14.22,-161.6,-182.5,351.9
2026-04-09,128940,487000.0,13.92,78.7,-152.9,70.1
2026-04-10,128940,500000.0,14.04,78.7,22.8,-101.4
2026-04-13,128940,510000.0,14.22,51.0,27.5,-88.5
2026-04-14,128940,501000.0,14.34,-11.2,-43.8,52.3
2026-04-15,128940,512000.0,14.28,-12.3,87.3,-74.2
2026-04-16,128940,528000.0,14.35,-98.1,76.6,17.8
2026-04-17,128940,533000.0,14.17,-117.9,29.1,79.4
2026-04-20,128940,529000.0,13.99,-10.7,-3.9,19.1
2026-04-21,128940,504000.0,14.01,-144.0,-254.9,393.9
2026-04-22,128940,494500.0,13.75,-47.8,-133.0,178.9
2026-04-23,128940,490000.0,13.68,59.3,-98.5,31.5
2026-04-24,128940,497500.0,13.83,79.4,-26.8,-50.8
2026-04-27,128940,494500.0,13.98,-91.9,-23.4,103.3
2026-04-28,128940,491500.0,13.79,20.5,-88.5,67.7
2026-04-29,128940,483000.0,13.86,-114.8,-110.2,222.7
2026-04-30,128940,460000.0,13.63,-31.6,-254.8,287.0
2026-05-04,128940,445000.0,13.55,66.5,-167.4,102.8
2026-05-06,128940,434500.0,13.66,152.5,-213.4,68.5
2026-05-07,128940,430500.0,14.0,70.6,-100.3,28.8
2026-05-08,128940,436000.0,14.13,18.3,17.6,-36.1
2026-05-11,128940,423500.0,14.12,106.8,-135.3,37.0
2026-05-12,128940,454500.0,14.3,-2.7,177.9,-186.3
2026-05-13,128940,445000.0,14.41,-4.7,-92.9,87.9
2026-05-14,128940,449500.0,14.3,-48.8,-9.8,45.4
2026-05-15,128940,472500.0,14.26,107.9,199.2,-317.4
2026-05-18,128940,432500.0,14.54,-77.0,-60.5,146.6
2026-05-19,128940,439500.0,14.35,-44.4,6.7,36.0
2026-05-20,128940,414500.0,14.28,36.1,-11.2,-20.6
2026-05-21,128940,436500.0,14.35,34.4,6.8,-37.7
2026-05-22,128940,454000.0,14.45,-6.8,6.5,3.5
2026-05-26,128940,469000.0,14.34,9.7,-34.1,23.5
2026-05-27,128940,489000.0,14.3,-149.4,177.7,-44.8
2026-05-28,128940,485500.0,14.09,-129.2,108.7,23.4
2026-05-29,128940,491000.0,13.92,-93.7,62.3,23.4
2026-06-01,128940,539000.0,13.74,-376.0,82.8,331.6
2026-06-02,128940,507000.0,12.97,104.4,-24.8,-82.4
2026-06-04,128940,491500.0,13.12,-9.9,50.4,-52.6
2026-06-05,128940,494000.0,13.11,-345.7,-33.2,371.1
2026-06-08,128940,413000.0,12.56,80.0,-200.8,126.7
2026-06-09,128940,428500.0,12.79,160.1,-15.3,-148.5
2026-06-10,128940,411500.0,13.08,114.7,-39.7,-73.7
2026-06-11,128940,411000.0,13.34,132.3,-97.5,-37.9
2026-06-12,128940,411000.0,13.61,52.7,-5.7,-42.1
2026-06-15,128940,420500.0,13.66,65.6,-49.0,-10.0
2026-06-16,128940,425500.0,13.8,30.3,-12.6,-15.6
2026-06-17,128940,446500.0,13.79,-49.6,60.6,-31.5
2026-06-18,128940,425500.0,13.6,-23.5,-38.4,78.8
2026-06-19,128940,411000.0,13.49,45.0,-54.4,8.7
2026-06-22,128940,403500.0,13.6,66.6,-26.8,-39.5
2026-06-23,128940,377000.0,13.76,94.4,-14.8,-79.2
2026-06-24,128940,403000.0,14.04,83.4,39.3,-121.2
2026-06-25,128940,394000.0,14.35,1.6,14.5,-14.0
2026-06-26,128940,366000.0,14.37,6.9,-11.7,8.5
2026-06-29,128940,428000.0,14.43,-2.0,215.9,-199.0
2026-06-30,128940,397500.0,14.54,-26.5,-56.5,87.2
2026-07-01,128940,422000.0,14.49,-6.0,87.2,-64.4
2026-07-02,128940,436000.0,14.49,-161.7,121.5,35.5
2026-07-03,128940,461500.0,14.16,-176.3,224.2,-56.2
2026-07-06,128940,423000.0,13.64,-102.3,34.7,66.4
2026-07-07,128940,430000.0,13.36,20.1,90.7,-110.2
2026-07-08,128940,409000.0,13.48,31.4,37.0,-67.9
2026-07-09,128940,401000.0,13.57,-12.6,32.4,-19.4
2026-07-10,128940,389000.0,13.53,59.3,-184.3,124.4
2026-07-13,128940,381500.0,13.54,60.9,-0.8,-61.3
2026-07-14,128940,356500.0,13.83,121.8,-91.7,9.8
2026-07-15,128940,384500.0,14.06,109.6,12.0,-121.6
2026-07-16,128940,386000.0,14.41,6.4,-3.9,-4.8
2025-07-14,129260,3295.0,6.79,-3.5,0.2,3.3
2025-07-15,129260,3460.0,6.44,-21.1,-1.2,21.8
2025-07-16,129260,3475.0,4.56,-5.4,-0.5,6.0
2025-07-17,129260,3350.0,4.05,1.0,0.0,-0.7
2025-07-18,129260,3165.0,4.16,5.4,1.0,-7.0
2025-07-21,129260,3155.0,4.96,-0.9,0.4,0.6
2025-07-22,129260,3080.0,4.87,1.4,0.2,-1.6
2025-07-23,129260,3060.0,5.02,-0.4,0.1,0.3
2025-07-24,129260,3015.0,4.98,-2.3,-0.6,3.0
2025-07-25,129260,2980.0,4.72,-0.3,0.0,0.3
2025-07-28,129260,2925.0,4.69,2.6,-0.0,-2.6
2025-07-29,129260,2925.0,4.99,0.4,-0.0,-0.4
2025-07-30,129260,2900.0,5.03,0.1,0.1,-0.2
2025-07-31,129260,2905.0,5.05,1.0,0.0,-1.0
2025-08-01,129260,2820.0,5.21,0.4,-0.9,0.5
2025-08-04,129260,2835.0,5.27,1.0,-0.4,-0.2
2025-08-05,129260,2845.0,5.39,-0.3,0.2,0.0
2025-08-06,129260,2875.0,5.36,0.2,0.1,-0.3
2025-08-07,129260,2900.0,5.38,-0.4,-0.0,0.4
2025-08-08,129260,2900.0,5.34,-0.3,0.0,0.3
2025-08-11,129260,2915.0,5.3,0.4,0.0,-0.4
2025-08-12,129260,2885.0,5.34,-0.2,0.0,0.2
2025-08-13,129260,2880.0,5.32,-0.1,-0.0,0.1
2025-08-14,129260,2900.0,5.31,0.3,-0.0,-0.3
2025-08-18,129260,2800.0,5.35,0.3,-0.0,-0.3
2025-08-19,129260,2800.0,5.38,1.3,0.0,-1.3
2025-08-20,129260,2750.0,5.54,0.4,0.0,-0.3
2025-08-21,129260,2785.0,5.59,0.1,-0.2,0.2
2025-08-22,129260,2765.0,5.6,0.3,-0.1,-0.1
2025-08-25,129260,2750.0,5.64,0.1,-0.1,-0.0
2025-08-26,129260,2710.0,5.67,-0.4,-0.0,0.4
2025-08-27,129260,2695.0,5.62,0.2,-0.0,-0.2
2025-08-28,129260,2745.0,5.65,0.4,-0.0,-0.4
2025-08-29,129260,2700.0,5.71,-0.2,-0.0,0.2
2025-09-01,129260,2640.0,5.68,0.5,0.0,-0.5
2025-09-02,129260,2625.0,5.74,0.7,-0.0,-0.7
2025-09-03,129260,2635.0,5.84,0.5,-0.0,-0.5
2025-09-04,129260,2660.0,5.89,-0.0,-0.0,0.0
2025-09-05,129260,2680.0,5.89,-0.5,-0.0,0.5
2025-09-08,129260,2710.0,5.83,0.6,-0.0,-0.6
2025-09-09,129260,2715.0,5.91,-0.4,-0.0,0.4
2025-09-10,129260,2740.0,5.86,0.2,-0.0,-0.2
2025-09-11,129260,2765.0,5.88,-0.6,0.0,0.5
2025-09-12,129260,2780.0,5.81,0.5,0.0,-0.5
2025-09-15,129260,2740.0,5.87,-0.1,0.2,-0.1
2025-09-16,129260,2745.0,5.86,-0.3,-0.0,0.3
2025-09-17,129260,2730.0,5.83,-0.4,-0.0,0.4
2025-09-18,129260,2740.0,5.78,0.3,-0.0,-0.3
2025-09-19,129260,2750.0,5.82,0.1,-0.0,-0.1
2025-09-22,129260,2745.0,5.83,0.2,-0.0,-0.2
2025-09-23,129260,2715.0,5.86,0.3,-0.0,-0.3
2025-09-24,129260,2685.0,5.9,0.1,-0.1,0.0
2025-09-25,129260,2700.0,5.91,0.3,-0.1,-0.2
2025-09-26,129260,2720.0,5.78,0.0,0.0,-0.0
2025-09-29,129260,2740.0,5.78,0.5,-0.2,-0.3
2025-09-30,129260,2710.0,5.84,0.3,-0.0,-0.3
2025-10-01,129260,2710.0,5.88,0.1,0.0,-0.1
2025-10-02,129260,2750.0,5.89,0.5,-0.0,-0.5
2025-10-10,129260,2700.0,5.95,-1.0,-0.0,1.0
2025-10-13,129260,2775.0,5.83,0.5,-0.0,-0.5
2025-10-14,129260,2720.0,5.89,0.7,-0.0,-0.7
2025-10-15,129260,2760.0,5.98,0.6,-0.0,-0.5
2025-10-16,129260,2750.0,6.05,-0.6,-0.0,0.4
2025-10-17,129260,2725.0,5.93,-0.3,0.0,0.3
2025-10-20,129260,2680.0,5.89,-0.6,-0.0,0.6
2025-10-21,129260,2665.0,5.82,0.3,-0.0,-0.3
2025-10-22,129260,2695.0,5.86,0.6,0.0,-0.6
2025-10-23,129260,2645.0,5.94,0.0,0.0,-0.0
2025-10-24,129260,2620.0,5.94,0.5,-0.0,-0.5
2025-10-27,129260,2655.0,6.0,0.7,0.0,-0.7
2025-10-28,129260,2630.0,6.09,-0.5,0.0,0.5
2025-10-29,129260,2615.0,6.02,0.2,-0.0,-0.2
2025-10-30,129260,2580.0,6.05,-1.0,0.0,1.0
2025-10-31,129260,2590.0,5.92,0.5,-0.0,-0.5
2025-11-03,129260,2515.0,5.98,-0.5,-0.0,0.5
2025-11-04,129260,2545.0,5.92,0.6,-0.0,-0.6
2025-11-05,129260,2530.0,6.0,-0.1,-0.0,0.1
2025-11-06,129260,2550.0,5.98,-0.4,0.0,0.4
2025-11-07,129260,2545.0,5.93,2.0,-2.1,0.1
2025-11-10,129260,2580.0,6.19,0.4,-0.1,-0.3
2025-11-11,129260,2550.0,6.25,0.7,-0.1,-0.7
2025-11-12,129260,2595.0,6.35,0.1,-0.0,-0.1
2025-11-13,129260,2600.0,6.36,-0.0,-0.0,0.0
2025-11-14,129260,2610.0,6.36,0.4,0.0,-0.4
2025-11-17,129260,2575.0,6.41,0.7,-0.0,-0.7
2025-11-18,129260,2510.0,6.5,0.3,-0.0,-0.3
2025-11-19,129260,2530.0,6.6,0.2,0.0,-0.2
2025-11-20,129260,2550.0,6.63,0.1,-0.0,-0.1
2025-11-21,129260,2570.0,6.64,0.7,0.0,-0.7
2025-11-24,129260,2545.0,6.73,-0.3,0.0,0.3
2025-11-25,129260,2540.0,6.69,0.3,0.0,-0.3
2025-11-26,129260,2545.0,6.72,0.3,-0.0,-0.3
2025-11-27,129260,2505.0,6.75,-1.0,-0.0,1.0
2025-11-28,129260,2525.0,6.61,0.8,0.0,-0.8
2025-12-01,129260,2525.0,6.45,-0.0,-0.0,0.0
2025-12-02,129260,2550.0,6.45,1.0,-0.0,-1.0
2025-12-03,129260,2530.0,6.58,0.9,-0.0,-0.9
2025-12-04,129260,2565.0,6.7,-0.2,-0.0,0.2
2025-12-05,129260,2555.0,6.67,-0.4,-0.1,0.5
2025-12-08,129260,2555.0,6.62,-0.7,-0.1,0.7
2025-12-09,129260,2550.0,6.53,-0.7,0.0,0.7
2025-12-10,129260,2570.0,6.44,0.4,-0.0,-0.6
2025-12-11,129260,2600.0,6.49,-0.0,-0.0,0.1
2025-12-12,129260,2600.0,6.48,0.9,-0.0,-0.9
2025-12-15,129260,2615.0,6.6,-0.0,0.0,0.0
2025-12-16,129260,2590.0,6.59,-0.9,0.0,0.8
2025-12-17,129260,2600.0,6.47,0.6,0.0,-0.6
2025-12-18,129260,2575.0,6.55,1.2,-0.0,-1.2
2025-12-19,129260,2595.0,6.7,-0.2,-0.0,0.2
2025-12-22,129260,2570.0,6.68,-0.0,-0.0,-0.0
2025-12-23,129260,2560.0,6.67,-0.8,-0.0,0.6
2025-12-24,129260,2545.0,6.58,-0.3,-0.0,0.3
2025-12-26,129260,2545.0,6.55,-0.4,0.0,0.3
2025-12-29,129260,2455.0,6.5,-1.9,0.0,1.9
2025-12-30,129260,2400.0,6.23,0.1,-0.1,0.1
2026-01-02,129260,2395.0,5.72,-0.6,-0.0,0.6
2026-01-05,129260,2365.0,5.63,-0.8,-0.0,0.8
2026-01-06,129260,2370.0,5.52,-0.5,-0.0,0.5
2026-01-07,129260,2355.0,5.47,-0.6,-0.0,0.7
2026-01-08,129260,2305.0,5.38,0.3,-0.0,-0.4
2026-01-09,129260,2320.0,5.43,0.2,0.0,-0.2
2026-01-12,129260,2350.0,5.46,-0.1,-0.0,0.1
2026-01-13,129260,2330.0,5.46,0.0,0.0,-0.0
2026-01-14,129260,2380.0,5.47,-0.0,-0.0,0.0
2026-01-15,129260,2370.0,5.46,-0.3,-0.0,0.3
2026-01-16,129260,2345.0,5.42,-0.0,-0.0,0.0
2026-01-19,129260,2355.0,5.42,0.2,0.0,-0.2
2026-01-20,129260,2405.0,5.44,1.2,-0.0,-1.2
2026-01-21,129260,2360.0,5.61,-0.6,-0.0,0.6
2026-01-22,129260,2390.0,5.52,0.4,-0.0,-0.4
2026-01-23,129260,2410.0,5.58,-0.0,-0.0,0.0
2026-01-26,129260,2420.0,5.57,0.4,0.0,-0.6
2026-01-27,129260,2430.0,5.63,0.1,-0.0,-0.1
2026-01-28,129260,2410.0,5.64,-0.2,0.0,0.2
2026-01-29,129260,2415.0,5.61,1.1,0.0,-1.1
2026-01-30,129260,2420.0,5.77,0.1,-0.0,-0.1
2026-02-02,129260,2375.0,5.78,-0.9,0.0,0.9
2026-02-03,129260,2420.0,5.65,0.5,-0.0,-0.5
2026-02-04,129260,2505.0,5.72,0.4,-0.0,-0.6
2026-02-05,129260,2520.0,5.78,-0.3,0.0,0.3
2026-02-06,129260,2505.0,5.73,-0.5,0.0,0.5
2026-02-09,129260,2500.0,5.67,-0.4,-0.0,0.3
2026-02-10,129260,2530.0,5.62,0.1,-0.0,-0.1
2026-02-11,129260,2505.0,5.76,-0.2,-0.0,0.2
2026-02-12,129260,2545.0,5.75,0.6,-0.0,-0.8
2026-02-13,129260,2550.0,5.82,-0.5,-0.0,0.4
2026-02-19,129260,2570.0,5.76,0.0,-0.0,-0.1
2026-02-20,129260,2590.0,5.76,10.0,0.0,-0.7
2026-02-23,129260,2610.0,7.13,-0.2,0.0,0.2
2026-02-24,129260,2610.0,7.23,-0.2,0.0,-0.1
2026-02-25,129260,2630.0,7.2,-2.6,0.0,2.5
2026-02-26,129260,2580.0,6.87,-0.9,0.0,0.8
2026-02-27,129260,2580.0,6.79,-0.0,0.0,-0.0
2026-03-03,129260,2560.0,6.88,-1.8,0.0,2.4
2026-03-04,129260,2395.0,6.65,2.9,-0.0,-2.9
2026-03-05,129260,2515.0,7.05,1.1,0.0,-1.2
2026-03-06,129260,2555.0,7.2,-0.1,0.0,0.1
2026-03-09,129260,2485.0,7.19,0.0,0.0,-0.0
2026-03-10,129260,2510.0,7.2,-0.1,-0.0,0.1
2026-03-11,129260,2500.0,7.19,-0.4,-0.0,0.4
2026-03-12,129260,2505.0,7.14,0.2,-0.0,-0.2
2026-03-13,129260,2470.0,7.17,-0.1,0.0,0.1
2026-03-16,129260,2460.0,7.15,-0.1,-0.0,0.1
2026-03-17,129260,2455.0,7.13,-0.3,-0.0,0.3
2026-03-18,129260,2475.0,7.09,0.1,-0.0,-0.2
2026-03-19,129260,2440.0,7.1,-1.3,0.0,1.3
2026-03-20,129260,2510.0,6.93,1.1,0.0,-1.2
2026-03-23,129260,2435.0,7.07,-0.2,0.0,0.3
2026-03-24,129260,2450.0,7.04,-0.6,0.0,0.6
2026-03-25,129260,2480.0,6.95,0.2,-0.0,-0.2
2026-03-26,129260,2465.0,6.98,-0.6,0.0,0.5
2026-03-27,129260,2460.0,6.9,0.1,0.0,-0.1
2026-03-30,129260,2410.0,6.91,-0.2,-0.0,0.2
2026-03-31,129260,2390.0,6.88,-0.2,0.0,0.1
2026-04-01,129260,2440.0,6.84,-0.1,-0.0,0.3
2026-04-02,129260,2355.0,6.83,-0.4,-0.0,0.4
2026-04-03,129260,2410.0,6.78,0.4,-0.0,-0.4
2026-04-06,129260,2395.0,6.83,-0.2,-0.0,0.2
2026-04-07,129260,2375.0,6.8,-0.1,-0.0,0.1
2026-04-08,129260,2405.0,6.79,0.1,-0.0,-0.1
2026-04-09,129260,2390.0,6.8,-0.1,-0.0,0.1
2026-04-10,129260,2475.0,6.79,0.8,-0.0,-0.8
2026-04-13,129260,2455.0,6.89,-0.9,0.0,0.9
2026-04-14,129260,2465.0,6.77,0.1,-0.3,0.2
2026-04-15,129260,2490.0,6.64,-0.1,-0.0,0.1
2026-04-16,129260,2510.0,6.62,-0.5,-0.0,-0.5
2026-04-17,129260,2510.0,6.56,-0.2,-0.0,0.2
2026-04-20,129260,2485.0,6.53,-0.3,-0.0,0.3
2026-04-21,129260,2485.0,6.49,-0.4,-0.0,0.4
2026-04-22,129260,2470.0,6.43,-0.3,-0.0,-0.1
2026-04-23,129260,2450.0,6.4,-0.3,-0.2,0.5
2026-04-24,129260,2500.0,6.35,0.2,-0.0,-0.2
2026-04-27,129260,2500.0,6.38,-0.7,-0.0,0.6
2026-04-28,129260,2550.0,6.29,-0.4,-0.0,0.4
2026-04-29,129260,2560.0,6.08,0.1,-0.0,-0.1
2026-04-30,129260,2525.0,6.1,-0.0,-0.0,-0.1
2026-05-04,129260,2480.0,6.09,-0.4,-0.0,0.4
2026-05-06,129260,2435.0,6.04,-0.4,-0.0,0.3
2026-05-07,129260,2445.0,5.99,-0.4,-0.0,0.4
2026-05-08,129260,2425.0,5.93,-0.0,0.0,0.0
2026-05-11,129260,2360.0,5.93,-0.9,-0.0,0.8
2026-05-12,129260,2315.0,5.8,-1.1,-0.0,1.1
2026-05-13,129260,2285.0,5.65,-0.1,-0.0,0.2
2026-05-14,129260,2300.0,5.63,0.2,-0.0,-0.2
2026-05-15,129260,2270.0,5.65,-0.3,0.0,0.3
2026-05-18,129260,2245.0,5.6,0.2,-0.0,-0.2
2026-05-19,129260,2235.0,5.63,0.9,0.0,-0.9
2026-05-20,129260,2160.0,5.95,-0.7,-0.0,0.7
2026-05-21,129260,2180.0,5.88,-0.4,-0.0,0.4
2026-05-22,129260,2210.0,5.82,0.3,-0.0,-0.3
2026-05-26,129260,2165.0,5.87,-0.4,-0.0,0.5
2026-05-27,129260,2105.0,5.8,0.2,-0.0,-0.2
2026-05-28,129260,2045.0,5.84,0.0,0.0,-0.1
2026-05-29,129260,2050.0,5.84,0.1,-0.0,-0.1
2026-06-01,129260,1974.0,5.86,-0.7,0.0,0.7
2026-06-02,129260,1944.0,5.74,0.5,-0.0,-0.5
2026-06-04,129260,1927.0,5.82,-0.2,0.0,0.2
2026-06-05,129260,1921.0,5.92,0.2,0.0,-0.2
2026-06-08,129260,1842.0,5.95,0.1,-0.0,-0.1
2026-06-09,129260,1929.0,5.97,0.0,-0.0,-0.0
2026-06-10,129260,1902.0,5.98,-0.3,0.0,0.3
2026-06-11,129260,1951.0,5.92,-0.0,-0.0,0.0
2026-06-12,129260,2010.0,5.92,0.4,-0.0,-0.4
2026-06-15,129260,2115.0,5.98,-0.1,-0.0,0.1
2026-06-16,129260,2155.0,5.97,0.1,-0.3,-0.0
2026-06-17,129260,2145.0,5.99,0.2,-0.0,-0.2
2026-06-18,129260,2155.0,6.01,0.1,-0.0,-0.1
2026-06-19,129260,2025.0,6.04,-0.7,0.0,0.6
2026-06-22,129260,2025.0,5.93,-0.0,-0.0,0.0
2026-06-23,129260,1981.0,5.93,-0.1,0.0,0.0
2026-06-24,129260,1977.0,5.92,-0.1,0.0,0.0
2026-06-25,129260,1940.0,5.9,-0.1,0.0,0.0
2026-06-26,129260,1906.0,5.88,0.1,0.0,-0.1
2026-06-29,129260,1977.0,5.92,0.1,-0.0,-0.1
2026-06-30,129260,1949.0,5.93,-0.1,-0.0,0.1
2026-07-01,129260,1968.0,5.91,-0.0,0.0,0.0
2026-07-02,129260,2000.0,5.93,0.0,0.0,-0.0
2026-07-03,129260,1984.0,5.93,-0.1,-0.0,0.1
2026-07-06,129260,1986.0,5.92,-0.1,-0.0,0.1
2026-07-07,129260,1998.0,5.9,-0.1,0.0,0.1
2026-07-08,129260,1965.0,5.88,-0.1,0.0,0.1
2026-07-09,129260,1945.0,5.86,0.2,-0.0,-0.2
2026-07-10,129260,1974.0,5.89,0.2,-0.0,-0.2
2026-07-13,129260,1949.0,5.92,0.1,0.0,-0.1
2026-07-14,129260,1912.0,5.93,0.2,0.0,-0.2
2026-07-15,129260,1958.0,5.96,0.2,-0.0,-0.2
2026-07-16,129260,1959.0,5.99,-0.0,0.0,0.0
2025-07-14,129890,955.0,1.61,0.1,-0.0,-0.1
2025-07-15,129890,941.0,1.63,0.2,-0.0,-0.2
2025-07-16,129890,940.0,1.68,-0.2,0.0,0.2
2025-07-17,129890,936.0,1.64,0.1,0.0,-0.1
2025-07-18,129890,937.0,1.66,-0.0,0.0,0.0
2025-07-21,129890,935.0,1.71,0.3,0.0,-0.3
2025-07-22,129890,940.0,1.76,-0.1,-0.0,0.1
2025-07-23,129890,930.0,1.74,-0.1,0.0,0.1
2025-07-24,129890,910.0,1.71,-0.4,0.0,0.4
2025-07-25,129890,901.0,1.61,-0.5,0.0,0.5
2025-07-28,129890,900.0,1.5,-0.4,-0.0,0.4
2025-07-29,129890,899.0,1.41,-0.1,0.0,0.1
2025-07-30,129890,896.0,1.39,-0.1,0.0,0.0
2025-07-31,129890,893.0,1.38,-0.2,0.0,0.2
2025-08-01,129890,884.0,1.33,0.0,0.0,-0.0
2025-08-04,129890,897.0,1.33,-0.1,-0.0,0.1
2025-08-05,129890,898.0,1.32,-0.1,-0.0,0.1
2025-08-06,129890,894.0,1.29,-0.0,0.0,0.0
2025-08-07,129890,889.0,1.28,-0.1,0.0,0.1
2025-08-08,129890,894.0,1.27,0.1,0.0,-0.1
2025-08-11,129890,897.0,1.29,0.1,0.0,-0.1
2025-08-12,129890,895.0,1.32,-0.1,0.0,0.1
2025-08-13,129890,904.0,1.31,-0.0,0.0,-0.0
2025-08-14,129890,886.0,1.31,-0.2,0.0,0.2
2025-08-18,129890,884.0,1.26,-0.2,0.0,0.2
2025-08-19,129890,877.0,1.22,-0.5,0.0,0.5
2025-08-20,129890,870.0,1.12,-0.2,0.0,0.2
2025-08-21,129890,875.0,1.08,0.1,0.0,-0.1
2025-08-22,129890,875.0,1.1,0.0,-0.0,-0.0
2025-08-25,129890,885.0,1.1,0.1,0.0,-0.1
2025-08-26,129890,887.0,1.14,-0.0,0.0,0.0
2025-08-27,129890,1153.0,1.14,2.1,1.5,-3.9
2025-08-28,129890,1050.0,1.57,-2.4,-0.0,2.3
2025-08-29,129890,1135.0,1.17,-2.3,-0.0,2.0
2025-09-01,129890,1150.0,0.82,-1.3,-0.0,1.4
2025-09-02,129890,1090.0,0.59,0.3,0.0,-0.3
2025-09-03,129890,1062.0,0.65,0.6,-0.0,-0.6
2025-09-04,129890,1098.0,0.75,-2.0,0.0,1.6
2025-09-05,129890,1093.0,0.4,0.6,0.0,-0.3
2025-09-08,129890,1126.0,0.5,-0.5,0.2,0.0
2025-09-09,129890,1145.0,0.4,1.6,0.0,-1.5
2025-09-10,129890,1129.0,0.68,0.2,0.0,-0.0
2025-09-11,129890,1101.0,0.72,-0.4,-0.0,0.6
2025-09-12,129890,1068.0,0.64,-0.9,-1.4,2.3
2025-09-15,129890,1053.0,0.48,0.7,-0.0,0.3
2025-09-16,129890,1085.0,0.6,1.3,0.0,-1.6
2025-09-17,129890,1096.0,0.85,-0.2,-0.0,0.4
2025-09-18,129890,1086.0,0.83,1.3,0.0,-1.3
2025-09-19,129890,1051.0,1.08,-0.8,-0.0,0.8
2025-09-22,129890,1030.0,0.94,1.9,-0.0,-1.9
2025-09-23,129890,1027.0,1.29,0.9,0.0,-0.9
2025-09-24,129890,1012.0,1.5,1.4,-0.1,-1.3
2025-09-25,129890,1021.0,1.77,-1.6,-0.0,1.5
2025-09-26,129890,999.0,1.49,-0.1,-0.0,0.2
2025-09-29,129890,1011.0,1.46,0.4,0.0,-0.4
2025-09-30,129890,994.0,1.54,0.2,0.0,-0.2
2025-10-01,129890,1004.0,1.59,0.9,0.0,-0.9
2025-10-02,129890,999.0,1.76,-0.2,0.0,0.2
2025-10-10,129890,1023.0,1.72,0.6,-0.0,-0.6
2025-10-13,129890,1008.0,1.85,0.2,0.0,-0.2
2025-10-14,129890,1038.0,1.88,-0.7,-0.0,0.7
2025-10-15,129890,1048.0,1.76,1.0,0.0,-1.3
2025-10-16,129890,1031.0,1.96,-0.2,0.0,-0.5
2025-10-17,129890,1029.0,1.93,-0.1,0.0,0.1
2025-10-20,129890,1048.0,1.91,-0.3,0.0,1.1
2025-10-21,129890,1026.0,1.86,0.4,0.0,-0.4
2025-10-22,129890,1029.0,1.92,0.5,0.0,-0.4
2025-10-23,129890,1015.0,2.03,-0.1,0.0,-0.0
2025-10-24,129890,1012.0,2.02,-0.2,-0.0,0.0
2025-10-27,129890,1019.0,2.03,0.4,-0.0,-0.5
2025-10-28,129890,1029.0,2.07,0.7,0.0,-0.8
2025-10-29,129890,1035.0,2.21,-0.0,-0.0,-0.0
2025-10-30,129890,1019.0,2.21,-0.5,0.0,0.5
2025-10-31,129890,1019.0,2.12,0.1,-0.0,-0.1
2025-11-03,129890,1020.0,2.14,0.6,0.0,-0.7
2025-11-04,129890,1017.0,2.26,-0.3,0.0,0.3
2025-11-05,129890,976.0,2.22,-0.6,0.0,0.9
2025-11-06,129890,971.0,2.09,-0.4,-0.0,0.4
2025-11-07,129890,954.0,2.01,0.1,-1.0,0.9
2025-11-10,129890,985.0,2.04,0.4,0.0,-0.4
2025-11-11,129890,967.0,2.12,-0.4,0.0,0.4
2025-11-12,129890,990.0,2.05,0.2,0.0,-0.2
2025-11-13,129890,1012.0,2.1,0.5,-0.0,-0.5
2025-11-14,129890,991.0,2.21,-0.7,0.0,0.6
2025-11-17,129890,977.0,2.3,-0.6,0.0,0.6
2025-11-18,129890,970.0,2.17,-0.3,0.0,0.3
2025-11-19,129890,970.0,2.1,0.1,-0.0,-0.1
2025-11-20,129890,981.0,2.12,0.3,0.0,-0.3
2025-11-21,129890,966.0,2.19,0.2,0.0,-0.2
2025-11-24,129890,958.0,2.24,0.0,0.0,-0.0
2025-11-25,129890,965.0,2.23,0.0,0.0,-0.0
2025-11-26,129890,984.0,2.24,0.3,-0.0,-0.3
2025-11-27,129890,1003.0,2.3,0.4,0.0,-0.4
2025-11-28,129890,1058.0,2.39,2.3,-0.0,-2.3
2025-12-01,129890,1260.0,2.87,-10.1,1.6,12.8
2025-12-02,129890,1290.0,1.17,-1.3,-0.0,1.6
2025-12-03,129890,1291.0,1.02,4.1,0.0,-3.8
2025-12-04,129890,1281.0,1.64,-3.0,0.6,2.5
2025-12-05,129890,1262.0,1.36,1.5,0.0,-1.5
2025-12-08,129890,1305.0,1.62,6.1,-0.0,-6.1
2025-12-09,129890,1303.0,2.66,-0.7,-0.0,0.8
2025-12-10,129890,1296.0,2.54,2.7,-0.0,-2.7
2025-12-11,129890,1312.0,2.99,3.4,-0.0,-3.3
2025-12-12,129890,1308.0,3.54,-1.2,0.0,1.0
2025-12-15,129890,1317.0,3.34,1.8,0.0,-1.8
2025-12-16,129890,1310.0,3.64,-0.1,-0.0,0.1
2025-12-17,129890,1306.0,4.06,0.2,5.2,-0.2
2025-12-18,129890,1309.0,3.59,-0.5,-0.0,0.5
2025-12-19,129890,1327.0,3.51,1.6,0.0,-1.6
2025-12-22,129890,1325.0,3.78,0.4,0.1,-0.5
2025-12-23,129890,1282.0,3.84,-2.9,0.0,2.8
2025-12-24,129890,1264.0,3.02,3.4,0.0,-3.4
2025-12-26,129890,1292.0,3.61,-1.5,-0.1,1.6
2025-12-29,129890,1088.0,3.33,-1.3,-0.0,2.9
2025-12-30,129890,1070.0,3.07,0.9,0.0,-0.8
2026-01-02,129890,1065.0,2.95,1.5,0.0,-1.5
2026-01-05,129890,1049.0,3.59,1.3,-0.2,-1.1
2026-01-06,129890,1040.0,3.87,0.1,-0.1,0.0
2026-01-07,129890,1028.0,3.88,1.5,0.0,-1.5
2026-01-08,129890,1006.0,4.2,-0.2,-0.2,0.5
2026-01-09,129890,996.0,4.17,0.4,0.0,-0.4
2026-01-12,129890,1010.0,4.25,0.2,0.0,-0.2
2026-01-13,129890,991.0,4.29,-1.2,0.0,1.2
2026-01-14,129890,992.0,4.09,0.1,0.0,-0.2
2026-01-15,129890,984.0,4.12,0.3,0.0,-0.3
2026-01-16,129890,957.0,4.18,-0.4,0.0,0.4
2026-01-19,129890,952.0,4.1,0.0,-0.1,0.0
2026-01-20,129890,953.0,4.11,0.7,0.0,-0.7
2026-01-21,129890,948.0,4.27,-1.1,0.0,1.0
2026-01-22,129890,937.0,4.02,-3.9,0.0,3.7
2026-01-23,129890,924.0,3.2,-0.2,-0.0,0.3
2026-01-26,129890,937.0,3.15,0.4,0.0,-0.4
2026-01-27,129890,955.0,3.39,-0.1,0.0,0.1
2026-01-28,129890,926.0,3.37,-0.4,0.0,0.4
2026-01-29,129890,923.0,3.29,-0.1,0.0,0.1
2026-01-30,129890,909.0,3.27,-0.5,0.0,0.5
2026-02-02,129890,896.0,3.31,-0.3,0.0,0.3
2026-02-03,129890,908.0,3.25,-0.1,-0.0,0.1
2026-02-04,129890,932.0,3.23,0.7,0.0,-0.8
2026-02-05,129890,910.0,3.4,-0.5,0.0,0.5
2026-02-06,129890,912.0,3.27,-0.4,0.0,0.4
2026-02-09,129890,913.0,3.16,-0.2,0.0,0.2
2026-02-10,129890,922.0,3.12,0.3,0.0,-0.4
2026-02-11,129890,936.0,3.2,0.2,0.0,-0.2
2026-02-12,129890,950.0,3.25,-0.1,0.0,0.2
2026-02-13,129890,934.0,3.22,-0.4,0.0,0.4
2026-02-19,129890,945.0,3.12,0.5,-0.0,-0.5
2026-02-20,129890,950.0,3.24,0.1,-0.0,-0.1
2026-02-23,129890,948.0,3.26,-0.0,0.0,0.0
2026-02-24,129890,1015.0,3.18,0.2,0.0,-0.2
2026-02-25,129890,984.0,3.24,-0.1,-0.0,0.1
2026-02-26,129890,958.0,3.22,-0.4,0.0,0.4
2026-02-27,129890,941.0,3.12,-0.5,0.0,0.5
2026-03-03,129890,904.0,3.01,0.5,0.0,-0.5
2026-03-04,129890,835.0,3.2,-0.3,0.0,0.3
2026-03-05,129890,923.0,3.15,1.0,0.1,-1.2
2026-03-06,129890,907.0,3.42,0.1,0.5,-0.6
2026-03-09,129890,880.0,3.47,-0.3,0.2,0.2
2026-03-10,129890,919.0,3.38,0.0,0.0,-0.1
2026-03-11,129890,937.0,3.08,-0.0,0.1,-0.0
2026-03-12,129890,937.0,3.07,0.2,0.0,-0.2
2026-03-13,129890,935.0,3.11,0.0,-0.1,-0.1
2026-03-16,129890,928.0,3.11,-0.2,-0.0,0.2
2026-03-17,129890,932.0,3.07,0.0,0.0,-0.0
2026-03-18,129890,918.0,3.07,-0.0,0.0,-0.0
2026-03-19,129890,935.0,3.07,0.4,,-0.4
2026-03-20,129890,942.0,3.18,0.4,0.0,-0.4
2026-03-23,129890,926.0,3.27,-0.1,0.1,-0.0
2026-03-24,129890,938.0,3.25,0.1,-0.0,-0.1
2026-03-25,129890,963.0,3.27,0.8,0.2,-1.1
2026-03-26,129890,950.0,3.45,-0.1,0.0,0.1
2026-03-27,129890,960.0,3.43,0.0,0.0,-0.0
2026-03-30,129890,956.0,3.44,-0.0,0.0,0.0
2026-03-31,129890,922.0,3.43,-0.3,-0.2,0.5
2026-04-01,129890,949.0,3.36,-0.0,0.0,-0.0
2026-04-02,129890,918.0,3.36,-0.4,,0.4
2026-04-03,129890,927.0,3.27,-0.2,,0.2
2026-04-06,129890,914.0,3.23,-0.2,0.0,0.2
2026-04-07,129890,921.0,3.19,0.1,0.0,-0.1
2026-04-08,129890,1003.0,3.21,1.1,0.0,-1.1
2026-04-09,129890,1030.0,3.46,-2.8,-0.0,2.8
2026-04-10,129890,1042.0,2.88,0.1,0.1,-0.2
2026-04-13,129890,1057.0,2.9,0.0,0.0,-0.0
2026-04-14,129890,1098.0,2.9,1.1,0.1,-1.3
2026-04-15,129890,1072.0,3.12,-0.3,,-0.5
2026-04-16,129890,1094.0,3.05,0.7,0.1,-1.3
2026-04-17,129890,1136.0,3.19,0.5,-0.0,-1.6
2026-04-20,129890,1129.0,3.29,-1.2,0.0,1.4
2026-04-21,129890,1128.0,3.06,-0.2,0.0,0.2
2026-04-22,129890,1117.0,3.01,-0.3,0.0,0.4
2026-04-23,129890,1098.0,2.95,-0.0,-0.0,-0.0
2026-04-24,129890,1109.0,2.95,-0.4,,0.1
2026-04-27,129890,1132.0,2.88,0.6,0.0,-0.6
2026-04-28,129890,1103.0,2.99,-0.6,-0.0,0.7
2026-04-29,129890,1104.0,2.86,-0.1,0.0,0.1
2026-04-30,129890,1099.0,2.84,0.3,-0.0,-0.3
2026-05-04,129890,1081.0,2.9,-0.1,-0.2,0.4
2026-05-06,129890,1032.0,2.88,-0.2,-0.0,0.2
2026-05-07,129890,1015.0,2.83,0.6,-0.0,-0.6
2026-05-08,129890,1047.0,2.95,0.3,-0.0,-0.4
2026-05-11,129890,1038.0,3.01,-0.2,0.0,0.3
2026-05-12,129890,1021.0,2.99,-0.2,0.0,0.3
2026-05-13,129890,1006.0,2.83,0.0,0.0,-0.0
2026-05-14,129890,1017.0,2.83,0.4,-0.0,-0.4
2026-05-15,129890,1000.0,2.92,0.4,0.0,0.6
2026-05-18,129890,996.0,3.01,0.3,-0.0,-0.3
2026-05-19,129890,991.0,3.07,-0.0,-0.0,0.0
2026-05-20,129890,960.0,3.07,-0.1,-0.0,0.1
2026-05-21,129890,981.0,3.16,-0.6,-0.0,0.5
2026-05-22,129890,997.0,3.03,-0.1,,0.1
2026-05-26,129890,970.0,3.01,-0.1,0.0,0.6
2026-05-27,129890,934.0,2.98,-0.5,-0.0,0.6
2026-05-28,129890,924.0,2.86,-0.1,,0.1
2026-05-29,129890,970.0,2.85,-2.0,0.0,2.0
2026-06-01,129890,976.0,2.42,-0.0,-0.0,0.0
2026-06-02,129890,978.0,2.42,0.6,0.0,-0.6
2026-06-04,129890,1015.0,2.55,-0.8,-0.0,0.7
2026-06-05,129890,987.0,2.36,0.5,0.0,-0.4
2026-06-08,129890,948.0,2.46,-0.3,-0.0,0.4
2026-06-09,129890,988.0,2.38,0.3,-0.0,-0.3
2026-06-10,129890,961.0,2.45,-0.2,0.0,0.2
2026-06-11,129890,957.0,2.4,0.0,-0.0,-0.0
2026-06-12,129890,970.0,2.4,-0.1,0.0,0.1
2026-06-15,129890,971.0,2.38,-0.5,0.0,0.5
2026-06-16,129890,964.0,2.26,-0.1,0.0,0.1
2026-06-17,129890,957.0,2.25,-0.2,0.0,0.2
2026-06-18,129890,938.0,2.21,0.4,-0.0,-0.4
2026-06-19,129890,930.0,2.31,-0.6,0.0,0.6
2026-06-22,129890,901.0,2.17,-0.1,-0.0,0.1
2026-06-23,129890,851.0,2.17,0.2,0.0,-0.2
2026-06-24,129890,890.0,2.24,-0.2,-0.0,0.2
2026-06-25,129890,877.0,2.19,-0.7,0.0,0.6
2026-06-26,129890,933.0,2.05,-2.1,0.0,2.1
2026-06-29,129890,917.0,1.67,0.6,-0.0,-0.7
2026-06-30,129890,906.0,1.94,-0.3,0.0,0.4
2026-07-01,129890,900.0,1.86,0.9,0.0,-0.8
2026-07-02,129890,894.0,2.08,0.3,-0.0,-0.4
2026-07-03,129890,918.0,2.18,0.3,-0.0,-0.2
2026-07-06,129890,920.0,2.24,0.7,0.0,0.2
2026-07-07,129890,900.0,2.4,0.1,-0.0,-0.0
2026-07-08,129890,881.0,2.41,-0.0,0.0,0.0
2026-07-09,129890,882.0,2.4,0.2,0.0,-0.2
2026-07-10,129890,904.0,2.44,0.1,-0.0,-0.1
2026-07-13,129890,896.0,2.47,0.2,-0.0,-0.2
2026-07-14,129890,908.0,2.54,0.4,,-0.4
2026-07-15,129890,940.0,2.62,0.6,0.4,-0.9
2026-07-16,129890,939.0,2.75,0.0,0.2,-0.2
2025-07-14,129920,4960.0,2.09,1.1,0.0,-0.9
2025-07-15,129920,5150.0,2.29,1.0,-0.7,-0.2
2025-07-16,129920,5070.0,2.47,-1.0,,1.0
2025-07-17,129920,4940.0,2.34,0.3,,-0.5
2025-07-18,129920,4855.0,2.38,0.3,,-0.3
2025-07-21,129920,4880.0,2.45,-0.1,,0.1
2025-07-22,129920,4800.0,2.43,-0.1,,0.2
2025-07-23,129920,4785.0,2.41,0.4,,-0.3
2025-07-24,129920,4595.0,2.46,0.0,,-0.2
2025-07-25,129920,4570.0,2.46,0.2,,0.2
2025-07-28,129920,4585.0,2.49,-0.0,,0.0
2025-07-29,129920,4540.0,2.49,0.2,,-0.2
2025-07-30,129920,4485.0,2.52,-0.1,,0.1
2025-07-31,129920,4475.0,2.5,0.1,,-0.1
2025-08-01,129920,4270.0,2.52,-0.2,,0.2
2025-08-04,129920,4450.0,2.49,0.5,,-0.5
2025-08-05,129920,4450.0,2.57,-0.1,,0.0
2025-08-06,129920,4500.0,2.56,0.1,,-0.1
2025-08-07,129920,4570.0,2.59,0.3,,-0.3
2025-08-08,129920,4600.0,2.64,-0.2,,0.2
2025-08-11,129920,4570.0,2.61,0.1,,-0.1
2025-08-12,129920,4505.0,2.63,-0.1,,0.1
2025-08-13,129920,4430.0,2.6,-0.0,0.0,0.0
2025-08-14,129920,4535.0,2.6,0.1,,-0.1
2025-08-18,129920,4380.0,2.62,0.1,,-0.1
2025-08-19,129920,4345.0,2.64,-0.1,,0.1
2025-08-20,129920,4260.0,2.63,0.4,,-0.4
2025-08-21,129920,4340.0,2.7,0.0,,0.0
2025-08-22,129920,4300.0,2.7,0.0,-0.1,0.1
2025-08-25,129920,4305.0,2.71,0.0,,-0.0
2025-08-26,129920,4340.0,2.72,-0.2,,0.3
2025-08-27,129920,4425.0,2.68,-0.1,,0.1
2025-08-28,129920,4385.0,2.67,-0.0,,0.1
2025-08-29,129920,4330.0,2.66,-0.0,,0.0
2025-09-01,129920,4345.0,2.66,-0.4,,0.4
2025-09-02,129920,4300.0,2.59,0.5,,-0.5
2025-09-03,129920,4285.0,2.67,0.1,,-0.1
2025-09-04,129920,4310.0,2.68,0.3,,-0.3
2025-09-05,129920,4485.0,2.73,0.2,,-0.2
2025-09-08,129920,4420.0,2.76,-0.3,,0.3
2025-09-09,129920,4455.0,2.71,0.0,,-0.0
2025-09-10,129920,4540.0,2.72,0.3,,-0.2
2025-09-11,129920,4495.0,2.76,0.6,,-0.7
2025-09-12,129920,4500.0,2.87,-0.3,,0.3
2025-09-15,129920,4435.0,2.82,0.2,,-0.2
2025-09-16,129920,4395.0,2.84,-0.1,,0.2
2025-09-17,129920,4390.0,2.82,0.1,,-0.0
2025-09-18,129920,4355.0,2.83,-0.3,,0.3
2025-09-19,129920,4290.0,2.79,-0.7,,0.7
2025-09-22,129920,4265.0,2.67,-0.1,,0.2
2025-09-23,129920,4155.0,2.65,-0.8,,0.8
2025-09-24,129920,4190.0,2.51,-0.1,,0.0
2025-09-25,129920,4120.0,2.49,-0.3,,0.3
2025-09-26,129920,3970.0,2.44,1.1,,-1.1
2025-09-29,129920,4095.0,2.65,0.1,,-0.1
2025-09-30,129920,3935.0,2.68,0.4,,-0.4
2025-10-01,129920,3915.0,2.75,0.0,,-0.0
2025-10-02,129920,4015.0,2.76,-0.4,,0.4
2025-10-10,129920,3925.0,2.69,-0.6,,0.6
2025-10-13,129920,4080.0,2.57,0.2,,-0.2
2025-10-14,129920,4000.0,2.61,-0.5,,0.5
2025-10-15,129920,4140.0,2.52,0.1,,-0.1
2025-10-16,129920,4030.0,2.54,-0.4,,0.3
2025-10-17,129920,3930.0,2.48,0.1,,-0.1
2025-10-20,129920,3995.0,2.49,-0.4,,0.4
2025-10-21,129920,3965.0,2.42,-0.1,,0.1
2025-10-22,129920,4050.0,2.39,0.1,,-0.2
2025-10-23,129920,4000.0,2.42,0.0,,-0.0
2025-10-24,129920,4000.0,2.43,0.0,,-0.0
2025-10-27,129920,3955.0,2.43,0.2,-0.0,-0.2
2025-10-28,129920,3925.0,2.47,-0.1,,0.1
2025-10-29,129920,3855.0,2.46,0.3,-0.1,-0.2
2025-10-30,129920,3870.0,2.51,-0.1,,0.1
2025-10-31,129920,3860.0,2.49,-0.1,,0.1
2025-11-03,129920,3735.0,2.46,-0.8,,0.8
2025-11-04,129920,3755.0,2.3,0.2,,-0.2
2025-11-05,129920,3650.0,2.35,0.1,,-0.1
2025-11-06,129920,3640.0,2.37,0.1,,-0.1
2025-11-07,129920,3545.0,2.39,-0.0,,0.1
2025-11-10,129920,3635.0,2.39,0.4,,-0.3
2025-11-11,129920,3695.0,2.4,-0.0,,0.0
2025-11-12,129920,3765.0,2.4,0.1,,-0.1
2025-11-13,129920,3770.0,2.41,-0.1,,0.1
2025-11-14,129920,3780.0,2.39,-0.1,,0.1
2025-11-17,129920,3775.0,2.38,-0.1,,0.1
2025-11-18,129920,3710.0,2.36,-0.2,,0.2
2025-11-19,129920,3600.0,2.32,0.2,,-0.2
2025-11-20,129920,3625.0,2.35,0.4,,-0.3
2025-11-21,129920,3585.0,2.43,-0.1,,0.1
2025-11-24,129920,3515.0,2.41,0.5,,-0.4
2025-11-25,129920,3505.0,2.52,-0.0,,0.0
2025-11-26,129920,3495.0,2.51,0.1,,-0.1
2025-11-27,129920,3520.0,2.54,0.0,,-0.0
2025-11-28,129920,3675.0,2.54,0.2,,-0.2
2025-12-01,129920,3730.0,2.58,-0.1,,0.1
2025-12-02,129920,3705.0,2.56,-0.0,,0.0
2025-12-03,129920,3715.0,2.55,0.1,,-0.1
2025-12-04,129920,3740.0,2.57,0.0,,-0.0
2025-12-05,129920,3805.0,2.57,0.1,,-0.2
2025-12-08,129920,4360.0,2.6,-2.2,,2.1
2025-12-09,129920,4130.0,2.28,0.0,,0.0
2025-12-10,129920,4090.0,2.29,1.2,,-1.2
2025-12-11,129920,4155.0,2.51,0.1,,-0.1
2025-12-12,129920,4020.0,2.54,0.1,,-0.2
2025-12-15,129920,4080.0,2.56,0.5,,-0.4
2025-12-16,129920,3990.0,2.64,-0.7,,0.7
2025-12-17,129920,3935.0,2.52,0.3,,-0.3
2025-12-18,129920,3955.0,2.57,-0.2,,0.2
2025-12-19,129920,3930.0,2.54,0.2,,-0.2
2025-12-22,129920,4010.0,2.58,-0.0,,0.0
2025-12-23,129920,3930.0,2.58,-0.2,,0.2
2025-12-24,129920,3930.0,2.54,0.0,,-0.0
2025-12-26,129920,3965.0,2.56,0.0,,-0.0
2025-12-29,129920,3980.0,2.57,0.3,,-0.3
2025-12-30,129920,3975.0,2.62,0.2,,-0.2
2026-01-02,129920,4025.0,2.67,0.5,,-0.5
2026-01-05,129920,4080.0,2.75,-0.2,,0.2
2026-01-06,129920,3985.0,2.71,-0.3,,0.3
2026-01-07,129920,3900.0,2.67,-0.5,,0.5
2026-01-08,129920,3870.0,2.57,-0.1,,0.1
2026-01-09,129920,4070.0,2.56,0.5,,-0.5
2026-01-12,129920,4080.0,2.65,0.5,,-0.5
2026-01-13,129920,4040.0,2.79,0.3,,-0.3
2026-01-14,129920,4025.0,2.85,-0.2,,0.2
2026-01-15,129920,4130.0,2.81,0.1,,-0.1
2026-01-16,129920,4070.0,2.83,-0.4,,0.4
2026-01-19,129920,4675.0,2.76,3.3,,-3.5
2026-01-20,129920,4615.0,3.28,-2.1,,2.2
2026-01-21,129920,4495.0,2.98,-0.5,,0.5
2026-01-22,129920,4360.0,2.89,0.0,,0.0
2026-01-23,129920,4365.0,2.91,0.4,,-0.4
2026-01-26,129920,5670.0,2.98,-0.6,-0.0,0.4
2026-01-27,129920,5220.0,2.9,-7.6,,7.6
2026-01-28,129920,5100.0,1.87,-2.2,,2.2
2026-01-29,129920,4975.0,1.59,-0.4,0.3,0.1
2026-01-30,129920,4970.0,1.53,-0.8,-0.3,1.1
2026-02-02,129920,4835.0,1.42,0.8,,-0.8
2026-02-03,129920,5050.0,1.51,0.9,,-1.9
2026-02-04,129920,5170.0,1.64,0.5,,-1.0
2026-02-05,129920,5190.0,1.72,2.0,0.1,-3.9
2026-02-06,129920,5230.0,2.01,2.6,0.0,-4.3
2026-02-09,129920,5270.0,2.37,-0.6,0.0,-1.1
2026-02-10,129920,5500.0,2.29,1.5,,-1.2
2026-02-11,129920,5150.0,2.51,-0.3,-0.1,0.3
2026-02-12,129920,5200.0,2.47,1.1,0.0,-1.5
2026-02-13,129920,5420.0,2.62,4.2,0.4,-4.6
2026-02-19,129920,6360.0,3.2,14.7,-0.1,-13.0
2026-02-20,129920,7240.0,4.97,14.6,-1.3,-16.5
2026-02-23,129920,7690.0,6.51,-2.9,0.1,-1.6
2026-02-24,129920,7850.0,6.13,0.0,0.1,-0.3
2026-02-25,129920,7870.0,6.15,-0.2,,-0.9
2026-02-26,129920,8110.0,6.06,1.6,,-1.2
2026-02-27,129920,7360.0,6.16,-3.2,0.2,2.9
2026-03-03,129920,7330.0,5.83,-18.5,-0.7,15.3
2026-03-04,129920,6000.0,4.15,15.5,,-14.6
2026-03-05,129920,6850.0,5.95,1.1,,-0.9
2026-03-06,129920,6980.0,6.06,-2.6,0.1,2.0
2026-03-09,129920,6840.0,5.79,-1.7,0.1,1.7
2026-03-10,129920,7980.0,5.6,9.2,-0.2,-6.3
2026-03-11,129920,7920.0,6.47,-1.4,,1.7
2026-03-12,129920,9650.0,6.35,-5.2,-0.1,5.2
2026-03-13,129920,9660.0,5.91,-7.6,-0.2,8.2
2026-03-16,129920,11190.0,5.35,-1.6,,6.6
2026-03-17,129920,11050.0,5.27,-4.0,,1.6
2026-03-18,129920,10500.0,5.02,-0.8,,-0.3
2026-03-19,129920,10750.0,4.92,-0.5,,1.2
2026-03-20,129920,9980.0,4.89,1.2,,-1.6
2026-03-23,129920,9330.0,4.97,9.8,,-9.7
2026-03-24,129920,11520.0,5.74,-5.1,11.0,10.2
2026-03-25,129920,13560.0,5.4,-10.4,5.1,-1.9
2026-03-26,129920,13320.0,4.83,-2.2,2.6,-0.6
2026-03-27,129920,14370.0,4.72,3.2,5.0,-9.2
2026-03-30,129920,12630.0,4.85,-2.1,-6.9,15.6
2026-03-31,129920,13010.0,4.72,-1.8,-5.1,6.9
2026-04-01,129920,14700.0,4.63,0.5,0.0,26.6
2026-04-02,129920,14360.0,4.64,-0.6,-0.2,1.5
2026-04-03,129920,14220.0,4.55,-0.8,0.6,1.8
2026-04-06,129920,12990.0,4.51,1.5,-5.8,4.3
2026-04-07,129920,11400.0,4.64,4.7,5.3,-7.1
2026-04-08,129920,10430.0,4.94,1.6,-0.6,-0.3
2026-04-09,129920,10410.0,4.7,3.2,3.3,-4.6
2026-04-10,129920,11000.0,4.93,-0.3,1.2,1.9
2026-04-13,129920,11550.0,4.93,2.6,10.8,-13.8
2026-04-14,129920,11600.0,5.09,-8.1,7.9,0.2
2026-04-15,129920,11410.0,4.68,-5.6,6.2,-0.6
2026-04-16,129920,13000.0,4.33,1.7,6.1,-5.1
2026-04-17,129920,12560.0,4.08,-16.2,2.8,14.6
2026-04-20,129920,13100.0,3.21,-3.2,1.8,1.4
2026-04-21,129920,11690.0,3.12,-17.6,1.7,16.8
2026-04-22,129920,12170.0,2.1,-2.1,-0.3,3.0
2026-04-23,129920,11390.0,2.04,9.1,2.8,-11.2
2026-04-24,129920,11250.0,2.63,4.4,-0.0,-4.6
2026-04-27,129920,11340.0,2.95,2.4,-0.0,-1.7
2026-04-28,129920,11530.0,3.11,-3.6,-0.0,3.8
2026-04-29,129920,10800.0,2.88,-9.2,-1.2,11.1
2026-04-30,129920,10640.0,2.26,5.1,-1.0,-0.3
2026-05-04,129920,10600.0,2.65,0.1,-0.1,-0.2
2026-05-06,129920,8790.0,2.67,26.2,-70.6,72.9
2026-05-07,129920,9400.0,4.84,43.7,-57.9,16.3
2026-05-08,129920,9480.0,6.93,3.0,-13.6,10.0
2026-05-11,129920,10740.0,7.46,4.5,-3.8,-0.3
2026-05-12,129920,9830.0,7.98,-3.2,-4.1,6.5
2026-05-13,129920,10740.0,7.79,4.1,-6.2,1.0
2026-05-14,129920,10540.0,8.01,-11.2,5.0,5.6
2026-05-15,129920,10760.0,7.36,10.1,-1.0,-9.1
2026-05-18,129920,9200.0,7.91,2.8,-9.4,7.9
2026-05-19,129920,9060.0,8.07,6.4,-8.9,1.9
2026-05-20,129920,8770.0,8.52,-0.4,-0.2,0.6
2026-05-21,129920,8710.0,8.5,-1.3,-3.3,5.1
2026-05-22,129920,9320.0,8.41,3.5,-2.3,-2.0
2026-05-26,129920,8830.0,8.65,-12.9,-0.2,15.3
2026-05-27,129920,8000.0,7.78,-0.6,-0.5,1.3
2026-05-28,129920,7580.0,7.74,5.8,-0.0,-5.7
2026-05-29,129920,7360.0,8.2,4.5,-5.1,0.1
2026-06-01,129920,7060.0,8.58,0.5,-0.2,-0.4
2026-06-02,129920,6900.0,8.62,1.1,0.7,-1.8
2026-06-04,129920,7240.0,8.73,-1.1,0.8,0.3
2026-06-05,129920,6750.0,8.57,1.5,-0.2,-1.2
2026-06-08,129920,6010.0,8.67,11.8,-1.1,-10.7
2026-06-09,129920,5780.0,9.87,13.6,-1.3,-12.3
2026-06-10,129920,5990.0,11.29,-6.4,0.5,5.9
2026-06-11,129920,5760.0,10.63,0.7,-0.6,-0.0
2026-06-12,129920,5630.0,10.71,-1.5,-0.1,1.7
2026-06-15,129920,5710.0,10.55,-2.2,-0.1,2.2
2026-06-16,129920,6670.0,10.31,-14.6,6.3,7.8
2026-06-17,129920,6360.0,9.0,1.5,1.9,-3.4
2026-06-18,129920,6090.0,9.15,-3.5,-0.9,4.2
2026-06-19,129920,5700.0,8.8,-0.9,-0.5,1.4
2026-06-22,129920,5520.0,8.72,0.2,-0.0,-0.2
2026-06-23,129920,4915.0,8.75,0.4,-0.5,0.3
2026-06-24,129920,4965.0,8.8,-0.6,-0.1,0.6
2026-06-25,129920,4580.0,8.7,1.1,-0.0,-1.0
2026-06-26,129920,4190.0,8.84,3.2,-0.0,-3.2
2026-06-29,129920,4885.0,9.29,4.4,0.0,-4.4
2026-06-30,129920,4995.0,9.91,-1.7,-0.0,1.6
2026-07-01,129920,5000.0,9.68,-0.0,0.2,-0.6
2026-07-02,129920,4895.0,9.68,0.1,0.0,0.2
2026-07-03,129920,4970.0,9.69,-0.9,-0.0,1.0
2026-07-06,129920,4735.0,9.58,-0.6,-0.0,0.9
2026-07-07,129920,4685.0,9.5,-0.8,-0.2,1.0
2026-07-08,129920,4250.0,9.39,-0.7,-0.0,0.7
2026-07-09,129920,4225.0,9.3,1.5,-0.0,-1.5
2026-07-10,129920,4400.0,9.52,1.1,-0.0,-1.1
2026-07-13,129920,4120.0,9.67,-0.8,0.0,0.8
2026-07-14,129920,3950.0,9.58,0.6,0.5,-1.1
2026-07-15,129920,4355.0,9.67,1.5,0.0,-1.6
2026-07-16,129920,3980.0,9.9,-0.9,-0.9,1.8
